user_id,user_type,age,price_sensitivity,session_frequency,location,signup_date,experiment_group
U00000,fashion_shopper,49,0.12820371460905364,23,Oklahoma,2024-10-24,variant_a
U00001,hybrid,53,0.196043474681538,6,Idaho,2023-10-22,variant_b
U00002,electronics_buyer,54,0.594997736938622,5,New York,2024-04-09,variant_b
U00003,electronics_buyer,31,0.6322666716090225,27,Texas,2024-09-02,variant_a
U00004,fashion_shopper,44,0.12608823708438227,5,Missouri,2024-01-30,control
U00005,fashion_shopper,36,0.6160391092014026,17,Iowa,2024-05-25,control
U00006,fashion_shopper,48,0.8546522727912733,6,Alaska,2024-01-03,control
U00007,hybrid,63,0.7500845595645586,13,New Mexico,2024-08-10,variant_b
U00008,electronics_buyer,26,0.21806659352871877,9,Delaware,2026-01-04,variant_a
U00009,electronics_buyer,55,0.6332271828072534,24,Arizona,2024-09-10,variant_b
U00010,fashion_shopper,34,0.7050272500667921,12,Tennessee,2023-06-26,control
U00011,hybrid,36,0.13350808157706262,10,Washington,2024-06-09,variant_b
U00012,hybrid,61,0.8698129018152604,1,Nebraska,2024-01-06,variant_b
U00013,fashion_shopper,21,0.9156406575608471,11,Mississippi,2024-10-02,control
U00014,fashion_shopper,28,0.8654070460260327,29,North Carolina,2025-04-09,control
U00015,fashion_shopper,39,0.8421683211902019,6,Vermont,2025-01-04,control
U00016,fashion_shopper,21,0.770468678614804,3,Virginia,2026-04-30,control
U00017,electronics_buyer,34,0.6700888281537641,6,Alaska,2026-01-10,variant_a
U00018,fashion_shopper,25,0.7107643044894267,9,Indiana,2025-11-23,variant_a
U00019,fashion_shopper,63,0.8257557640014848,22,Mississippi,2026-03-20,control
U00020,electronics_buyer,51,0.6962486125251741,8,Arizona,2026-01-13,variant_a
U00021,fashion_shopper,28,0.3949542610138639,15,Mississippi,2024-03-01,control
U00022,fashion_shopper,48,0.4383649919452185,22,Washington,2023-10-01,control
U00023,fashion_shopper,28,0.9073517215350629,6,Connecticut,2024-04-04,variant_a
U00024,electronics_buyer,55,0.11540987721744572,23,Michigan,2026-05-10,variant_a
U00025,electronics_buyer,38,0.7289385231198539,11,Wisconsin,2026-02-24,variant_b
U00026,fashion_shopper,63,0.9592997971826939,29,Wyoming,2024-11-08,control
U00027,electronics_buyer,47,0.7356053529621763,10,Pennsylvania,2024-03-09,variant_a
U00028,electronics_buyer,27,0.9945207894086039,11,Idaho,2024-05-14,variant_a
U00029,fashion_shopper,43,0.7187904149754977,4,West Virginia,2025-02-09,control
U00030,electronics_buyer,44,0.13092672629517496,29,Illinois,2024-06-04,variant_a
U00031,fashion_shopper,25,0.8443088934822313,13,Massachusetts,2024-06-20,control
U00032,fashion_shopper,56,0.35616692074538714,8,Hawaii,2024-01-10,control
U00033,hybrid,25,0.5014515030979969,20,Washington,2024-10-29,variant_b
U00034,hybrid,25,0.38088272431637393,15,New York,2023-12-07,variant_b
U00035,hybrid,51,0.3416986955887115,7,Alabama,2024-08-15,variant_b
U00036,fashion_shopper,33,0.48826513330280685,1,North Carolina,2025-04-01,control
U00037,fashion_shopper,58,0.44087630359660646,28,Montana,2025-03-30,control
U00038,electronics_buyer,30,0.6700047236583304,25,Ohio,2025-09-29,variant_b
U00039,fashion_shopper,40,0.8318360808887595,26,North Dakota,2026-04-08,variant_a
U00040,fashion_shopper,29,0.36737978786851666,9,South Dakota,2025-08-02,control
U00041,electronics_buyer,44,0.29234903753981567,23,Pennsylvania,2025-07-11,variant_a
U00042,fashion_shopper,39,0.700205743783308,8,Montana,2024-07-08,control
U00043,hybrid,49,0.7032880592477034,2,Delaware,2026-01-21,variant_b
U00044,fashion_shopper,44,0.9110181153575546,26,Washington,2024-12-28,control
U00045,electronics_buyer,19,0.11435111780797977,14,Texas,2024-12-21,variant_a
U00046,fashion_shopper,62,0.867736595904859,12,Kentucky,2025-04-02,control
U00047,electronics_buyer,50,0.5689019556535213,26,Tennessee,2024-12-28,variant_a
U00048,electronics_buyer,43,0.6591718802548889,23,Texas,2024-09-04,variant_a
U00049,fashion_shopper,45,0.18223429650527329,17,Florida,2023-08-06,control
U00050,hybrid,36,0.4893534395848411,19,Hawaii,2024-06-13,variant_b
U00051,electronics_buyer,60,0.30457216651467145,6,Colorado,2023-07-26,variant_b
U00052,hybrid,22,0.32880252707425817,21,Minnesota,2023-07-01,variant_b
U00053,hybrid,50,0.5536856032084246,5,Minnesota,2024-11-20,variant_b
U00054,electronics_buyer,37,0.8312103553628011,25,Arizona,2025-03-18,variant_a
U00055,hybrid,47,0.7694028371303705,6,Mississippi,2024-02-01,variant_b
U00056,fashion_shopper,62,0.6318999631773584,3,Oklahoma,2024-06-12,control
U00057,fashion_shopper,25,0.5854763734781203,16,Missouri,2025-05-27,control
U00058,fashion_shopper,55,0.48457543891104093,18,Colorado,2025-09-22,control
U00059,fashion_shopper,34,0.9754389762052477,14,Maryland,2026-01-14,control
U00060,fashion_shopper,61,0.6041732988108099,25,Ohio,2024-01-20,variant_a
U00061,fashion_shopper,18,0.3285697584809999,15,North Carolina,2024-04-09,control
U00062,hybrid,20,0.30708171283603564,26,North Dakota,2025-06-28,variant_b
U00063,fashion_shopper,63,0.6502177276976276,4,Idaho,2024-04-16,variant_a
U00064,fashion_shopper,43,0.5705447745798359,11,West Virginia,2026-05-13,control
U00065,electronics_buyer,48,0.1069280226592415,5,Nebraska,2025-12-18,variant_a
U00066,fashion_shopper,25,0.8470588349762014,9,Utah,2026-03-18,control
U00067,hybrid,60,0.7337101188091911,5,Montana,2025-03-24,variant_b
U00068,fashion_shopper,63,0.6956463607102932,7,Maryland,2024-02-14,control
U00069,hybrid,25,0.16190259192789308,18,Connecticut,2026-01-23,variant_b
U00070,electronics_buyer,52,0.42585026515524227,18,Missouri,2023-05-23,variant_b
U00071,fashion_shopper,56,0.9418440346595076,20,Arizona,2023-10-22,control
U00072,fashion_shopper,45,0.8763303172072273,24,Minnesota,2024-02-17,control
U00073,hybrid,21,0.35698864408258013,2,Hawaii,2024-06-24,variant_b
U00074,electronics_buyer,33,0.24135299568922486,26,Michigan,2025-07-04,variant_b
U00075,electronics_buyer,30,0.5041791614517194,23,Iowa,2026-04-29,variant_b
U00076,electronics_buyer,37,0.42024734080089476,13,South Carolina,2023-08-12,variant_b
U00077,fashion_shopper,22,0.7140037390353919,13,Louisiana,2026-05-18,control
U00078,fashion_shopper,54,0.9697913290758877,17,Kansas,2024-11-03,variant_a
U00079,fashion_shopper,37,0.42670130498430536,25,Louisiana,2024-10-04,control
U00080,hybrid,41,0.15600175538701783,26,Arizona,2025-07-29,variant_b
U00081,electronics_buyer,53,0.9078526075081467,22,New York,2023-12-21,variant_a
U00082,fashion_shopper,51,0.13415475721588374,27,Alaska,2024-03-14,control
U00083,fashion_shopper,62,0.9574893074379998,17,Arkansas,2024-12-13,control
U00084,fashion_shopper,51,0.6981214852081358,26,Oklahoma,2024-08-09,control
U00085,fashion_shopper,36,0.9475202875977542,6,Connecticut,2024-11-01,control
U00086,electronics_buyer,34,0.27969371798408044,14,Ohio,2026-05-18,variant_b
U00087,electronics_buyer,22,0.13662981572842686,21,West Virginia,2025-06-23,variant_a
U00088,hybrid,42,0.5393889804488426,14,Oregon,2026-03-10,variant_b
U00089,electronics_buyer,35,0.5055610731131127,12,Rhode Island,2024-04-02,variant_a
U00090,fashion_shopper,25,0.3983430459293946,5,Arkansas,2025-01-11,control
U00091,electronics_buyer,44,0.9618908269498277,5,Wisconsin,2025-03-12,variant_b
U00092,electronics_buyer,32,0.840325358945289,4,Maryland,2024-05-31,variant_b
U00093,electronics_buyer,62,0.695423819238034,23,Arkansas,2025-09-04,variant_a
U00094,electronics_buyer,30,0.24657246247404496,29,California,2025-11-19,variant_b
U00095,electronics_buyer,33,0.7608910673966722,25,Hawaii,2024-03-18,variant_a
U00096,electronics_buyer,39,0.7543112092297516,13,Wisconsin,2025-08-17,variant_a
U00097,fashion_shopper,37,0.48256135625440677,4,Tennessee,2025-12-12,variant_a
U00098,fashion_shopper,30,0.9323073187426123,18,Georgia,2026-02-23,control
U00099,fashion_shopper,37,0.2502800940061094,16,Nevada,2025-03-31,control
U00100,fashion_shopper,19,0.3406038061704979,18,Hawaii,2023-06-07,control
U00101,electronics_buyer,52,0.1569019053255703,2,Georgia,2024-12-20,variant_a
U00102,fashion_shopper,64,0.8159058623598288,23,Washington,2024-03-07,control
U00103,electronics_buyer,36,0.6595834474858575,4,Iowa,2025-01-30,variant_a
U00104,hybrid,62,0.38344627511312457,20,Mississippi,2024-06-18,variant_b
U00105,fashion_shopper,54,0.24743229723488386,17,Vermont,2024-01-13,control
U00106,fashion_shopper,23,0.13613299302586634,20,Oklahoma,2024-10-19,variant_a
U00107,electronics_buyer,31,0.25007101176334295,6,California,2025-03-07,variant_b
U00108,fashion_shopper,21,0.5079561817038923,18,Ohio,2024-02-23,control
U00109,fashion_shopper,39,0.32245927210954556,20,Texas,2025-10-11,control
U00110,fashion_shopper,56,0.33308395968877,27,Colorado,2026-02-23,control
U00111,fashion_shopper,53,0.8880187300009429,7,Rhode Island,2024-07-20,control
U00112,hybrid,51,0.5636239061149906,13,Idaho,2026-01-05,variant_b
U00113,hybrid,44,0.7563267758155732,9,Ohio,2025-12-04,variant_b
U00114,electronics_buyer,24,0.1321398541253288,2,Minnesota,2025-08-04,variant_a
U00115,hybrid,20,0.4286470201102258,8,California,2024-01-05,variant_b
U00116,hybrid,64,0.5312524126558976,14,Iowa,2025-05-10,variant_b
U00117,fashion_shopper,50,0.26777516968916626,22,Pennsylvania,2025-06-03,control
U00118,hybrid,19,0.2081723873009848,24,Maryland,2024-04-26,variant_b
U00119,electronics_buyer,59,0.8832734006498583,18,North Dakota,2024-03-06,variant_a
U00120,hybrid,33,0.9454884643898169,27,Kentucky,2026-05-13,variant_b
U00121,hybrid,42,0.17092602824086667,1,Georgia,2024-06-26,variant_b
U00122,fashion_shopper,32,0.4141168412881988,23,Pennsylvania,2025-05-11,control
U00123,fashion_shopper,41,0.9624570653300263,29,Maine,2025-11-23,control
U00124,fashion_shopper,32,0.1748455598192184,9,Louisiana,2023-09-17,control
U00125,fashion_shopper,48,0.6792772355908536,9,Minnesota,2025-10-29,variant_a
U00126,hybrid,31,0.974999233870305,2,Nevada,2024-07-06,variant_b
U00127,hybrid,31,0.9804013017232371,16,New York,2025-12-14,variant_b
U00128,fashion_shopper,23,0.5241009978133689,4,North Dakota,2025-03-30,control
U00129,electronics_buyer,31,0.24647419700414255,13,Nevada,2024-11-29,variant_a
U00130,fashion_shopper,34,0.28187588347969494,17,West Virginia,2024-03-06,variant_a
U00131,fashion_shopper,35,0.9006412556119552,11,West Virginia,2025-06-01,control
U00132,fashion_shopper,37,0.9205147038967624,23,Pennsylvania,2023-09-09,control
U00133,fashion_shopper,34,0.6470916794861993,2,South Dakota,2023-10-25,control
U00134,hybrid,33,0.7895587595229202,4,Nevada,2025-02-14,variant_b
U00135,fashion_shopper,57,0.7659381263233673,12,Michigan,2023-08-16,control
U00136,electronics_buyer,56,0.6956394381901962,2,New Mexico,2024-04-01,variant_a
U00137,electronics_buyer,49,0.8445492593847451,1,Florida,2023-11-18,variant_b
U00138,fashion_shopper,61,0.7168659607362889,23,Montana,2024-12-16,variant_a
U00139,hybrid,26,0.5806020751727494,6,Maryland,2025-06-21,variant_b
U00140,hybrid,44,0.3132607263293411,16,Oregon,2023-06-20,variant_b
U00141,fashion_shopper,63,0.7694993297067572,2,Vermont,2026-05-18,control
U00142,electronics_buyer,50,0.526094081054447,14,Alaska,2024-11-09,variant_a
U00143,fashion_shopper,27,0.36531251560675837,20,Rhode Island,2023-12-22,control
U00144,fashion_shopper,34,0.8217516481675978,12,Connecticut,2025-06-10,control
U00145,fashion_shopper,53,0.7270422403177255,27,Michigan,2025-11-04,control
U00146,electronics_buyer,34,0.94360560681223,19,Montana,2026-01-19,variant_a
U00147,electronics_buyer,35,0.24889747601698997,28,Indiana,2023-10-11,variant_a
U00148,fashion_shopper,40,0.6842703561728438,3,Illinois,2025-06-25,control
U00149,fashion_shopper,51,0.3198155212793584,19,California,2024-06-13,control
U00150,hybrid,25,0.9132246867714775,11,Delaware,2026-02-16,variant_b
U00151,fashion_shopper,30,0.18954947283095414,4,New York,2024-09-17,control
U00152,fashion_shopper,40,0.6905456258003895,17,Nebraska,2023-12-19,control
U00153,electronics_buyer,37,0.8119771493752269,17,West Virginia,2024-05-21,variant_a
U00154,hybrid,39,0.4194260563282365,7,Michigan,2024-06-27,variant_b
U00155,fashion_shopper,64,0.9587242714454283,5,Tennessee,2025-09-15,control
U00156,electronics_buyer,40,0.8656576161274335,19,Hawaii,2023-08-25,variant_b
U00157,electronics_buyer,58,0.365156469716413,25,Kansas,2025-11-25,variant_b
U00158,fashion_shopper,52,0.10678698344439881,21,Colorado,2024-12-21,control
U00159,electronics_buyer,20,0.3669914585062548,26,Texas,2024-06-29,variant_b
U00160,fashion_shopper,51,0.35317942342366826,19,South Dakota,2025-10-19,variant_a
U00161,electronics_buyer,50,0.900968146750818,9,Washington,2024-08-01,variant_a
U00162,electronics_buyer,63,0.9704090604292728,17,Ohio,2024-06-06,variant_a
U00163,electronics_buyer,34,0.16339598737323432,9,Vermont,2024-05-01,variant_a
U00164,fashion_shopper,62,0.5241653456799851,14,Kansas,2025-12-16,control
U00165,hybrid,36,0.5934987986768162,5,Minnesota,2026-02-01,variant_b
U00166,fashion_shopper,47,0.18362049519673296,22,Pennsylvania,2024-02-19,control
U00167,fashion_shopper,40,0.43974793822377034,2,Connecticut,2025-06-30,control
U00168,fashion_shopper,32,0.3853741756536556,24,Alaska,2026-03-09,control
U00169,electronics_buyer,31,0.5824507188943786,15,Texas,2024-08-12,variant_a
U00170,electronics_buyer,19,0.6950718097587442,16,Oklahoma,2024-05-02,variant_b
U00171,fashion_shopper,56,0.7331365994469099,19,Louisiana,2025-11-23,control
U00172,electronics_buyer,35,0.22307952125204877,1,New Hampshire,2024-02-08,variant_a
U00173,fashion_shopper,23,0.8316529317501593,23,Indiana,2024-07-11,control
U00174,electronics_buyer,49,0.7106878268116831,12,South Carolina,2024-05-02,variant_a
U00175,fashion_shopper,38,0.9001674250720476,19,Oklahoma,2026-03-06,control
U00176,electronics_buyer,57,0.5044024534918907,20,New York,2023-11-15,variant_b
U00177,fashion_shopper,45,0.9045007864499724,15,Oregon,2026-01-05,variant_a
U00178,hybrid,44,0.8791967101204679,5,Ohio,2025-03-04,variant_b
U00179,fashion_shopper,19,0.4945683991233426,1,Utah,2026-03-12,control
U00180,fashion_shopper,50,0.44302898376368083,11,Maryland,2024-10-06,variant_a
U00181,fashion_shopper,33,0.9395308134732311,27,Wyoming,2024-10-17,control
U00182,hybrid,56,0.7436482610845939,9,Iowa,2025-02-24,variant_b
U00183,hybrid,39,0.9354208117942681,7,Alabama,2025-10-30,variant_b
U00184,fashion_shopper,60,0.8172773010062317,2,New York,2025-02-16,control
U00185,electronics_buyer,64,0.6483676953622729,29,Washington,2025-04-15,variant_a
U00186,hybrid,30,0.20426749930338806,17,New Mexico,2025-02-03,variant_b
U00187,electronics_buyer,19,0.3623326053211886,16,New Jersey,2026-05-14,variant_a
U00188,electronics_buyer,31,0.9719581663885524,16,Maryland,2023-07-26,variant_a
U00189,fashion_shopper,55,0.38747988884278406,14,South Carolina,2025-02-08,control
U00190,fashion_shopper,58,0.1839293828068337,27,Missouri,2024-07-18,control
U00191,hybrid,45,0.7367980203273878,2,New Jersey,2023-07-29,variant_b
U00192,hybrid,24,0.7606038290893158,19,Hawaii,2023-06-02,variant_b
U00193,electronics_buyer,35,0.35691194825843575,28,Kansas,2026-03-28,variant_a
U00194,fashion_shopper,58,0.3679047814116734,3,Maine,2024-01-29,control
U00195,fashion_shopper,53,0.5220036869579056,8,Wyoming,2025-10-07,variant_a
U00196,electronics_buyer,58,0.11961005478602998,21,North Carolina,2025-01-21,variant_b
U00197,hybrid,53,0.8103907093250472,25,Kentucky,2024-09-05,variant_b
U00198,hybrid,61,0.385379908546713,19,Kansas,2024-12-15,variant_b
U00199,electronics_buyer,21,0.8683867918017798,16,Louisiana,2025-06-11,variant_b
U00200,electronics_buyer,47,0.8223673794400304,22,Connecticut,2024-09-23,variant_a
U00201,fashion_shopper,41,0.6952618298069048,4,Pennsylvania,2026-04-04,control
U00202,fashion_shopper,37,0.39238738038935983,8,Arizona,2026-02-21,control
U00203,hybrid,63,0.564684905495053,28,South Carolina,2025-01-21,variant_b
U00204,electronics_buyer,48,0.5003463318381631,1,Wisconsin,2025-01-12,variant_a
U00205,fashion_shopper,41,0.40499369762380677,4,Idaho,2025-07-31,control
U00206,fashion_shopper,24,0.8633226603728603,7,Virginia,2023-08-13,control
U00207,electronics_buyer,43,0.5351563671198988,25,Tennessee,2024-05-22,variant_a
U00208,fashion_shopper,30,0.8494507880174318,29,Iowa,2023-12-17,control
U00209,fashion_shopper,25,0.19469662672764187,1,Maryland,2024-12-15,control
U00210,electronics_buyer,22,0.22692230974030217,24,Indiana,2024-08-24,variant_a
U00211,electronics_buyer,61,0.9795882746016791,18,Alabama,2025-01-26,variant_b
U00212,electronics_buyer,30,0.6289916163454806,4,Kansas,2024-02-23,variant_a
U00213,fashion_shopper,46,0.5587927061491441,20,Florida,2024-07-01,control
U00214,electronics_buyer,37,0.5708404568297005,14,New Jersey,2023-11-24,variant_b
U00215,fashion_shopper,31,0.29374189662957384,8,South Dakota,2025-09-19,control
U00216,fashion_shopper,49,0.7468335545517757,27,Mississippi,2025-02-19,control
U00217,electronics_buyer,44,0.17630256135677894,18,Rhode Island,2023-08-04,variant_b
U00218,electronics_buyer,42,0.6159913417927209,7,Mississippi,2025-06-14,variant_a
U00219,hybrid,21,0.6136919169273113,3,Utah,2025-10-20,variant_b
U00220,electronics_buyer,38,0.9227695817201599,25,Indiana,2025-06-30,variant_a
U00221,electronics_buyer,35,0.5735645290943743,21,New Jersey,2025-03-18,variant_a
U00222,fashion_shopper,56,0.22335642637676156,14,Arizona,2024-09-18,control
U00223,fashion_shopper,32,0.6154779333233463,12,Wyoming,2025-07-16,variant_a
U00224,fashion_shopper,55,0.18219487992879912,15,Tennessee,2024-09-20,control
U00225,fashion_shopper,41,0.2834144517699295,8,Michigan,2023-08-11,control
U00226,hybrid,25,0.12799772576867452,5,Alabama,2023-09-25,variant_b
U00227,fashion_shopper,45,0.5619642242135485,17,Florida,2024-01-08,variant_a
U00228,hybrid,38,0.17607935376421513,25,North Dakota,2024-06-17,variant_b
U00229,electronics_buyer,33,0.5224549406781962,10,Maryland,2023-06-03,variant_a
U00230,electronics_buyer,33,0.9396505317917296,11,Nebraska,2024-02-23,variant_b
U00231,electronics_buyer,52,0.7477852717173988,28,Arizona,2024-08-31,variant_a
U00232,electronics_buyer,34,0.16967050680276374,23,New Hampshire,2024-11-30,variant_a
U00233,electronics_buyer,26,0.30178883098795883,16,West Virginia,2025-08-31,variant_a
U00234,fashion_shopper,52,0.7062961779040908,16,Idaho,2024-09-27,control
U00235,electronics_buyer,46,0.9052316749217654,4,Michigan,2024-02-29,variant_b
U00236,fashion_shopper,56,0.1296267280875584,23,New Mexico,2024-07-20,control
U00237,fashion_shopper,35,0.8312060185485346,5,Iowa,2025-04-02,control
U00238,electronics_buyer,29,0.6056324923044778,10,Illinois,2023-08-29,variant_a
U00239,fashion_shopper,36,0.5914821927667534,14,New Mexico,2025-05-16,control
U00240,hybrid,39,0.9620318644780221,9,New Mexico,2023-12-24,variant_b
U00241,hybrid,32,0.7728801513370958,18,Colorado,2025-06-21,variant_b
U00242,hybrid,18,0.8651069812505007,20,Delaware,2024-01-04,variant_b
U00243,fashion_shopper,19,0.4185960125902001,6,New Mexico,2024-12-29,variant_a
U00244,fashion_shopper,25,0.5989276367455689,11,North Dakota,2025-10-19,control
U00245,hybrid,39,0.6538651096849937,21,South Dakota,2025-10-24,variant_b
U00246,fashion_shopper,42,0.3894255463262186,17,Rhode Island,2026-04-25,variant_a
U00247,hybrid,19,0.6132233124526596,9,New Mexico,2025-11-16,variant_b
U00248,hybrid,26,0.3129898415317425,25,Montana,2024-05-24,variant_b
U00249,hybrid,26,0.2290381039614156,3,South Dakota,2025-06-03,variant_b
U00250,fashion_shopper,30,0.4365732333495994,16,New Mexico,2024-07-30,control
U00251,fashion_shopper,23,0.7653606658717933,20,Pennsylvania,2026-04-12,variant_a
U00252,hybrid,47,0.9245684332664988,4,Alabama,2025-12-18,variant_b
U00253,fashion_shopper,32,0.5119426463484092,26,Washington,2025-12-22,control
U00254,fashion_shopper,32,0.6785413194478885,24,Florida,2023-07-21,control
U00255,electronics_buyer,24,0.19273341787759043,22,Kansas,2024-04-24,variant_a
U00256,hybrid,28,0.9140173826970959,15,Oklahoma,2025-06-30,variant_b
U00257,electronics_buyer,57,0.611743792212941,2,Michigan,2023-07-21,variant_b
U00258,electronics_buyer,55,0.8023044228626414,20,Delaware,2024-05-04,variant_a
U00259,fashion_shopper,57,0.8149970808292544,17,Montana,2024-08-18,control
U00260,electronics_buyer,19,0.3308324737312953,19,Washington,2023-08-25,variant_a
U00261,hybrid,56,0.5762570078636646,20,Georgia,2024-04-25,variant_b
U00262,fashion_shopper,27,0.9644317764048796,16,Iowa,2023-11-01,control
U00263,electronics_buyer,61,0.180671090338745,24,Michigan,2025-10-31,variant_a
U00264,hybrid,34,0.7147449082266071,19,Florida,2023-07-18,variant_b
U00265,electronics_buyer,24,0.9660376702316548,21,Oklahoma,2024-06-25,variant_b
U00266,electronics_buyer,57,0.37051939724861993,17,Wisconsin,2024-08-02,variant_b
U00267,electronics_buyer,56,0.8753031292639133,29,Missouri,2025-02-11,variant_b
U00268,fashion_shopper,21,0.9402917908674444,4,Texas,2025-03-01,variant_a
U00269,fashion_shopper,52,0.7723775884553425,18,Missouri,2024-07-18,control
U00270,hybrid,64,0.3081954810762625,4,Maine,2026-05-09,variant_b
U00271,hybrid,53,0.4006006469439345,21,New Hampshire,2024-12-14,variant_b
U00272,hybrid,48,0.13222836497595766,3,California,2024-02-06,variant_b
U00273,hybrid,42,0.8483079108208197,22,Pennsylvania,2024-10-30,variant_b
U00274,electronics_buyer,58,0.8646500678599719,28,Kansas,2025-04-09,variant_a
U00275,electronics_buyer,30,0.6694392789695734,18,Florida,2024-05-29,variant_a
U00276,electronics_buyer,35,0.41727506613746623,21,Wyoming,2024-09-01,variant_b
U00277,electronics_buyer,38,0.16912992487592848,20,Delaware,2023-08-03,variant_a
U00278,electronics_buyer,18,0.7777518489234185,5,Kansas,2024-06-17,variant_b
U00279,electronics_buyer,53,0.7538735742489305,29,Alabama,2025-10-07,variant_b
U00280,hybrid,25,0.9213422695650109,9,Wyoming,2026-01-13,variant_b
U00281,fashion_shopper,38,0.7574788189048259,22,Wisconsin,2024-06-21,control
U00282,fashion_shopper,60,0.8458254480196017,23,Kansas,2025-12-23,variant_a
U00283,fashion_shopper,38,0.7713591561135996,27,North Dakota,2024-11-07,control
U00284,electronics_buyer,44,0.6676184694810847,24,Virginia,2025-04-02,variant_a
U00285,fashion_shopper,36,0.48426975477190837,15,Louisiana,2023-12-12,control
U00286,electronics_buyer,40,0.91190557777805,9,North Dakota,2026-05-13,variant_a
U00287,electronics_buyer,60,0.6858717147167228,14,Hawaii,2025-06-13,variant_a
U00288,fashion_shopper,52,0.4585197897693182,21,North Dakota,2025-10-23,control
U00289,electronics_buyer,57,0.1751223656637615,24,Nebraska,2023-06-14,variant_a
U00290,fashion_shopper,59,0.36163437031394396,2,Massachusetts,2024-07-06,control
U00291,fashion_shopper,22,0.5893540613471483,26,Maryland,2025-07-27,control
U00292,hybrid,58,0.3480718330145751,25,Texas,2024-08-27,variant_b
U00293,fashion_shopper,25,0.2991118131261119,18,Maine,2024-01-16,variant_a
U00294,fashion_shopper,28,0.5746541626790624,13,Florida,2024-08-30,control
U00295,electronics_buyer,33,0.25283831130616113,28,Vermont,2025-09-08,variant_a
U00296,electronics_buyer,56,0.8203690569925931,21,Texas,2026-02-13,variant_b
U00297,fashion_shopper,64,0.5359313362083922,16,Pennsylvania,2024-11-10,control
U00298,electronics_buyer,41,0.6164764965663851,6,Oklahoma,2025-03-06,variant_a
U00299,fashion_shopper,38,0.2326449408376137,16,Vermont,2024-09-07,control
U00300,fashion_shopper,40,0.3921187020664306,4,Arkansas,2024-01-19,control
U00301,electronics_buyer,55,0.46908071493503767,24,Florida,2025-10-08,variant_a
U00302,electronics_buyer,64,0.8273915474648527,10,Connecticut,2025-07-10,variant_a
U00303,electronics_buyer,25,0.7931435707775373,19,Idaho,2025-09-02,variant_a
U00304,electronics_buyer,24,0.30067972730891324,11,Indiana,2026-01-16,variant_b
U00305,hybrid,19,0.6545611734463069,29,North Carolina,2025-02-25,variant_b
U00306,electronics_buyer,47,0.31911072199479784,5,Texas,2023-06-06,variant_a
U00307,fashion_shopper,30,0.9894224401212208,18,Texas,2024-11-03,control
U00308,electronics_buyer,40,0.9569114903177836,3,Kansas,2024-12-17,variant_b
U00309,fashion_shopper,46,0.6069382484685585,8,Pennsylvania,2024-10-03,control
U00310,fashion_shopper,55,0.7290123147047286,11,Minnesota,2024-04-17,variant_a
U00311,fashion_shopper,54,0.8212873439877806,21,Wyoming,2026-04-16,control
U00312,fashion_shopper,37,0.7488985780404135,19,New Mexico,2023-10-14,control
U00313,hybrid,50,0.7298458219741788,21,Colorado,2026-01-16,variant_b
U00314,hybrid,46,0.9626986071545752,25,Wisconsin,2026-04-29,variant_b
U00315,electronics_buyer,32,0.636810495676555,3,Delaware,2023-12-15,variant_b
U00316,fashion_shopper,40,0.6726724046371501,12,Illinois,2023-10-15,variant_a
U00317,fashion_shopper,59,0.864341875394363,15,Florida,2024-04-04,control
U00318,fashion_shopper,20,0.7029017810725661,26,Vermont,2023-05-25,control
U00319,fashion_shopper,54,0.7596393598157702,23,North Carolina,2024-07-21,control
U00320,electronics_buyer,46,0.31075181757697823,24,North Carolina,2025-04-16,variant_a
U00321,electronics_buyer,62,0.43414023170356386,16,Georgia,2024-07-19,variant_b
U00322,electronics_buyer,25,0.23257121114070373,5,Wisconsin,2024-05-19,variant_a
U00323,fashion_shopper,39,0.555188898101325,19,Montana,2024-07-01,control
U00324,hybrid,46,0.5101546606122217,27,Nevada,2025-03-22,variant_b
U00325,electronics_buyer,19,0.9974465328515112,6,Pennsylvania,2025-06-27,variant_b
U00326,electronics_buyer,58,0.6500877875339882,29,Minnesota,2023-12-10,variant_a
U00327,electronics_buyer,62,0.807800340874981,12,Massachusetts,2025-01-13,variant_a
U00328,fashion_shopper,18,0.4006132036818888,19,Montana,2025-02-11,variant_a
U00329,fashion_shopper,61,0.8483907982085168,9,South Dakota,2023-09-01,control
U00330,fashion_shopper,37,0.653576469838915,18,California,2024-03-24,variant_a
U00331,electronics_buyer,38,0.7272930984385946,29,Idaho,2024-01-21,variant_b
U00332,fashion_shopper,54,0.364987700154509,3,West Virginia,2025-12-25,control
U00333,fashion_shopper,25,0.5937745525260194,23,South Dakota,2026-02-03,control
U00334,fashion_shopper,44,0.6706332760722478,14,Massachusetts,2024-04-01,control
U00335,fashion_shopper,64,0.630185208234923,26,Minnesota,2026-04-09,control
U00336,hybrid,52,0.9236743402821098,24,Hawaii,2023-06-13,variant_b
U00337,electronics_buyer,23,0.9084453980432982,21,Virginia,2025-04-12,variant_b
U00338,electronics_buyer,62,0.9738856520891835,5,Virginia,2023-06-27,variant_a
U00339,fashion_shopper,61,0.7006852054062904,5,Pennsylvania,2025-12-05,control
U00340,electronics_buyer,36,0.9747227171131162,4,Virginia,2025-11-15,variant_a
U00341,electronics_buyer,35,0.849230200028718,25,Vermont,2024-01-19,variant_a
U00342,fashion_shopper,18,0.3437489263059634,22,Colorado,2025-12-20,control
U00343,fashion_shopper,42,0.48469210259616735,29,Montana,2025-07-11,variant_a
U00344,fashion_shopper,44,0.31455319797010883,28,Florida,2024-09-08,variant_a
U00345,electronics_buyer,24,0.10377744474750869,16,Nevada,2025-10-08,variant_a
U00346,electronics_buyer,61,0.26924387783221776,13,Maine,2025-08-31,variant_a
U00347,fashion_shopper,59,0.10365452765818811,8,Louisiana,2024-02-29,control
U00348,fashion_shopper,46,0.747854615215441,24,Mississippi,2025-07-21,variant_a
U00349,electronics_buyer,48,0.4829808679490796,21,Vermont,2025-05-19,variant_a
U00350,electronics_buyer,61,0.38131725437007247,16,Kentucky,2024-07-05,variant_a
U00351,hybrid,60,0.7855488019856691,28,Maine,2023-11-22,variant_b
U00352,electronics_buyer,53,0.8492380971576805,25,West Virginia,2023-06-30,variant_a
U00353,fashion_shopper,36,0.977769584784892,2,Vermont,2024-06-05,control
U00354,fashion_shopper,23,0.6778122262077171,8,Utah,2025-11-05,control
U00355,electronics_buyer,42,0.5153760626860465,3,Delaware,2023-10-18,variant_a
U00356,fashion_shopper,48,0.37473787144669235,23,Oklahoma,2024-05-20,control
U00357,electronics_buyer,26,0.30008638829280365,29,South Dakota,2024-08-13,variant_a
U00358,hybrid,37,0.2916333554343411,9,Arkansas,2024-02-12,variant_b
U00359,electronics_buyer,27,0.4682704372478189,11,Maryland,2025-02-27,variant_a
U00360,fashion_shopper,54,0.9926077197591369,21,Indiana,2025-06-12,variant_a
U00361,electronics_buyer,44,0.10076832769366295,27,Hawaii,2024-08-10,variant_a
U00362,electronics_buyer,30,0.27748530750790074,24,Delaware,2023-11-01,variant_a
U00363,electronics_buyer,58,0.26955368416321646,20,Delaware,2023-10-09,variant_a
U00364,hybrid,19,0.745407536979063,1,Utah,2024-01-15,variant_b
U00365,fashion_shopper,38,0.41723625483825566,1,Nebraska,2025-03-22,variant_a
U00366,hybrid,50,0.5115347241326386,22,Arizona,2025-10-23,variant_b
U00367,hybrid,41,0.2337617174229145,8,West Virginia,2025-07-24,variant_b
U00368,fashion_shopper,61,0.46449733498925294,16,Nevada,2023-10-27,control
U00369,fashion_shopper,59,0.19287983071525244,10,New Hampshire,2024-11-25,control
U00370,fashion_shopper,51,0.5797389590997248,2,Oklahoma,2025-07-31,control
U00371,fashion_shopper,26,0.18814452884457034,16,South Dakota,2026-04-28,control
U00372,fashion_shopper,19,0.8114575430558406,27,Minnesota,2026-05-04,control
U00373,electronics_buyer,47,0.6099415457864406,4,New Jersey,2025-02-04,variant_b
U00374,fashion_shopper,39,0.7515710863961652,19,New Mexico,2026-02-24,control
U00375,fashion_shopper,63,0.47666474798741554,29,Hawaii,2023-12-11,control
U00376,hybrid,28,0.44334216391800463,9,Georgia,2025-05-04,variant_b
U00377,fashion_shopper,60,0.18838800014397725,3,Minnesota,2025-09-13,control
U00378,hybrid,34,0.5714700463385404,11,Washington,2023-06-16,variant_b
U00379,fashion_shopper,53,0.5630519483713828,8,Oregon,2026-01-05,control
U00380,fashion_shopper,30,0.5212918400046448,7,Rhode Island,2024-12-09,control
U00381,electronics_buyer,24,0.7664665282142044,1,Massachusetts,2024-02-22,variant_b
U00382,electronics_buyer,33,0.849253960029119,8,Kansas,2026-03-15,variant_a
U00383,hybrid,50,0.7757107074536573,25,Connecticut,2025-09-12,variant_b
U00384,electronics_buyer,62,0.22947916852615946,24,Illinois,2025-01-10,variant_b
U00385,hybrid,18,0.6598535583538973,26,New Jersey,2023-12-20,variant_b
U00386,fashion_shopper,28,0.17229079512058004,26,Maryland,2025-09-20,control
U00387,fashion_shopper,23,0.7251600586964289,17,Illinois,2023-07-25,control
U00388,electronics_buyer,37,0.44365518690501404,27,Montana,2024-09-21,variant_b
U00389,hybrid,52,0.21924906063965793,29,Connecticut,2025-01-13,variant_b
U00390,hybrid,61,0.875845771278515,11,Iowa,2024-07-26,variant_b
U00391,fashion_shopper,54,0.6526075051350436,7,Louisiana,2026-03-13,variant_a
U00392,fashion_shopper,58,0.41925247115277475,29,Nevada,2025-03-28,variant_a
U00393,electronics_buyer,43,0.12765446168544958,9,Wisconsin,2025-04-04,variant_b
U00394,fashion_shopper,29,0.5835792331032494,14,Arkansas,2024-06-19,variant_a
U00395,hybrid,47,0.9309032906376093,5,South Carolina,2025-04-07,variant_b
U00396,hybrid,45,0.6367418494321292,18,Montana,2026-01-26,variant_b
U00397,fashion_shopper,44,0.9744855441575438,24,Montana,2025-08-23,variant_a
U00398,electronics_buyer,59,0.2228060064434127,25,West Virginia,2024-07-12,variant_b
U00399,electronics_buyer,36,0.6114745941353532,23,Illinois,2024-11-01,variant_b
U00400,fashion_shopper,22,0.8183125432057865,28,Louisiana,2025-07-21,control
U00401,hybrid,22,0.5729866580131446,13,Alaska,2025-08-11,variant_b
U00402,electronics_buyer,58,0.18195972038872532,5,Michigan,2025-12-27,variant_a
U00403,hybrid,44,0.624597401392496,8,Florida,2024-03-08,variant_b
U00404,fashion_shopper,45,0.6505641152582246,15,Montana,2023-09-19,control
U00405,hybrid,43,0.7558383236278173,22,Rhode Island,2023-07-23,variant_b
U00406,fashion_shopper,44,0.7850903636489265,28,West Virginia,2025-11-02,variant_a
U00407,fashion_shopper,59,0.7936954193895465,4,Florida,2025-11-17,control
U00408,hybrid,38,0.6970999542750694,1,Delaware,2023-08-07,variant_b
U00409,fashion_shopper,18,0.29423006777679234,6,Idaho,2026-04-29,control
U00410,fashion_shopper,45,0.4638121802555314,24,Alabama,2025-03-15,control
U00411,hybrid,32,0.7985169753529587,19,New Hampshire,2025-10-14,variant_b
U00412,hybrid,34,0.9580842850607318,12,South Carolina,2025-05-10,variant_b
U00413,electronics_buyer,43,0.1710522683529598,7,Idaho,2026-03-26,variant_a
U00414,electronics_buyer,37,0.5819830100174753,13,Texas,2024-05-14,variant_a
U00415,fashion_shopper,42,0.3812700441918758,28,Ohio,2024-08-15,variant_a
U00416,fashion_shopper,30,0.3028545048851468,7,Minnesota,2024-05-18,control
U00417,fashion_shopper,50,0.5552296151677435,9,Idaho,2025-03-04,control
U00418,electronics_buyer,42,0.645480406500883,1,Washington,2026-03-04,variant_b
U00419,electronics_buyer,25,0.10879500827753313,21,North Dakota,2023-11-13,variant_b
U00420,electronics_buyer,22,0.8021859149810718,24,Idaho,2024-10-07,variant_b
U00421,electronics_buyer,23,0.8378939181335029,13,Wyoming,2026-02-18,variant_b
U00422,fashion_shopper,40,0.9689597421111397,29,Vermont,2024-06-09,control
U00423,electronics_buyer,47,0.2625793599022255,19,Nebraska,2026-01-07,variant_a
U00424,fashion_shopper,31,0.6350973061248532,21,Washington,2023-07-15,control
U00425,electronics_buyer,40,0.4839628361287551,1,Nebraska,2025-08-04,variant_a
U00426,fashion_shopper,28,0.4013450663998156,25,Maine,2024-10-03,variant_a
U00427,hybrid,48,0.6090701062937541,20,Wyoming,2024-05-10,variant_b
U00428,fashion_shopper,23,0.8041447839011953,21,Colorado,2026-02-12,variant_a
U00429,fashion_shopper,28,0.1207475051006891,19,Wyoming,2025-02-20,control
U00430,fashion_shopper,30,0.9724601013095681,18,North Carolina,2025-05-26,control
U00431,electronics_buyer,29,0.8288934271351397,28,Iowa,2025-04-28,variant_b
U00432,electronics_buyer,19,0.7760383332810206,23,Michigan,2024-06-14,variant_a
U00433,fashion_shopper,52,0.7843486439624532,27,Texas,2024-03-20,control
U00434,fashion_shopper,53,0.4501546386567873,5,Wyoming,2026-02-21,control
U00435,electronics_buyer,34,0.7764584957603323,27,Louisiana,2026-03-31,variant_b
U00436,fashion_shopper,45,0.44809318774266194,26,Mississippi,2025-05-13,control
U00437,hybrid,45,0.9088361466173138,3,North Dakota,2024-02-26,variant_b
U00438,electronics_buyer,39,0.25950014497582274,2,North Carolina,2024-05-29,variant_b
U00439,fashion_shopper,55,0.3631126817936363,26,South Dakota,2025-05-15,control
U00440,fashion_shopper,24,0.5962037884291685,22,Virginia,2024-06-19,control
U00441,hybrid,32,0.38728993229854525,10,New York,2026-03-01,variant_b
U00442,fashion_shopper,49,0.48181352076574613,6,Louisiana,2025-06-24,variant_a
U00443,fashion_shopper,28,0.5431804204587353,19,Wyoming,2023-08-25,variant_a
U00444,hybrid,41,0.8707180139321578,29,Oklahoma,2023-09-05,variant_b
U00445,hybrid,20,0.5708730282478236,25,Virginia,2025-09-23,variant_b
U00446,hybrid,47,0.42621386375310444,17,North Dakota,2025-10-16,variant_b
U00447,electronics_buyer,23,0.3229625476316042,19,Iowa,2025-12-29,variant_b
U00448,fashion_shopper,19,0.4678083809129775,13,Hawaii,2026-05-18,variant_a
U00449,fashion_shopper,31,0.5641624939729329,17,Ohio,2026-03-18,control
U00450,electronics_buyer,58,0.7715033714829127,23,Georgia,2025-10-21,variant_b
U00451,electronics_buyer,35,0.2089438985551048,18,New York,2023-11-15,variant_a
U00452,fashion_shopper,61,0.29944826941523583,11,Maine,2023-08-01,variant_a
U00453,hybrid,48,0.44168861428180595,27,Maryland,2025-04-05,variant_b
U00454,fashion_shopper,30,0.42435856460756316,28,Ohio,2024-10-17,control
U00455,electronics_buyer,43,0.45257327884469056,20,California,2024-03-26,variant_a
U00456,fashion_shopper,61,0.8141691381762921,20,Ohio,2023-10-08,control
U00457,electronics_buyer,29,0.39173896266595587,13,New York,2025-08-12,variant_a
U00458,fashion_shopper,35,0.5517083623623982,24,Arkansas,2024-02-15,control
U00459,fashion_shopper,26,0.6615163295721068,11,Maine,2025-11-25,control
U00460,fashion_shopper,38,0.3089606951652446,20,Florida,2025-10-27,control
U00461,electronics_buyer,57,0.746825848432785,19,Utah,2025-08-21,variant_a
U00462,electronics_buyer,60,0.5924001877644529,10,Ohio,2023-12-16,variant_b
U00463,electronics_buyer,41,0.5021030467282402,28,Oregon,2024-06-11,variant_a
U00464,hybrid,51,0.8288056240644824,3,Colorado,2023-07-02,variant_b
U00465,fashion_shopper,25,0.31914573326666384,21,Oregon,2023-12-12,variant_a
U00466,fashion_shopper,61,0.8948583735528909,6,Maine,2025-04-03,control
U00467,hybrid,50,0.6049438618300333,7,New York,2025-10-10,variant_b
U00468,fashion_shopper,40,0.6482573914416924,29,Maine,2026-05-14,control
U00469,hybrid,30,0.8875530677520486,21,Alabama,2025-12-24,variant_b
U00470,fashion_shopper,31,0.8358244190644024,23,Kansas,2024-02-14,control
U00471,hybrid,31,0.6414058619397103,20,Arizona,2024-12-06,variant_b
U00472,fashion_shopper,33,0.7778689334633567,5,Oklahoma,2024-12-31,control
U00473,hybrid,55,0.4899875412096072,22,Louisiana,2023-09-19,variant_b
U00474,electronics_buyer,56,0.5926399781497717,9,Oregon,2024-07-07,variant_a
U00475,hybrid,43,0.15586312303766003,22,Nebraska,2025-06-29,variant_b
U00476,fashion_shopper,43,0.18087212620004217,10,Delaware,2025-10-07,control
U00477,electronics_buyer,18,0.8464828637676989,14,Minnesota,2025-07-06,variant_a
U00478,hybrid,49,0.153704490114247,11,New Mexico,2026-03-16,variant_b
U00479,electronics_buyer,32,0.2524592130693466,17,Kansas,2026-02-24,variant_a
U00480,electronics_buyer,38,0.8162493930553973,28,South Dakota,2024-11-28,variant_a
U00481,electronics_buyer,35,0.10103135556543066,11,Montana,2026-04-07,variant_b
U00482,electronics_buyer,47,0.35416389596127784,7,Alaska,2024-06-13,variant_a
U00483,electronics_buyer,30,0.6256347920439596,11,Wisconsin,2025-05-01,variant_a
U00484,electronics_buyer,41,0.6359049383223669,13,Mississippi,2023-07-01,variant_a
U00485,hybrid,47,0.7994376174065262,27,Montana,2024-08-21,variant_b
U00486,fashion_shopper,19,0.5553336290429534,19,Tennessee,2024-02-20,control
U00487,fashion_shopper,36,0.5584616825778733,6,Louisiana,2025-02-19,control
U00488,hybrid,64,0.7527795179866303,2,New Jersey,2025-12-14,variant_b
U00489,hybrid,61,0.5487620169396552,14,Louisiana,2025-06-27,variant_b
U00490,electronics_buyer,64,0.6476419779072552,28,Minnesota,2024-11-25,variant_a
U00491,electronics_buyer,42,0.9079966614295459,16,Missouri,2026-04-17,variant_a
U00492,fashion_shopper,31,0.4613059068511348,7,Kentucky,2025-08-16,control
U00493,fashion_shopper,23,0.44661256382729997,1,Massachusetts,2026-02-06,control
U00494,electronics_buyer,29,0.10319409267829419,29,North Carolina,2025-04-21,variant_a
U00495,fashion_shopper,37,0.6520836353691087,2,California,2025-03-06,variant_a
U00496,electronics_buyer,40,0.12679471666641878,9,New Jersey,2025-02-13,variant_a
U00497,fashion_shopper,47,0.5537336407554847,25,Maine,2024-12-12,control
U00498,hybrid,47,0.823810410129004,23,Maine,2024-02-04,variant_b
U00499,hybrid,55,0.5949289634676969,18,Maine,2023-10-10,variant_b
U00500,electronics_buyer,47,0.3426725486950084,21,Alaska,2024-11-13,variant_b
U00501,electronics_buyer,58,0.8075515793044341,20,Colorado,2025-06-01,variant_a
U00502,fashion_shopper,47,0.34274530367428496,18,Georgia,2025-07-06,control
U00503,hybrid,53,0.7597286028513088,18,New York,2024-02-18,variant_b
U00504,electronics_buyer,51,0.6492326096712081,10,Rhode Island,2026-03-22,variant_b
U00505,fashion_shopper,33,0.2529966670732011,8,Kentucky,2024-04-15,control
U00506,hybrid,41,0.9146204873597672,21,California,2025-04-19,variant_b
U00507,hybrid,31,0.2805793146614761,8,Maryland,2024-04-04,variant_b
U00508,hybrid,43,0.9906283667266028,2,North Carolina,2024-09-06,variant_b
U00509,electronics_buyer,25,0.1065794397894467,18,Nebraska,2023-08-02,variant_b
U00510,electronics_buyer,31,0.3371350394286128,11,Vermont,2023-08-02,variant_a
U00511,fashion_shopper,48,0.27987426754677897,11,Texas,2026-02-18,variant_a
U00512,hybrid,19,0.11259406915341637,19,Minnesota,2024-08-21,variant_b
U00513,hybrid,21,0.759131110132584,11,Arizona,2024-06-26,variant_b
U00514,fashion_shopper,18,0.7240832218896366,10,Tennessee,2024-01-12,control
U00515,fashion_shopper,37,0.8131158679194375,8,Louisiana,2024-12-23,control
U00516,fashion_shopper,31,0.33102869181810873,15,California,2024-02-07,variant_a
U00517,hybrid,57,0.49990165037467293,8,Colorado,2025-12-28,variant_b
U00518,hybrid,42,0.6932021694593927,19,Kansas,2024-01-29,variant_b
U00519,fashion_shopper,42,0.4957916534993293,1,Arizona,2025-11-05,control
U00520,electronics_buyer,20,0.7275931932861242,23,New Hampshire,2025-08-07,variant_a
U00521,fashion_shopper,22,0.6705760675963979,20,Kansas,2024-03-07,variant_a
U00522,hybrid,55,0.20318302271995883,3,New Jersey,2024-05-01,variant_b
U00523,hybrid,43,0.8029388089692713,21,Tennessee,2023-08-30,variant_b
U00524,hybrid,57,0.7486087231832664,12,Oregon,2025-10-19,variant_b
U00525,electronics_buyer,55,0.6902509488556647,16,Oklahoma,2025-04-07,variant_a
U00526,fashion_shopper,55,0.2395842456439021,22,Montana,2024-04-10,variant_a
U00527,fashion_shopper,21,0.3411968039158273,16,Utah,2023-11-27,control
U00528,fashion_shopper,24,0.45385932842884036,17,Ohio,2025-03-14,control
U00529,hybrid,47,0.3519366594907991,28,Pennsylvania,2023-11-16,variant_b
U00530,hybrid,47,0.3050292616085183,28,Washington,2025-03-20,variant_b
U00531,hybrid,36,0.8248219031455981,16,Nebraska,2023-09-13,variant_b
U00532,hybrid,56,0.6744090217241822,9,Massachusetts,2024-04-23,variant_b
U00533,electronics_buyer,52,0.6089249183952253,22,New York,2023-11-20,variant_a
U00534,electronics_buyer,57,0.3033574397679285,19,South Dakota,2023-08-18,variant_b
U00535,hybrid,50,0.9262689060417771,1,Florida,2024-01-09,variant_b
U00536,hybrid,50,0.27206473518758467,29,Arkansas,2024-10-27,variant_b
U00537,fashion_shopper,31,0.8154558395422093,25,Hawaii,2025-01-27,control
U00538,electronics_buyer,55,0.9700054000347638,18,Utah,2025-03-05,variant_a
U00539,fashion_shopper,27,0.7543834563018125,26,Alabama,2025-03-25,control
U00540,hybrid,45,0.9935728976661667,6,Rhode Island,2026-01-10,variant_b
U00541,electronics_buyer,31,0.685946005280152,6,Arkansas,2025-11-29,variant_a
U00542,fashion_shopper,53,0.2957143092435055,12,West Virginia,2025-01-09,control
U00543,electronics_buyer,55,0.2834375443448602,3,Idaho,2025-04-21,variant_b
U00544,electronics_buyer,33,0.3921078558299287,11,Virginia,2024-06-29,variant_a
U00545,fashion_shopper,38,0.10641701819890546,6,Delaware,2023-09-21,variant_a
U00546,fashion_shopper,45,0.7135286230745511,14,New Jersey,2024-11-07,control
U00547,electronics_buyer,50,0.34180100616504483,18,New Mexico,2025-07-13,variant_b
U00548,electronics_buyer,23,0.8336649090634776,16,Alaska,2023-09-08,variant_a
U00549,electronics_buyer,58,0.4232553855033703,24,Florida,2024-07-20,variant_b
U00550,electronics_buyer,32,0.5319608441169814,13,Utah,2023-08-27,variant_a
U00551,hybrid,61,0.9691200249043324,1,Kentucky,2024-08-01,variant_b
U00552,electronics_buyer,20,0.3179549107425494,6,Georgia,2023-11-28,variant_a
U00553,electronics_buyer,60,0.7491286876867655,14,New Hampshire,2024-08-26,variant_a
U00554,hybrid,64,0.7796060103748754,17,New Jersey,2026-04-01,variant_b
U00555,fashion_shopper,52,0.29889834177127167,25,Hawaii,2024-08-22,variant_a
U00556,fashion_shopper,31,0.5508971529509761,13,California,2025-02-07,control
U00557,fashion_shopper,19,0.4151817327816715,13,Oklahoma,2023-10-13,control
U00558,electronics_buyer,46,0.7947156190600803,9,Nebraska,2024-01-21,variant_b
U00559,electronics_buyer,21,0.6602349871261337,6,Nebraska,2024-11-06,variant_a
U00560,electronics_buyer,43,0.5283847493744923,6,Florida,2024-09-07,variant_b
U00561,fashion_shopper,29,0.8014269385429464,25,Oregon,2025-09-18,control
U00562,fashion_shopper,19,0.3116400130075753,5,Oklahoma,2024-03-13,control
U00563,fashion_shopper,34,0.7782596925259232,25,Oklahoma,2025-11-27,control
U00564,fashion_shopper,52,0.878836880883542,21,Texas,2024-08-15,variant_a
U00565,electronics_buyer,27,0.8907594371268152,14,New Jersey,2025-09-13,variant_a
U00566,fashion_shopper,39,0.8053062337176434,14,Montana,2024-11-11,variant_a
U00567,fashion_shopper,58,0.4672127502984419,4,Arizona,2026-04-04,variant_a
U00568,hybrid,60,0.9836272204460442,2,Oregon,2023-10-06,variant_b
U00569,fashion_shopper,38,0.44163427944019595,2,Arizona,2024-09-28,variant_a
U00570,electronics_buyer,32,0.674762859192183,29,Indiana,2024-03-25,variant_a
U00571,electronics_buyer,52,0.24496676026252182,17,Washington,2024-06-21,variant_b
U00572,fashion_shopper,38,0.9824040087727535,10,Georgia,2025-01-29,variant_a
U00573,electronics_buyer,38,0.733587329678197,14,Missouri,2024-11-06,variant_a
U00574,hybrid,38,0.7780397907217315,19,Oklahoma,2023-11-22,variant_b
U00575,hybrid,61,0.15919903307003017,17,Texas,2025-08-21,variant_b
U00576,fashion_shopper,49,0.7870760327986046,29,Hawaii,2025-11-01,control
U00577,hybrid,22,0.7972510862985412,22,Mississippi,2023-07-29,variant_b
U00578,electronics_buyer,56,0.7045954537260068,11,Arkansas,2024-11-24,variant_a
U00579,fashion_shopper,26,0.3627186524113093,29,California,2024-08-27,control
U00580,electronics_buyer,35,0.5407210379447934,7,Wyoming,2026-03-14,variant_a
U00581,hybrid,38,0.19939093417784481,9,Tennessee,2023-11-13,variant_b
U00582,electronics_buyer,25,0.5244283598132373,14,Michigan,2024-09-13,variant_a
U00583,fashion_shopper,61,0.3194414673403644,23,Illinois,2024-06-21,control
U00584,electronics_buyer,51,0.41418728784467385,4,South Dakota,2025-04-10,variant_a
U00585,fashion_shopper,27,0.24634036756332875,14,Idaho,2025-06-27,control
U00586,fashion_shopper,58,0.3070489309722073,20,Massachusetts,2025-08-20,control
U00587,fashion_shopper,41,0.1689117776381046,24,Nevada,2023-05-21,control
U00588,fashion_shopper,57,0.9279112297932292,20,Wyoming,2024-12-05,control
U00589,fashion_shopper,41,0.577369619177863,17,Kansas,2026-05-02,control
U00590,fashion_shopper,49,0.4570677741364657,25,Mississippi,2025-12-13,control
U00591,electronics_buyer,50,0.5815262914919055,19,Wyoming,2025-12-13,variant_a
U00592,fashion_shopper,55,0.6654639056333974,17,Idaho,2025-05-30,control
U00593,fashion_shopper,61,0.9296909140324142,25,Nebraska,2025-03-16,variant_a
U00594,hybrid,51,0.260823657057682,27,Vermont,2026-04-11,variant_b
U00595,electronics_buyer,28,0.3659972487716958,27,Utah,2024-02-27,variant_a
U00596,electronics_buyer,48,0.9782104027097032,14,Georgia,2025-01-29,variant_a
U00597,fashion_shopper,35,0.43407368798367196,13,North Carolina,2025-12-30,control
U00598,fashion_shopper,40,0.12030548568159488,26,Alabama,2024-09-01,control
U00599,fashion_shopper,39,0.23287914337344295,14,Colorado,2025-08-10,control
U00600,fashion_shopper,60,0.12370483157369683,26,New York,2025-11-16,control
U00601,fashion_shopper,35,0.9909308281786556,16,Tennessee,2025-07-28,control
U00602,fashion_shopper,57,0.35098376409210075,21,Idaho,2025-10-21,control
U00603,fashion_shopper,64,0.9311884812426034,28,California,2023-08-11,control
U00604,fashion_shopper,58,0.9962976481837442,15,Michigan,2024-09-24,control
U00605,electronics_buyer,64,0.6398570990288028,25,North Carolina,2025-05-28,variant_a
U00606,fashion_shopper,56,0.12987668355900558,19,Arizona,2026-04-14,control
U00607,fashion_shopper,37,0.17343246734823425,22,Washington,2025-07-05,variant_a
U00608,electronics_buyer,30,0.53343014959709,11,Minnesota,2023-09-30,variant_a
U00609,electronics_buyer,62,0.4655548116203374,12,North Dakota,2023-10-07,variant_b
U00610,fashion_shopper,18,0.6455595752035909,11,Connecticut,2023-10-31,control
U00611,electronics_buyer,21,0.4949630287402276,28,Oklahoma,2023-07-23,variant_b
U00612,electronics_buyer,41,0.9406691643443359,23,Mississippi,2026-04-06,variant_a
U00613,fashion_shopper,53,0.58126574387216,5,Georgia,2025-12-08,control
U00614,hybrid,53,0.724353455316198,28,New Mexico,2024-05-03,variant_b
U00615,hybrid,62,0.9068367453782469,8,Arizona,2024-11-17,variant_b
U00616,fashion_shopper,19,0.23218468824988664,26,Missouri,2025-03-30,control
U00617,fashion_shopper,45,0.3067611887066757,6,Kentucky,2025-07-18,control
U00618,hybrid,43,0.19658679442661356,16,Wyoming,2026-04-25,variant_b
U00619,electronics_buyer,40,0.22567455930692107,12,California,2026-02-06,variant_b
U00620,fashion_shopper,32,0.5613255702408099,6,Wisconsin,2024-05-28,control
U00621,fashion_shopper,53,0.38906133307071766,13,New Jersey,2024-08-20,control
U00622,fashion_shopper,44,0.48085555557407944,7,Utah,2025-09-03,variant_a
U00623,electronics_buyer,23,0.9842408486146557,8,Wisconsin,2024-12-07,variant_a
U00624,electronics_buyer,52,0.2410339130163533,12,Texas,2024-09-27,variant_a
U00625,fashion_shopper,56,0.586730863718268,29,Idaho,2026-03-08,variant_a
U00626,electronics_buyer,55,0.18898403954828585,2,Florida,2025-07-25,variant_a
U00627,electronics_buyer,52,0.38664668193749074,23,California,2024-11-06,variant_b
U00628,fashion_shopper,53,0.5747733313071388,9,California,2025-06-14,control
U00629,fashion_shopper,27,0.951968571368804,13,Louisiana,2026-03-22,control
U00630,electronics_buyer,47,0.4521053991551347,17,South Dakota,2025-12-19,variant_b
U00631,hybrid,58,0.15841602659320286,13,Vermont,2026-04-09,variant_b
U00632,electronics_buyer,55,0.4493453031642852,16,Alaska,2024-03-10,variant_a
U00633,electronics_buyer,46,0.23116705828657996,28,Rhode Island,2025-12-23,variant_a
U00634,fashion_shopper,60,0.3069906519623008,1,North Carolina,2025-03-16,control
U00635,fashion_shopper,56,0.6562815608484913,7,West Virginia,2023-09-24,variant_a
U00636,electronics_buyer,21,0.16068147958331352,13,Vermont,2025-11-02,variant_a
U00637,fashion_shopper,22,0.5182513806250336,14,Georgia,2024-09-20,control
U00638,fashion_shopper,21,0.6485154274096879,21,Maine,2026-01-11,control
U00639,fashion_shopper,53,0.4796725531307472,17,Wisconsin,2024-03-31,variant_a
U00640,fashion_shopper,62,0.11721371556135733,16,California,2024-09-13,control
U00641,fashion_shopper,33,0.9869674212125789,15,Ohio,2025-07-23,control
U00642,fashion_shopper,42,0.43040419060648183,29,Colorado,2023-08-01,control
U00643,fashion_shopper,31,0.8007194682399402,17,Maine,2025-02-03,control
U00644,fashion_shopper,28,0.39308184296870796,2,Connecticut,2025-02-09,control
U00645,hybrid,46,0.527515081294077,27,North Carolina,2023-09-21,variant_b
U00646,electronics_buyer,51,0.44961727834989684,26,Idaho,2024-03-14,variant_a
U00647,electronics_buyer,39,0.4082853065586469,25,Oklahoma,2025-01-17,variant_b
U00648,electronics_buyer,31,0.11966623948700088,28,Maine,2025-05-20,variant_b
U00649,electronics_buyer,41,0.4240188440690532,12,Missouri,2025-08-26,variant_a
U00650,fashion_shopper,56,0.900540991359577,3,New Jersey,2024-04-25,control
U00651,electronics_buyer,43,0.7213540047343153,9,New Mexico,2025-05-04,variant_a
U00652,electronics_buyer,60,0.23088057318589586,6,Missouri,2025-06-13,variant_a
U00653,electronics_buyer,53,0.6320395041604653,29,Delaware,2023-12-30,variant_b
U00654,fashion_shopper,56,0.9030077739539843,26,Michigan,2024-02-27,variant_a
U00655,fashion_shopper,33,0.7300306368683699,6,Maine,2025-02-18,control
U00656,fashion_shopper,55,0.23381595312102707,7,South Dakota,2025-05-16,control
U00657,fashion_shopper,49,0.881049247061047,26,Montana,2026-01-24,variant_a
U00658,electronics_buyer,23,0.3713896119599789,27,Louisiana,2024-08-07,variant_a
U00659,electronics_buyer,51,0.5086685298811077,8,Iowa,2023-12-11,variant_a
U00660,fashion_shopper,25,0.5735284837202318,27,New Hampshire,2026-02-03,variant_a
U00661,hybrid,47,0.8654559439403757,3,Illinois,2024-09-13,variant_b
U00662,electronics_buyer,44,0.938446745632895,24,California,2023-09-14,variant_a
U00663,fashion_shopper,24,0.9366875900115005,15,Wyoming,2025-11-29,control
U00664,fashion_shopper,44,0.10715876315068658,22,Wisconsin,2023-10-28,control
U00665,fashion_shopper,42,0.9296996370269115,6,Minnesota,2025-08-24,control
U00666,fashion_shopper,63,0.14894826940141512,11,Oklahoma,2025-02-24,control
U00667,fashion_shopper,58,0.33919629113569183,3,Colorado,2024-08-03,control
U00668,fashion_shopper,32,0.5634890692550496,16,Hawaii,2024-11-08,control
U00669,fashion_shopper,42,0.5319331201039547,6,Utah,2026-02-20,control
U00670,fashion_shopper,39,0.6442388144986528,11,Utah,2025-11-14,control
U00671,hybrid,35,0.5315016058633053,29,Kentucky,2026-01-07,variant_b
U00672,fashion_shopper,29,0.9409381116763788,8,Idaho,2023-12-01,control
U00673,electronics_buyer,40,0.3164939633931283,29,Michigan,2025-04-22,variant_a
U00674,fashion_shopper,62,0.34662222463463727,23,Colorado,2025-03-27,variant_a
U00675,hybrid,56,0.9286641421237506,10,Alaska,2025-03-25,variant_b
U00676,fashion_shopper,42,0.16906556237073062,10,Ohio,2025-02-14,control
U00677,fashion_shopper,27,0.6486047397143289,23,Wyoming,2026-03-02,variant_a
U00678,hybrid,47,0.7135623568590497,3,Florida,2025-06-19,variant_b
U00679,hybrid,27,0.5549875510867656,26,New Mexico,2023-07-13,variant_b
U00680,hybrid,51,0.7248086909408235,14,Florida,2025-09-01,variant_b
U00681,fashion_shopper,63,0.2554791814107703,19,Rhode Island,2023-11-14,control
U00682,fashion_shopper,30,0.8673690094943859,21,Hawaii,2026-03-15,control
U00683,electronics_buyer,46,0.22602312052289703,28,New Hampshire,2024-04-21,variant_a
U00684,hybrid,55,0.46073119988417477,21,Louisiana,2025-11-10,variant_b
U00685,electronics_buyer,58,0.1677318411773852,9,Iowa,2024-06-06,variant_a
U00686,electronics_buyer,62,0.5906899709356601,13,West Virginia,2024-06-04,variant_a
U00687,fashion_shopper,26,0.7027712266830752,9,Arizona,2023-08-03,control
U00688,electronics_buyer,30,0.9470994715857615,26,New Mexico,2023-07-09,variant_b
U00689,fashion_shopper,54,0.7654025763064007,21,Texas,2026-01-01,control
U00690,fashion_shopper,31,0.586992624808736,12,Nevada,2025-04-16,control
U00691,fashion_shopper,54,0.9393553154533003,14,Ohio,2023-10-09,variant_a
U00692,electronics_buyer,26,0.5305931542367889,5,Nebraska,2023-10-01,variant_a
U00693,fashion_shopper,25,0.6050850877889824,6,Georgia,2026-03-04,control
U00694,fashion_shopper,56,0.6364886749030861,13,North Carolina,2024-08-27,control
U00695,electronics_buyer,57,0.46898175329791014,13,Wyoming,2025-01-30,variant_a
U00696,fashion_shopper,20,0.8546344215092417,24,South Carolina,2025-08-28,control
U00697,electronics_buyer,64,0.2666583449605532,6,North Carolina,2023-09-07,variant_a
U00698,fashion_shopper,57,0.5993579713344472,14,Kansas,2025-02-17,control
U00699,electronics_buyer,50,0.7500099305684746,11,Hawaii,2024-06-01,variant_a
U00700,electronics_buyer,49,0.9135785546889195,29,North Dakota,2023-11-12,variant_a
U00701,fashion_shopper,24,0.8955265567908506,13,New Jersey,2025-02-21,control
U00702,fashion_shopper,36,0.5578662604871277,12,Illinois,2025-03-24,control
U00703,fashion_shopper,51,0.6788453060470075,16,Rhode Island,2025-10-23,control
U00704,fashion_shopper,31,0.45481396251637096,6,Pennsylvania,2023-09-04,control
U00705,hybrid,64,0.5213599865921803,9,Utah,2024-04-08,variant_b
U00706,fashion_shopper,63,0.9156392133157446,17,Hawaii,2025-10-19,control
U00707,hybrid,36,0.9376335938732265,20,Maine,2024-02-22,variant_b
U00708,fashion_shopper,43,0.9058726522603177,16,Indiana,2025-07-01,control
U00709,electronics_buyer,34,0.2245337756322744,26,Virginia,2023-07-13,variant_b
U00710,electronics_buyer,45,0.8650756191975726,29,Missouri,2024-02-10,variant_b
U00711,electronics_buyer,36,0.9535273579193323,26,Missouri,2025-01-03,variant_a
U00712,electronics_buyer,44,0.4251247251162442,12,Rhode Island,2026-02-06,variant_a
U00713,fashion_shopper,36,0.5667816604795023,18,New York,2025-03-03,variant_a
U00714,fashion_shopper,50,0.8011857302316963,9,Kentucky,2023-08-27,variant_a
U00715,hybrid,24,0.6058703238090839,3,New Hampshire,2025-05-23,variant_b
U00716,hybrid,46,0.9941351695356245,10,Mississippi,2026-01-27,variant_b
U00717,hybrid,60,0.5101420286411456,11,North Dakota,2026-04-22,variant_b
U00718,fashion_shopper,22,0.7425484400866399,2,Massachusetts,2023-12-07,control
U00719,electronics_buyer,47,0.8133320261768898,8,Georgia,2024-01-03,variant_b
U00720,hybrid,60,0.5446903741825955,20,New York,2023-12-28,variant_b
U00721,fashion_shopper,25,0.8712854251402382,11,Nebraska,2025-04-18,control
U00722,fashion_shopper,59,0.5915391320864768,18,New York,2025-04-16,control
U00723,electronics_buyer,29,0.47048571712146825,20,Montana,2026-01-23,variant_b
U00724,electronics_buyer,59,0.19704130646675233,7,West Virginia,2024-03-29,variant_a
U00725,hybrid,30,0.4540722187153817,14,South Carolina,2025-01-27,variant_b
U00726,fashion_shopper,43,0.7605428092599558,7,Louisiana,2024-04-14,control
U00727,electronics_buyer,35,0.9291577705120966,1,Pennsylvania,2025-07-25,variant_b
U00728,fashion_shopper,59,0.3265114634742793,29,Rhode Island,2024-01-22,control
U00729,fashion_shopper,37,0.4197119655974524,12,Nebraska,2024-10-31,control
U00730,fashion_shopper,33,0.2385648946939836,28,New York,2023-11-04,control
U00731,hybrid,54,0.7216506048060719,1,Nevada,2026-03-01,variant_b
U00732,electronics_buyer,20,0.9641695870089327,3,Alabama,2025-01-14,variant_a
U00733,electronics_buyer,44,0.676856997863358,2,North Carolina,2026-02-07,variant_a
U00734,fashion_shopper,32,0.6553688770056036,3,Wisconsin,2025-07-09,variant_a
U00735,hybrid,51,0.5981409374503905,4,Nevada,2023-11-17,variant_b
U00736,fashion_shopper,62,0.17961016661698287,14,Ohio,2025-09-14,variant_a
U00737,hybrid,39,0.7565534437864453,23,Nebraska,2025-04-04,variant_b
U00738,fashion_shopper,57,0.6418445891944157,18,Florida,2025-07-05,variant_a
U00739,fashion_shopper,40,0.6953290919706583,23,Pennsylvania,2025-03-27,variant_a
U00740,electronics_buyer,21,0.9089299837246794,5,Colorado,2023-11-30,variant_a
U00741,fashion_shopper,58,0.8055647083549161,15,Delaware,2023-05-22,control
U00742,electronics_buyer,40,0.8028237269390734,16,Idaho,2023-11-21,variant_b
U00743,electronics_buyer,64,0.9344653919914129,8,New Hampshire,2023-11-23,variant_a
U00744,fashion_shopper,26,0.9909414563166996,24,Alaska,2023-12-03,control
U00745,hybrid,41,0.6231544587649537,21,Kentucky,2026-01-27,variant_b
U00746,fashion_shopper,38,0.19799345442804916,26,Illinois,2025-11-08,variant_a
U00747,electronics_buyer,58,0.5132169169978927,8,Mississippi,2024-05-12,variant_a
U00748,hybrid,63,0.80884103181548,28,Washington,2024-11-22,variant_b
U00749,electronics_buyer,33,0.12495279228566428,25,Vermont,2023-10-21,variant_a
U00750,fashion_shopper,42,0.15119869452053417,7,Minnesota,2025-12-06,control
U00751,hybrid,43,0.1604420041445392,6,Mississippi,2023-07-30,variant_b
U00752,electronics_buyer,62,0.7579321824954797,7,Indiana,2025-05-20,variant_a
U00753,fashion_shopper,26,0.5510499657068548,23,Massachusetts,2025-01-16,control
U00754,fashion_shopper,32,0.43200814916853425,19,Nevada,2024-08-18,control
U00755,electronics_buyer,56,0.1950553407355624,22,Wisconsin,2025-04-15,variant_b
U00756,electronics_buyer,50,0.7590162251853002,22,Maryland,2025-04-29,variant_a
U00757,electronics_buyer,18,0.3889178294958098,27,New Hampshire,2026-05-07,variant_a
U00758,hybrid,22,0.33879166305820047,25,Nebraska,2024-02-06,variant_b
U00759,electronics_buyer,26,0.6870872813981959,1,North Dakota,2025-12-29,variant_b
U00760,fashion_shopper,61,0.6031098033371576,13,Michigan,2025-03-23,control
U00761,fashion_shopper,23,0.4261695776319715,7,Wisconsin,2024-12-02,control
U00762,fashion_shopper,45,0.6773387237250292,1,New Jersey,2025-09-01,control
U00763,electronics_buyer,62,0.34409936834570637,10,Oregon,2025-04-05,variant_b
U00764,fashion_shopper,43,0.8153472354438941,13,Rhode Island,2025-02-25,control
U00765,electronics_buyer,45,0.30638705527688853,4,Maryland,2023-12-17,variant_a
U00766,electronics_buyer,57,0.2429539258438141,29,California,2024-01-21,variant_b
U00767,hybrid,32,0.8041954685489874,7,Wyoming,2025-11-20,variant_b
U00768,fashion_shopper,23,0.7371028276281398,6,Massachusetts,2024-10-08,variant_a
U00769,hybrid,44,0.2643750781316186,6,Indiana,2025-08-21,variant_b
U00770,fashion_shopper,55,0.20462117742094418,21,Alabama,2023-07-03,control
U00771,hybrid,21,0.8545591796380229,11,Rhode Island,2024-04-29,variant_b
U00772,fashion_shopper,28,0.7989386339770193,23,Delaware,2025-03-09,control
U00773,fashion_shopper,38,0.3945316363296978,9,Texas,2024-11-14,variant_a
U00774,electronics_buyer,47,0.69237766739203,22,Arizona,2024-04-23,variant_b
U00775,fashion_shopper,35,0.21174416789302974,26,Virginia,2025-09-13,control
U00776,fashion_shopper,52,0.5563428931429103,7,South Carolina,2023-07-31,control
U00777,electronics_buyer,20,0.11685726285437789,9,Ohio,2026-01-20,variant_b
U00778,electronics_buyer,29,0.45244169282939994,23,Wyoming,2024-01-04,variant_b
U00779,electronics_buyer,44,0.1673585393242646,6,Utah,2025-11-23,variant_a
U00780,electronics_buyer,47,0.5276324621411943,19,Hawaii,2024-01-15,variant_b
U00781,electronics_buyer,38,0.4795134821676049,14,Massachusetts,2023-10-02,variant_a
U00782,fashion_shopper,55,0.49994652397425043,1,Kansas,2025-08-16,control
U00783,fashion_shopper,38,0.14079817184319468,26,Indiana,2024-12-27,variant_a
U00784,fashion_shopper,55,0.4254547071536492,16,Michigan,2026-03-20,control
U00785,hybrid,57,0.7808354641899249,9,Virginia,2023-07-11,variant_b
U00786,electronics_buyer,32,0.43202293601825814,23,Missouri,2023-09-25,variant_a
U00787,fashion_shopper,35,0.7436547573486226,15,Colorado,2024-05-06,variant_a
U00788,electronics_buyer,46,0.43253085127035995,19,Kentucky,2025-12-21,variant_a
U00789,hybrid,55,0.4809154973411678,10,Oregon,2026-01-12,variant_b
U00790,fashion_shopper,38,0.6075029015463395,16,Indiana,2025-04-12,control
U00791,electronics_buyer,34,0.9556137431263743,25,Alabama,2024-01-04,variant_a
U00792,electronics_buyer,58,0.19797440198198968,3,Washington,2025-04-08,variant_a
U00793,electronics_buyer,35,0.12962239179505633,19,Oklahoma,2026-05-05,variant_a
U00794,fashion_shopper,54,0.6471614654290406,13,Kentucky,2024-06-30,control
U00795,hybrid,55,0.9541873800355837,14,North Dakota,2026-05-01,variant_b
U00796,hybrid,29,0.9907508192992434,7,Kansas,2023-08-03,variant_b
U00797,electronics_buyer,28,0.5357478226528016,2,Colorado,2025-07-04,variant_a
U00798,electronics_buyer,37,0.5212734589765886,26,Utah,2025-10-24,variant_b
U00799,hybrid,26,0.6804673936706765,14,Pennsylvania,2023-07-29,variant_b
U00800,electronics_buyer,18,0.6000712814844729,23,Connecticut,2026-02-16,variant_b
U00801,fashion_shopper,20,0.6706792518527063,23,Iowa,2023-07-21,control
U00802,electronics_buyer,38,0.8865994829841048,17,Alabama,2023-08-14,variant_a
U00803,electronics_buyer,40,0.7716755525388483,13,Iowa,2023-08-31,variant_a
U00804,fashion_shopper,26,0.547189652518116,26,Rhode Island,2024-06-14,variant_a
U00805,electronics_buyer,36,0.5156780131001526,27,Hawaii,2024-11-04,variant_b
U00806,hybrid,62,0.6756415736618044,2,South Dakota,2026-01-08,variant_b
U00807,hybrid,63,0.5101356559782677,5,Washington,2025-07-06,variant_b
U00808,electronics_buyer,36,0.5120014161390759,4,Michigan,2024-12-14,variant_a
U00809,fashion_shopper,40,0.11467531160785434,3,Connecticut,2025-04-30,control
U00810,hybrid,44,0.2566577236665776,26,Florida,2026-01-28,variant_b
U00811,hybrid,44,0.5396622759961778,14,Kansas,2026-02-23,variant_b
U00812,fashion_shopper,56,0.8403881131453322,11,Wyoming,2025-11-26,control
U00813,hybrid,53,0.3508543060544117,8,Maine,2025-04-05,variant_b
U00814,hybrid,29,0.5703790898180341,23,West Virginia,2024-10-19,variant_b
U00815,electronics_buyer,44,0.410465876283309,9,Arizona,2025-05-21,variant_a
U00816,electronics_buyer,63,0.19432359058563015,16,Alabama,2026-02-08,variant_a
U00817,fashion_shopper,51,0.9624686347641705,3,Delaware,2024-09-16,variant_a
U00818,fashion_shopper,50,0.8692064832252715,10,Indiana,2026-03-08,control
U00819,fashion_shopper,45,0.17064318202021578,1,Wisconsin,2025-06-22,control
U00820,hybrid,48,0.7478085362214562,9,Michigan,2023-10-01,variant_b
U00821,fashion_shopper,49,0.41282191392175016,16,Missouri,2024-04-27,control
U00822,fashion_shopper,37,0.9953648263556133,9,Wisconsin,2026-01-13,control
U00823,fashion_shopper,57,0.37215866784608,28,Pennsylvania,2023-07-20,variant_a
U00824,electronics_buyer,52,0.31486460082633994,12,New Mexico,2024-02-29,variant_a
U00825,hybrid,48,0.6111014934748646,1,Arkansas,2024-07-10,variant_b
U00826,fashion_shopper,48,0.8516135470088837,16,Utah,2025-10-11,variant_a
U00827,fashion_shopper,55,0.2732669846378182,8,Washington,2026-05-04,variant_a
U00828,electronics_buyer,39,0.7384624927473982,14,Connecticut,2025-10-10,variant_b
U00829,electronics_buyer,62,0.15526592482700952,14,New Jersey,2024-04-24,variant_a
U00830,fashion_shopper,58,0.9270412687994476,10,New Jersey,2026-05-01,control
U00831,electronics_buyer,26,0.17296742453256891,1,Ohio,2025-05-10,variant_a
U00832,fashion_shopper,26,0.9228082387097463,6,New Hampshire,2023-09-30,control
U00833,fashion_shopper,32,0.5417265245074325,9,South Carolina,2025-09-10,control
U00834,electronics_buyer,30,0.5032820015163278,19,New York,2026-05-18,variant_a
U00835,fashion_shopper,39,0.9759763715503389,22,South Dakota,2024-11-24,variant_a
U00836,hybrid,33,0.9913457599283971,16,Nevada,2024-12-30,variant_b
U00837,fashion_shopper,49,0.6851603133649108,19,Connecticut,2024-07-16,variant_a
U00838,electronics_buyer,19,0.21440736267134367,11,Oklahoma,2026-05-10,variant_a
U00839,electronics_buyer,43,0.5555530770896823,21,New Jersey,2024-03-01,variant_a
U00840,fashion_shopper,31,0.5762467908600962,11,Oklahoma,2024-01-05,control
U00841,electronics_buyer,55,0.5630017853217788,14,Nevada,2023-08-23,variant_a
U00842,fashion_shopper,51,0.6125426546680087,7,South Dakota,2025-11-17,control
U00843,hybrid,25,0.11685224241495161,27,Arkansas,2025-01-30,variant_b
U00844,fashion_shopper,53,0.7401045533234522,26,Delaware,2026-03-20,control
U00845,fashion_shopper,38,0.7411548717576892,12,Idaho,2024-11-25,variant_a
U00846,fashion_shopper,63,0.20392279766009913,20,Connecticut,2023-05-28,control
U00847,hybrid,60,0.6132154982012207,20,Nebraska,2024-08-29,variant_b
U00848,electronics_buyer,45,0.6115250641921971,23,New Mexico,2023-08-07,variant_a
U00849,electronics_buyer,63,0.7142053781713601,5,Oregon,2025-08-30,variant_a
U00850,fashion_shopper,61,0.17685792292157299,1,Nevada,2024-09-08,control
U00851,electronics_buyer,23,0.6638529765394867,11,Illinois,2026-05-10,variant_b
U00852,fashion_shopper,37,0.3526767556717071,15,Hawaii,2024-02-06,control
U00853,hybrid,48,0.5563026914465548,10,Kansas,2024-05-23,variant_b
U00854,fashion_shopper,50,0.7959911974336691,29,South Dakota,2025-05-16,control
U00855,fashion_shopper,61,0.735081342726712,15,Colorado,2026-04-12,control
U00856,fashion_shopper,24,0.20701271591019405,28,Utah,2025-03-30,control
U00857,electronics_buyer,25,0.6320663084044659,13,Tennessee,2025-08-19,variant_a
U00858,electronics_buyer,26,0.9722048778466648,15,New York,2025-07-30,variant_a
U00859,fashion_shopper,19,0.24109249360150203,2,West Virginia,2025-08-27,control
U00860,electronics_buyer,34,0.8676163789528734,22,Oregon,2024-01-23,variant_b
U00861,electronics_buyer,62,0.7322932724983993,13,Maine,2024-07-06,variant_a
U00862,electronics_buyer,54,0.7966029816187837,12,South Dakota,2023-07-16,variant_a
U00863,fashion_shopper,59,0.3537624944283809,25,Arizona,2025-08-09,variant_a
U00864,fashion_shopper,61,0.3591000364418582,23,New York,2024-04-03,variant_a
U00865,electronics_buyer,34,0.9154175101988393,4,Georgia,2026-03-09,variant_a
U00866,fashion_shopper,55,0.4238488288833028,28,Arkansas,2026-04-30,control
U00867,fashion_shopper,52,0.15671385162352944,12,Georgia,2024-04-01,control
U00868,hybrid,64,0.640537033221505,15,New Jersey,2023-06-22,variant_b
U00869,hybrid,56,0.2123359021376584,13,Ohio,2025-01-11,variant_b
U00870,fashion_shopper,47,0.8169366172671174,2,Utah,2024-05-26,variant_a
U00871,fashion_shopper,23,0.6775717982509516,20,Delaware,2024-02-28,control
U00872,electronics_buyer,21,0.8872538546990874,16,Hawaii,2024-04-29,variant_a
U00873,fashion_shopper,54,0.8063535248043717,14,Delaware,2024-01-15,variant_a
U00874,fashion_shopper,52,0.20090228350437656,21,Kansas,2024-11-27,control
U00875,fashion_shopper,26,0.44296360879098007,2,Minnesota,2024-04-30,control
U00876,electronics_buyer,23,0.7971042249231285,17,Maine,2024-02-28,variant_b
U00877,electronics_buyer,30,0.47560732593969324,16,Virginia,2024-03-23,variant_a
U00878,fashion_shopper,39,0.9751289363019805,4,Massachusetts,2024-02-25,control
U00879,fashion_shopper,45,0.7621664049041043,11,Georgia,2026-02-04,control
U00880,fashion_shopper,47,0.11394992502128892,13,Maryland,2024-06-06,control
U00881,electronics_buyer,53,0.8919871224047528,6,Oregon,2024-09-02,variant_b
U00882,fashion_shopper,19,0.19072430638170185,17,New York,2024-03-05,control
U00883,fashion_shopper,53,0.22647135176207728,1,South Carolina,2025-10-15,control
U00884,electronics_buyer,25,0.7610431605499458,9,Vermont,2024-08-02,variant_b
U00885,fashion_shopper,62,0.8784717034874322,21,Nevada,2024-03-10,control
U00886,electronics_buyer,59,0.5827146651096003,18,Kansas,2023-09-20,variant_a
U00887,fashion_shopper,26,0.3601447596512013,11,Utah,2024-02-06,control
U00888,fashion_shopper,18,0.41618399072785806,14,Massachusetts,2025-12-05,control
U00889,fashion_shopper,30,0.4086003966364504,2,Kentucky,2024-10-18,control
U00890,electronics_buyer,32,0.394010293428561,20,Alaska,2024-02-04,variant_b
U00891,hybrid,49,0.31861870463948483,11,Pennsylvania,2025-01-17,variant_b
U00892,hybrid,51,0.6479803851663097,2,Utah,2025-07-21,variant_b
U00893,fashion_shopper,60,0.9103647867085605,4,Delaware,2024-10-23,variant_a
U00894,electronics_buyer,48,0.3763741717750071,27,Alaska,2025-12-14,variant_a
U00895,fashion_shopper,31,0.2680248677152709,13,Nebraska,2026-05-08,control
U00896,fashion_shopper,64,0.8547198997342823,6,Maine,2025-10-16,control
U00897,hybrid,31,0.767604997800733,7,South Carolina,2024-11-19,variant_b
U00898,fashion_shopper,46,0.9377533284039195,22,Utah,2025-10-08,control
U00899,fashion_shopper,64,0.24896776204441867,20,Vermont,2024-06-07,control
U00900,fashion_shopper,36,0.22982618270493238,26,Minnesota,2025-08-05,control
U00901,fashion_shopper,44,0.587286454874497,3,New Jersey,2024-11-24,control
U00902,fashion_shopper,26,0.6529902893515858,4,Colorado,2023-11-16,control
U00903,electronics_buyer,54,0.5321560976736306,28,Iowa,2024-08-25,variant_a
U00904,fashion_shopper,54,0.6390699726914879,21,Virginia,2025-05-20,variant_a
U00905,hybrid,60,0.26234179198756424,20,Washington,2025-03-18,variant_b
U00906,hybrid,45,0.531652378747675,3,Alabama,2025-06-11,variant_b
U00907,fashion_shopper,41,0.692283304845701,1,Maryland,2024-02-20,variant_a
U00908,fashion_shopper,45,0.4894358043238334,19,Utah,2023-08-03,control
U00909,fashion_shopper,53,0.7115026022349381,27,Louisiana,2025-05-02,variant_a
U00910,electronics_buyer,35,0.5060721524984557,21,Florida,2024-01-20,variant_a
U00911,fashion_shopper,42,0.4002396227580496,13,Mississippi,2023-07-13,control
U00912,electronics_buyer,52,0.3732445423783831,14,Delaware,2025-04-11,variant_a
U00913,fashion_shopper,21,0.46981185308972917,22,Iowa,2025-06-04,variant_a
U00914,electronics_buyer,31,0.12078066041398075,28,Minnesota,2025-03-02,variant_a
U00915,fashion_shopper,56,0.7016726246015024,16,Michigan,2024-07-30,variant_a
U00916,fashion_shopper,43,0.8605950768822357,29,Alabama,2024-07-03,control
U00917,hybrid,25,0.4191643849988067,4,Nebraska,2023-10-31,variant_b
U00918,electronics_buyer,41,0.1414298225275467,17,Maryland,2024-09-09,variant_b
U00919,fashion_shopper,33,0.9880980376470019,10,New York,2024-09-09,control
U00920,hybrid,37,0.33732842990596024,29,Alaska,2024-11-28,variant_b
U00921,electronics_buyer,32,0.21395900952169572,7,Maine,2023-06-27,variant_a
U00922,hybrid,24,0.4327772571757251,13,Wisconsin,2025-07-17,variant_b
U00923,electronics_buyer,34,0.764701336570201,25,Utah,2024-08-15,variant_b
U00924,fashion_shopper,39,0.36452493720150914,13,Rhode Island,2025-06-18,variant_a
U00925,fashion_shopper,39,0.617232883527539,22,Georgia,2023-08-07,control
U00926,fashion_shopper,29,0.47400399499342805,14,Massachusetts,2024-06-07,control
U00927,electronics_buyer,35,0.20598759304895664,6,Nebraska,2025-02-01,variant_a
U00928,electronics_buyer,63,0.39725831124289923,16,Idaho,2025-03-19,variant_a
U00929,fashion_shopper,64,0.7523834551426599,9,Louisiana,2024-08-23,control
U00930,fashion_shopper,32,0.6508035075983011,20,Nevada,2026-01-26,control
U00931,hybrid,54,0.20780054189520492,16,Idaho,2024-04-02,variant_b
U00932,hybrid,33,0.2469901687428777,21,Kentucky,2024-10-26,variant_b
U00933,electronics_buyer,22,0.676660023376701,21,Michigan,2023-11-13,variant_a
U00934,fashion_shopper,19,0.832073872888782,12,New Jersey,2024-08-30,control
U00935,fashion_shopper,45,0.4145270463623524,16,South Carolina,2023-10-05,control
U00936,fashion_shopper,58,0.6357796766591052,5,Florida,2024-04-23,control
U00937,hybrid,44,0.25357922987689474,24,Massachusetts,2025-11-15,variant_b
U00938,fashion_shopper,48,0.3802387032147915,11,Texas,2023-11-12,control
U00939,electronics_buyer,58,0.11824318510574734,1,New Hampshire,2025-12-27,variant_a
U00940,fashion_shopper,53,0.7914483530195703,10,Tennessee,2025-11-01,control
U00941,electronics_buyer,64,0.46090883779567016,11,Tennessee,2026-03-24,variant_a
U00942,electronics_buyer,60,0.8345130162885585,15,Arizona,2024-10-06,variant_a
U00943,hybrid,18,0.7375356964204537,26,Utah,2025-02-22,variant_b
U00944,fashion_shopper,46,0.8458698391556292,27,New Jersey,2023-11-11,control
U00945,fashion_shopper,18,0.35709280262459453,3,Ohio,2025-03-29,control
U00946,fashion_shopper,25,0.26659785738506075,24,Arizona,2024-07-02,control
U00947,hybrid,33,0.9747151143865035,15,Alabama,2024-06-20,variant_b
U00948,hybrid,45,0.7455950083367826,11,Florida,2026-04-06,variant_b
U00949,electronics_buyer,39,0.8506380411340033,9,Kansas,2023-11-09,variant_a
U00950,electronics_buyer,35,0.11182003633894036,2,South Dakota,2024-08-01,variant_a
U00951,electronics_buyer,39,0.41901545826629794,12,South Carolina,2024-02-27,variant_a
U00952,fashion_shopper,58,0.7685350215195985,20,Wisconsin,2026-05-15,control
U00953,hybrid,29,0.170184549690985,16,Idaho,2024-09-15,variant_b
U00954,fashion_shopper,36,0.6106059366120421,24,Iowa,2024-03-18,variant_a
U00955,fashion_shopper,42,0.4861654907095029,16,Colorado,2025-03-12,variant_a
U00956,electronics_buyer,22,0.11585485642699657,21,California,2025-05-11,variant_a
U00957,fashion_shopper,51,0.31237801940750626,1,Nebraska,2026-03-22,control
U00958,fashion_shopper,56,0.3563127901600428,16,Delaware,2023-12-28,control
U00959,electronics_buyer,27,0.20067395171169022,6,Arizona,2025-12-06,variant_b
U00960,fashion_shopper,64,0.6683832187683943,14,Idaho,2025-02-13,control
U00961,electronics_buyer,24,0.31815808862670014,25,Utah,2024-05-13,variant_a
U00962,fashion_shopper,54,0.34985754965744953,25,Georgia,2024-08-14,control
U00963,fashion_shopper,64,0.9084147383801326,11,New Hampshire,2024-04-21,variant_a
U00964,fashion_shopper,32,0.5204107834238255,1,Florida,2025-08-13,control
U00965,fashion_shopper,59,0.45291533227234515,20,Colorado,2024-06-08,variant_a
U00966,electronics_buyer,41,0.7514839344832455,17,Tennessee,2025-01-11,variant_b
U00967,fashion_shopper,43,0.9186524171946209,23,Utah,2024-12-22,control
U00968,electronics_buyer,43,0.12253270261369946,19,West Virginia,2024-12-24,variant_a
U00969,electronics_buyer,63,0.5034149618998568,2,New Hampshire,2023-06-17,variant_a
U00970,electronics_buyer,43,0.6497032204701525,14,Arizona,2024-10-20,variant_a
U00971,hybrid,27,0.38670678831339067,8,Maryland,2025-12-10,variant_b
U00972,electronics_buyer,34,0.7951669499109175,25,Nevada,2026-01-04,variant_b
U00973,fashion_shopper,31,0.9743293632432465,23,California,2026-04-08,control
U00974,fashion_shopper,19,0.9490846296252549,22,Hawaii,2023-12-11,control
U00975,fashion_shopper,30,0.3393842854419477,26,Kansas,2024-05-29,control
U00976,electronics_buyer,44,0.3037044505937374,29,Montana,2024-04-03,variant_a
U00977,fashion_shopper,26,0.9617414779190989,27,Vermont,2026-01-24,control
U00978,electronics_buyer,24,0.5127656386883194,6,Minnesota,2025-06-13,variant_a
U00979,electronics_buyer,27,0.28746795077622256,9,New Jersey,2025-04-27,variant_a
U00980,fashion_shopper,26,0.7362972672673763,5,Maryland,2023-06-03,control
U00981,electronics_buyer,39,0.3559782915134124,5,Rhode Island,2024-02-13,variant_b
U00982,fashion_shopper,40,0.3405222775639471,18,Iowa,2024-12-09,control
U00983,fashion_shopper,24,0.8913241387700063,22,Washington,2023-09-17,control
U00984,electronics_buyer,26,0.2462312380392131,14,Mississippi,2026-02-26,variant_b
U00985,electronics_buyer,44,0.15795365181961277,12,Florida,2026-01-15,variant_a
U00986,electronics_buyer,41,0.3422677961545185,28,Wisconsin,2026-04-18,variant_b
U00987,fashion_shopper,46,0.6462508715543834,12,Michigan,2024-03-13,variant_a
U00988,fashion_shopper,34,0.2107790680629435,22,New York,2024-01-12,control
U00989,hybrid,37,0.5244352050491143,6,California,2024-10-23,variant_b
U00990,electronics_buyer,24,0.6646033993827878,4,Delaware,2025-09-11,variant_b
U00991,electronics_buyer,60,0.8638632933338565,27,Florida,2025-01-16,variant_b
U00992,fashion_shopper,57,0.3068826320820289,15,Missouri,2025-04-23,control
U00993,electronics_buyer,24,0.8356116910445105,23,Florida,2023-10-02,variant_a
U00994,fashion_shopper,45,0.31141563501811476,15,Louisiana,2026-03-06,variant_a
U00995,fashion_shopper,36,0.7090898871156764,25,Vermont,2024-01-18,control
U00996,hybrid,37,0.4876062143342096,17,Missouri,2026-05-02,variant_b
U00997,fashion_shopper,61,0.20321311814080317,3,Alaska,2026-03-15,control
U00998,hybrid,56,0.7428371165396639,10,Ohio,2025-08-19,variant_b
U00999,fashion_shopper,57,0.295986356694116,25,Utah,2024-12-31,variant_a
U01000,fashion_shopper,24,0.2589610834221323,21,South Carolina,2023-08-26,control
U01001,electronics_buyer,23,0.4224906357304449,22,Mississippi,2024-03-12,variant_a
U01002,hybrid,42,0.6879612202835351,8,Arizona,2023-09-24,variant_b
U01003,electronics_buyer,58,0.31059683091156504,9,West Virginia,2024-10-25,variant_b
U01004,hybrid,30,0.2652953849036972,24,Tennessee,2024-12-09,variant_b
U01005,electronics_buyer,56,0.1089582631420279,3,New Mexico,2024-12-02,variant_a
U01006,electronics_buyer,57,0.5244787873915513,26,New York,2025-08-12,variant_b
U01007,hybrid,39,0.48578101238366445,1,Alaska,2024-12-29,variant_b
U01008,fashion_shopper,34,0.31048096927363866,11,Arizona,2024-03-30,control
U01009,electronics_buyer,39,0.1482869476087217,13,Nebraska,2024-06-08,variant_a
U01010,fashion_shopper,51,0.48633028713625326,12,Minnesota,2024-07-15,control
U01011,hybrid,25,0.8093845999644681,29,Wisconsin,2025-09-09,variant_b
U01012,hybrid,62,0.7437539181944592,21,Maryland,2023-11-09,variant_b
U01013,fashion_shopper,35,0.8747154008741532,7,New Jersey,2025-10-18,control
U01014,electronics_buyer,41,0.10862441894184006,2,New York,2025-01-17,variant_b
U01015,hybrid,59,0.9697773851241386,1,Washington,2026-02-01,variant_b
U01016,fashion_shopper,19,0.40727102736470355,20,Michigan,2023-10-29,control
U01017,electronics_buyer,19,0.9913580164827683,3,Michigan,2025-08-01,variant_a
U01018,hybrid,44,0.3273575145415972,4,Oklahoma,2025-04-20,variant_b
U01019,fashion_shopper,31,0.5243827488204204,17,Texas,2023-09-26,control
U01020,electronics_buyer,56,0.41853490891777334,18,Georgia,2026-02-03,variant_b
U01021,fashion_shopper,29,0.4201846434948724,17,Oregon,2025-01-21,control
U01022,hybrid,49,0.8580538888733942,19,Massachusetts,2025-02-22,variant_b
U01023,hybrid,45,0.7717770457636048,4,Georgia,2026-05-15,variant_b
U01024,hybrid,45,0.9929362917070433,29,Wisconsin,2023-10-08,variant_b
U01025,electronics_buyer,63,0.6521632144457613,17,Tennessee,2025-02-03,variant_a
U01026,hybrid,42,0.5169309439550525,22,South Dakota,2025-11-19,variant_b
U01027,hybrid,21,0.18106647665220202,2,Rhode Island,2026-05-18,variant_b
U01028,fashion_shopper,43,0.9969052775624712,10,Montana,2025-03-18,control
U01029,hybrid,53,0.5963775876390546,12,Oregon,2024-04-10,variant_b
U01030,fashion_shopper,20,0.7304297227211276,13,Texas,2024-04-11,control
U01031,electronics_buyer,18,0.46606814847218025,11,Virginia,2023-08-30,variant_a
U01032,fashion_shopper,34,0.5929441373613124,21,Indiana,2026-01-30,control
U01033,fashion_shopper,24,0.9483199587035984,8,Texas,2025-06-21,control
U01034,fashion_shopper,22,0.24977749413844247,28,North Carolina,2024-06-24,control
U01035,electronics_buyer,36,0.3631353258972292,29,Rhode Island,2024-02-05,variant_b
U01036,fashion_shopper,56,0.23685375500022912,20,Vermont,2026-02-15,control
U01037,electronics_buyer,63,0.8129943134242972,5,Michigan,2025-10-22,variant_b
U01038,fashion_shopper,51,0.15584073437964663,25,Alabama,2025-03-21,control
U01039,fashion_shopper,52,0.17346848486620448,2,Nevada,2025-01-28,control
U01040,electronics_buyer,33,0.3686447015086318,12,Michigan,2025-11-25,variant_a
U01041,electronics_buyer,57,0.5627693628289101,28,Ohio,2026-03-14,variant_b
U01042,fashion_shopper,64,0.4656473205036279,2,New Hampshire,2024-03-11,control
U01043,electronics_buyer,56,0.14033467960372656,6,Montana,2025-07-24,variant_a
U01044,hybrid,44,0.9617424020838564,22,New Hampshire,2023-07-22,variant_b
U01045,electronics_buyer,58,0.9575825683222753,19,Wyoming,2024-08-10,variant_a
U01046,fashion_shopper,55,0.35142069091668393,12,Washington,2025-03-27,control
U01047,fashion_shopper,42,0.7583730537417234,25,Colorado,2025-01-22,control
U01048,hybrid,43,0.6207178702449014,13,Maryland,2025-07-16,variant_b
U01049,fashion_shopper,31,0.31372902550506165,17,Indiana,2023-09-10,control
U01050,hybrid,31,0.3359543965674539,12,Vermont,2025-12-06,variant_b
U01051,electronics_buyer,31,0.5420378568794054,3,New York,2024-03-25,variant_a
U01052,hybrid,42,0.47731324734762415,24,West Virginia,2026-01-24,variant_b
U01053,electronics_buyer,53,0.3621063954081378,8,Wyoming,2023-10-26,variant_b
U01054,hybrid,21,0.8267604366746341,16,Montana,2024-06-05,variant_b
U01055,fashion_shopper,64,0.5333166258736465,4,New Jersey,2024-02-21,variant_a
U01056,electronics_buyer,32,0.6893632561502151,24,Colorado,2025-08-11,variant_b
U01057,fashion_shopper,49,0.2703461501510879,27,Missouri,2023-11-21,variant_a
U01058,electronics_buyer,35,0.5801568962648381,26,West Virginia,2025-07-19,variant_a
U01059,electronics_buyer,31,0.3861784445019594,13,New York,2023-11-19,variant_a
U01060,hybrid,18,0.5737722493553904,8,Idaho,2024-10-06,variant_b
U01061,hybrid,59,0.8027432500698354,1,Kansas,2025-02-05,variant_b
U01062,electronics_buyer,37,0.7920218890821356,3,Vermont,2024-06-15,variant_b
U01063,fashion_shopper,27,0.4187986102308483,1,Michigan,2026-01-16,variant_a
U01064,fashion_shopper,27,0.7248494053716752,15,Utah,2025-12-19,variant_a
U01065,electronics_buyer,41,0.9471609553548492,18,Oregon,2024-10-06,variant_b
U01066,fashion_shopper,51,0.6631023969324158,20,Oregon,2025-02-18,control
U01067,fashion_shopper,45,0.23356911104437345,3,Texas,2023-06-21,control
U01068,fashion_shopper,44,0.7117377663511856,29,Montana,2025-10-10,variant_a
U01069,fashion_shopper,57,0.1944139477143802,15,South Carolina,2024-02-04,control
U01070,fashion_shopper,18,0.8848993679137245,27,Missouri,2025-09-28,control
U01071,fashion_shopper,50,0.5649944462217463,22,Arizona,2023-05-24,control
U01072,fashion_shopper,21,0.4466266626804216,28,Nebraska,2024-01-03,control
U01073,fashion_shopper,24,0.15130593518472316,28,South Carolina,2026-02-14,control
U01074,hybrid,26,0.4427053611328987,5,Delaware,2025-06-01,variant_b
U01075,fashion_shopper,33,0.9128860011242105,21,Arkansas,2024-07-23,variant_a
U01076,fashion_shopper,22,0.11888469665767287,10,Montana,2024-07-20,variant_a
U01077,electronics_buyer,51,0.5271833420036245,7,Maine,2023-05-27,variant_b
U01078,fashion_shopper,40,0.9380422819995601,23,Louisiana,2024-04-13,control
U01079,hybrid,60,0.455356899788519,25,Nebraska,2023-08-01,variant_b
U01080,electronics_buyer,42,0.48535811871593537,8,New Jersey,2024-05-29,variant_b
U01081,fashion_shopper,30,0.6207040496792079,3,Utah,2025-06-28,control
U01082,fashion_shopper,41,0.5166436002194651,18,Maine,2024-10-03,variant_a
U01083,hybrid,28,0.2517415221137972,17,Wyoming,2023-07-27,variant_b
U01084,hybrid,34,0.11669998516287437,16,Arkansas,2023-08-30,variant_b
U01085,electronics_buyer,54,0.6488304921808314,26,Kansas,2026-03-23,variant_a
U01086,electronics_buyer,30,0.9287259283070309,22,Alaska,2024-07-29,variant_a
U01087,fashion_shopper,44,0.19572771972444908,29,Louisiana,2025-09-21,control
U01088,hybrid,37,0.2898574473274781,13,Utah,2025-04-11,variant_b
U01089,fashion_shopper,50,0.43320653724247615,4,Michigan,2023-06-24,control
U01090,hybrid,59,0.8278680061190077,3,Georgia,2026-03-04,variant_b
U01091,electronics_buyer,49,0.34233428482387984,11,West Virginia,2024-04-01,variant_a
U01092,electronics_buyer,25,0.8938489638508916,27,North Carolina,2024-12-04,variant_a
U01093,electronics_buyer,46,0.14946208718505977,2,Rhode Island,2025-01-24,variant_a
U01094,fashion_shopper,57,0.9468609591330414,18,Arkansas,2024-09-01,control
U01095,fashion_shopper,36,0.6046723700863884,27,Nevada,2024-09-27,control
U01096,fashion_shopper,23,0.6928999106389341,4,Connecticut,2023-07-18,control
U01097,fashion_shopper,61,0.4309205702827178,17,New Mexico,2024-09-16,control
U01098,electronics_buyer,56,0.8037948569599542,6,New Mexico,2025-05-23,variant_b
U01099,fashion_shopper,58,0.24990962507596548,10,Georgia,2024-08-04,variant_a
U01100,fashion_shopper,38,0.14402064275063833,11,Michigan,2023-06-01,control
U01101,hybrid,39,0.45596524879680145,5,Georgia,2025-03-31,variant_b
U01102,hybrid,59,0.8683261425829355,26,Delaware,2025-03-20,variant_b
U01103,hybrid,27,0.7794341529739252,25,Georgia,2024-09-20,variant_b
U01104,hybrid,27,0.5654403734400623,18,Kentucky,2024-10-28,variant_b
U01105,fashion_shopper,46,0.6149239724488181,25,Arkansas,2023-09-29,control
U01106,fashion_shopper,33,0.21690354366887987,25,Idaho,2024-11-03,variant_a
U01107,electronics_buyer,18,0.8566133577558239,10,North Carolina,2024-08-13,variant_b
U01108,electronics_buyer,34,0.8082637146677772,9,Minnesota,2024-08-21,variant_b
U01109,fashion_shopper,47,0.6908233544982485,16,Wyoming,2023-10-15,control
U01110,hybrid,43,0.5195719326960446,10,Wisconsin,2024-08-08,variant_b
U01111,fashion_shopper,63,0.9680133414515611,10,New York,2025-09-11,control
U01112,fashion_shopper,36,0.891128774688824,4,Delaware,2023-11-24,control
U01113,electronics_buyer,38,0.6799874441631567,21,Idaho,2026-04-10,variant_a
U01114,electronics_buyer,34,0.43462089794555914,24,Hawaii,2023-10-06,variant_a
U01115,electronics_buyer,63,0.6562200508133611,14,Pennsylvania,2023-08-12,variant_a
U01116,fashion_shopper,57,0.6178968338775989,8,Wisconsin,2023-09-06,control
U01117,hybrid,38,0.4548177890514248,1,Montana,2023-11-16,variant_b
U01118,fashion_shopper,58,0.37600657451926844,16,Connecticut,2025-07-05,control
U01119,fashion_shopper,57,0.46630971301359014,26,Illinois,2025-05-12,control
U01120,hybrid,62,0.6165202654300581,17,South Carolina,2025-07-17,variant_b
U01121,hybrid,36,0.48532136023998496,10,Mississippi,2025-02-20,variant_b
U01122,hybrid,24,0.3372170393812455,6,Minnesota,2025-07-06,variant_b
U01123,hybrid,34,0.7848669859847278,7,California,2026-04-03,variant_b
U01124,electronics_buyer,18,0.5783207463616716,18,Colorado,2025-02-21,variant_a
U01125,electronics_buyer,54,0.16090764690304,2,New Jersey,2025-04-13,variant_a
U01126,fashion_shopper,23,0.431484855063513,21,Virginia,2026-04-30,control
U01127,fashion_shopper,43,0.8964221114907942,9,Alaska,2025-11-01,variant_a
U01128,fashion_shopper,19,0.7797128780799567,5,Kentucky,2024-08-11,variant_a
U01129,fashion_shopper,49,0.3909221055496064,8,Indiana,2025-03-15,control
U01130,electronics_buyer,22,0.9443648368400581,24,Massachusetts,2025-10-07,variant_b
U01131,electronics_buyer,54,0.16894261752238915,5,Florida,2023-11-16,variant_a
U01132,fashion_shopper,48,0.96511123350297,24,Vermont,2024-10-10,control
U01133,fashion_shopper,29,0.3211345832362081,15,Nevada,2025-08-22,control
U01134,electronics_buyer,52,0.10818476227217734,8,Idaho,2026-01-08,variant_b
U01135,fashion_shopper,47,0.49042723286649414,5,Ohio,2025-04-16,control
U01136,hybrid,23,0.42307338671830785,5,Louisiana,2025-06-11,variant_b
U01137,electronics_buyer,32,0.5851801046861145,20,South Carolina,2024-02-13,variant_a
U01138,electronics_buyer,32,0.8170955745128609,17,Tennessee,2024-11-11,variant_a
U01139,electronics_buyer,33,0.8581877219354024,9,Arizona,2025-07-16,variant_a
U01140,hybrid,37,0.4611069996505226,2,Missouri,2026-01-05,variant_b
U01141,fashion_shopper,30,0.4868611693357152,1,Ohio,2026-02-05,variant_a
U01142,electronics_buyer,61,0.2333599572965263,22,Pennsylvania,2024-05-14,variant_b
U01143,electronics_buyer,59,0.14279284799304715,21,Delaware,2023-12-11,variant_a
U01144,fashion_shopper,63,0.6770934912115222,11,Nebraska,2025-12-12,control
U01145,hybrid,48,0.15799386299742307,15,Missouri,2023-12-13,variant_b
U01146,electronics_buyer,51,0.7604471074793103,1,Oregon,2024-05-17,variant_b
U01147,electronics_buyer,46,0.5851811305200227,7,New Hampshire,2025-08-21,variant_a
U01148,hybrid,20,0.2787246804034751,23,Wisconsin,2024-07-07,variant_b
U01149,hybrid,26,0.5855706491613847,19,Wyoming,2025-03-10,variant_b
U01150,electronics_buyer,28,0.264697944941889,24,Virginia,2023-05-24,variant_b
U01151,hybrid,28,0.49486348675937086,15,Minnesota,2023-12-07,variant_b
U01152,electronics_buyer,42,0.819604284618006,6,New Jersey,2025-02-27,variant_b
U01153,electronics_buyer,39,0.5157273640695736,20,Delaware,2024-11-29,variant_b
U01154,electronics_buyer,59,0.23382938646779342,26,Montana,2026-04-09,variant_a
U01155,electronics_buyer,63,0.7514458136406507,26,Rhode Island,2024-02-15,variant_b
U01156,fashion_shopper,26,0.268091574643008,10,Nevada,2024-02-15,control
U01157,hybrid,37,0.7646948869330985,12,Arizona,2024-06-01,variant_b
U01158,hybrid,38,0.53141706029425,13,New York,2024-05-19,variant_b
U01159,fashion_shopper,27,0.5083675831848714,15,Mississippi,2025-11-16,control
U01160,hybrid,39,0.8662915340717273,19,Nevada,2025-02-15,variant_b
U01161,fashion_shopper,46,0.7377431719066019,17,Kansas,2025-05-01,control
U01162,fashion_shopper,26,0.12961971725944535,13,Arizona,2025-01-13,control
U01163,electronics_buyer,22,0.3665568831414422,2,Alaska,2025-02-12,variant_b
U01164,fashion_shopper,57,0.8838285947649087,18,Illinois,2026-02-28,control
U01165,hybrid,28,0.11649355169067878,29,Kentucky,2025-10-02,variant_b
U01166,hybrid,18,0.5907281016357734,11,Alabama,2025-06-18,variant_b
U01167,electronics_buyer,59,0.7550431022565495,5,Michigan,2025-06-18,variant_a
U01168,fashion_shopper,18,0.6596704769361182,4,Nevada,2026-01-22,control
U01169,fashion_shopper,56,0.7844789818939928,2,Pennsylvania,2025-11-03,control
U01170,electronics_buyer,63,0.7531226640232712,27,Ohio,2024-07-10,variant_a
U01171,hybrid,22,0.722827625637802,16,Georgia,2025-09-21,variant_b
U01172,electronics_buyer,39,0.8393858748330869,25,Oregon,2024-02-01,variant_a
U01173,fashion_shopper,43,0.6811216016045846,7,Pennsylvania,2024-05-26,control
U01174,electronics_buyer,23,0.46217664483128384,8,Illinois,2024-03-20,variant_a
U01175,electronics_buyer,49,0.5247181989231289,8,California,2024-05-28,variant_a
U01176,electronics_buyer,28,0.7450523044133055,2,Alaska,2025-08-24,variant_b
U01177,fashion_shopper,27,0.8886754267001146,15,Iowa,2023-12-03,control
U01178,electronics_buyer,64,0.34499692075579813,5,Arizona,2025-12-01,variant_b
U01179,electronics_buyer,56,0.4078691163739637,19,Maryland,2025-08-07,variant_a
U01180,hybrid,51,0.9376654567261714,10,Virginia,2023-12-26,variant_b
U01181,fashion_shopper,48,0.6206606131685009,9,Pennsylvania,2023-07-16,variant_a
U01182,electronics_buyer,29,0.26106563542150096,25,Indiana,2025-02-21,variant_a
U01183,hybrid,61,0.6973256250211445,22,Utah,2024-08-01,variant_b
U01184,fashion_shopper,33,0.9916859399854416,29,Ohio,2024-04-03,control
U01185,hybrid,55,0.8411082080233601,20,New York,2024-11-07,variant_b
U01186,electronics_buyer,20,0.7711670228962625,8,Oregon,2025-11-27,variant_b
U01187,fashion_shopper,19,0.2872419888396423,5,Colorado,2023-09-20,control
U01188,fashion_shopper,22,0.8885258062156065,19,Washington,2024-11-04,control
U01189,electronics_buyer,28,0.5732099591819918,13,Delaware,2025-09-14,variant_b
U01190,fashion_shopper,42,0.90036101986476,27,Alabama,2025-11-22,control
U01191,electronics_buyer,52,0.3968450464823914,14,Iowa,2024-10-28,variant_a
U01192,fashion_shopper,52,0.1558459473718895,8,Ohio,2025-11-19,variant_a
U01193,electronics_buyer,39,0.5283783717937716,16,New York,2023-09-29,variant_a
U01194,fashion_shopper,54,0.3428538443360899,28,Vermont,2024-05-23,control
U01195,hybrid,39,0.7437063607986684,22,Georgia,2024-12-17,variant_b
U01196,hybrid,28,0.9613958975704292,5,Missouri,2023-07-11,variant_b
U01197,hybrid,49,0.7218767360364076,1,Alaska,2025-11-08,variant_b
U01198,electronics_buyer,52,0.8982405367382831,19,New Mexico,2023-06-25,variant_b
U01199,fashion_shopper,48,0.5077216122410857,23,New Jersey,2025-12-28,control
U01200,electronics_buyer,62,0.7944766634757715,19,Oregon,2025-12-02,variant_b
U01201,fashion_shopper,25,0.8587390930045331,17,New York,2025-10-31,control
U01202,fashion_shopper,37,0.7397880648251881,24,Massachusetts,2024-06-10,control
U01203,fashion_shopper,59,0.5569995574626082,23,Florida,2026-05-01,control
U01204,electronics_buyer,51,0.6632794986538312,21,Illinois,2025-04-25,variant_a
U01205,electronics_buyer,21,0.7304562961109923,28,Wyoming,2025-05-29,variant_b
U01206,electronics_buyer,35,0.32777596289928423,10,New Hampshire,2025-04-15,variant_b
U01207,fashion_shopper,21,0.8286213348234863,5,Wyoming,2024-11-05,variant_a
U01208,fashion_shopper,37,0.955292085070546,22,Oklahoma,2023-08-02,control
U01209,hybrid,26,0.5187153836619424,7,Colorado,2026-02-16,variant_b
U01210,fashion_shopper,33,0.7309604647988897,16,Utah,2023-09-15,variant_a
U01211,electronics_buyer,43,0.7633233152113186,29,Michigan,2024-02-11,variant_a
U01212,fashion_shopper,55,0.6960227927693322,3,New Jersey,2024-11-07,control
U01213,electronics_buyer,42,0.592403597495772,27,North Carolina,2025-12-12,variant_b
U01214,electronics_buyer,21,0.8934831591173296,12,South Dakota,2023-10-16,variant_b
U01215,fashion_shopper,58,0.504034038342005,14,South Dakota,2024-08-14,control
U01216,fashion_shopper,62,0.15499266083794322,28,South Carolina,2025-06-30,control
U01217,electronics_buyer,58,0.8601007381409442,20,Pennsylvania,2024-06-06,variant_b
U01218,electronics_buyer,55,0.7065831450848956,1,New York,2025-01-09,variant_a
U01219,fashion_shopper,36,0.8643327638496819,7,Missouri,2025-11-19,control
U01220,hybrid,31,0.22469269820022486,26,Hawaii,2026-01-18,variant_b
U01221,fashion_shopper,38,0.12767764645874471,18,Washington,2025-01-10,control
U01222,fashion_shopper,32,0.9409370863442512,23,Georgia,2023-12-01,variant_a
U01223,hybrid,20,0.23295547526551685,22,Washington,2023-07-20,variant_b
U01224,fashion_shopper,54,0.8286870988634066,4,Oregon,2024-06-17,variant_a
U01225,electronics_buyer,63,0.8408889479625722,16,Arizona,2023-11-04,variant_a
U01226,fashion_shopper,33,0.7378346804941027,11,Wisconsin,2023-06-01,variant_a
U01227,fashion_shopper,31,0.21813598998358386,18,Tennessee,2025-12-18,control
U01228,hybrid,26,0.7006587621047268,23,New Jersey,2025-04-06,variant_b
U01229,fashion_shopper,64,0.900177924994179,16,Maryland,2024-01-26,variant_a
U01230,hybrid,24,0.48297848032079493,7,Ohio,2023-05-22,variant_b
U01231,fashion_shopper,31,0.472165168940739,21,Idaho,2023-07-11,control
U01232,fashion_shopper,23,0.49857247862147713,25,Indiana,2023-11-14,control
U01233,fashion_shopper,38,0.17404470160858582,3,Maryland,2023-06-09,control
U01234,electronics_buyer,32,0.9028230121269761,25,Kentucky,2024-04-05,variant_a
U01235,fashion_shopper,25,0.8822645775824594,5,Utah,2026-05-02,variant_a
U01236,hybrid,51,0.9981183896112577,18,Hawaii,2023-10-10,variant_b
U01237,electronics_buyer,57,0.6266648273485721,25,California,2024-09-05,variant_a
U01238,hybrid,18,0.7760724728062471,17,North Dakota,2024-01-02,variant_b
U01239,fashion_shopper,49,0.2824047156765742,1,Nebraska,2023-09-20,control
U01240,hybrid,22,0.7007759364017526,16,Colorado,2025-05-30,variant_b
U01241,electronics_buyer,47,0.6847595638816516,15,Florida,2023-11-12,variant_b
U01242,electronics_buyer,39,0.9110878622574512,13,Nebraska,2025-12-10,variant_b
U01243,hybrid,37,0.8477134505551667,7,Oklahoma,2023-10-04,variant_b
U01244,electronics_buyer,33,0.9446198163559868,3,North Carolina,2024-04-06,variant_b
U01245,electronics_buyer,24,0.8819501254314467,24,Idaho,2023-08-01,variant_a
U01246,fashion_shopper,24,0.8818245054089667,23,New York,2025-01-19,control
U01247,fashion_shopper,19,0.15735099401984645,27,Delaware,2025-05-05,control
U01248,hybrid,64,0.8613657574263602,13,Hawaii,2025-11-25,variant_b
U01249,electronics_buyer,31,0.6467305550528063,16,Massachusetts,2023-05-24,variant_a
U01250,electronics_buyer,48,0.44240000658936507,23,South Dakota,2024-03-04,variant_b
U01251,electronics_buyer,58,0.15086316194925609,1,Oregon,2023-09-15,variant_a
U01252,fashion_shopper,31,0.709906397291242,1,Arkansas,2025-09-12,control
U01253,fashion_shopper,22,0.3953815754838558,28,Alaska,2025-01-02,control
U01254,electronics_buyer,28,0.5209986384874313,16,Maine,2024-07-28,variant_b
U01255,fashion_shopper,57,0.7135555933496208,2,Washington,2023-07-18,variant_a
U01256,fashion_shopper,22,0.9205970923217286,18,California,2025-10-20,control
U01257,electronics_buyer,46,0.8428932240444986,27,Pennsylvania,2026-03-12,variant_a
U01258,fashion_shopper,28,0.5055374161932399,21,Arizona,2024-03-22,control
U01259,electronics_buyer,22,0.44900484170174104,25,Vermont,2025-07-25,variant_a
U01260,fashion_shopper,49,0.31580176495964274,23,New Mexico,2025-02-01,control
U01261,electronics_buyer,53,0.4351840760583714,18,Wisconsin,2025-01-31,variant_b
U01262,fashion_shopper,32,0.19994174856270847,5,Alaska,2024-07-23,control
U01263,electronics_buyer,36,0.973994957528279,5,New York,2025-06-20,variant_a
U01264,fashion_shopper,39,0.616525699563621,8,Alabama,2023-08-08,control
U01265,fashion_shopper,51,0.2150252585156916,9,Indiana,2024-12-25,control
U01266,fashion_shopper,34,0.4175254083393152,24,Minnesota,2026-04-08,variant_a
U01267,electronics_buyer,29,0.5923352292585904,14,Kentucky,2023-06-10,variant_a
U01268,electronics_buyer,42,0.5795970729767826,13,Alaska,2024-05-18,variant_a
U01269,fashion_shopper,34,0.13195303184676913,18,Tennessee,2024-08-31,control
U01270,electronics_buyer,27,0.9557569308062003,4,North Dakota,2024-10-11,variant_b
U01271,hybrid,45,0.3478381133274502,18,Pennsylvania,2024-01-21,variant_b
U01272,electronics_buyer,35,0.11456620203870208,22,Missouri,2023-09-08,variant_b
U01273,fashion_shopper,35,0.16879960805525424,20,Indiana,2025-07-07,control
U01274,electronics_buyer,62,0.6221754129231792,15,Washington,2024-11-26,variant_a
U01275,fashion_shopper,49,0.22400696860758718,7,North Carolina,2024-09-02,control
U01276,fashion_shopper,31,0.13755231356815295,13,Oklahoma,2025-01-22,control
U01277,hybrid,33,0.4416638197714402,2,Utah,2023-07-14,variant_b
U01278,fashion_shopper,35,0.6604850731061697,9,Texas,2024-12-06,control
U01279,electronics_buyer,33,0.20065582435745116,5,Arkansas,2025-04-21,variant_a
U01280,electronics_buyer,34,0.38199504893618397,1,Idaho,2026-04-23,variant_a
U01281,electronics_buyer,24,0.475984604462088,28,Nevada,2024-02-13,variant_b
U01282,electronics_buyer,29,0.24351408800809046,27,Illinois,2025-05-20,variant_a
U01283,fashion_shopper,51,0.5554665086200391,19,West Virginia,2023-08-02,control
U01284,fashion_shopper,27,0.17669267821159382,20,North Carolina,2026-01-09,control
U01285,electronics_buyer,22,0.14186664671056182,19,New Mexico,2024-09-04,variant_a
U01286,fashion_shopper,38,0.5678518304396213,22,Alaska,2025-03-23,control
U01287,fashion_shopper,20,0.3231072754757881,29,New Mexico,2023-09-02,variant_a
U01288,fashion_shopper,36,0.1858364271082248,13,Alabama,2026-01-08,control
U01289,fashion_shopper,62,0.4815213287388691,6,North Carolina,2024-06-07,control
U01290,fashion_shopper,61,0.9236266655656552,10,Idaho,2025-05-03,variant_a
U01291,fashion_shopper,52,0.7517732019887394,29,South Dakota,2023-09-29,control
U01292,electronics_buyer,23,0.8340543238123248,11,Tennessee,2025-08-02,variant_a
U01293,electronics_buyer,31,0.8847225898827729,23,West Virginia,2025-04-24,variant_b
U01294,hybrid,21,0.975364967256777,25,Alaska,2025-07-04,variant_b
U01295,fashion_shopper,62,0.7869219161627558,16,Texas,2025-09-25,control
U01296,fashion_shopper,35,0.6475671297455317,26,Ohio,2025-03-10,control
U01297,fashion_shopper,46,0.4288832922720225,25,Michigan,2025-02-01,control
U01298,electronics_buyer,52,0.2634789129019445,23,Connecticut,2025-08-29,variant_a
U01299,electronics_buyer,55,0.7179938865849649,27,Maryland,2024-01-18,variant_b
U01300,fashion_shopper,33,0.9954549875097477,1,Vermont,2023-08-30,control
U01301,hybrid,37,0.5206228161570272,19,Delaware,2023-06-30,variant_b
U01302,fashion_shopper,41,0.7513114312835268,5,Virginia,2025-06-07,control
U01303,electronics_buyer,52,0.5455832049938406,26,Kentucky,2024-04-19,variant_a
U01304,electronics_buyer,61,0.48874008102712896,28,Wisconsin,2024-08-17,variant_b
U01305,hybrid,36,0.4692750522039236,27,Washington,2026-04-22,variant_b
U01306,electronics_buyer,21,0.5541622146385279,6,Arkansas,2024-09-20,variant_b
U01307,hybrid,50,0.4302060956788375,6,Missouri,2023-10-04,variant_b
U01308,fashion_shopper,19,0.773895989639627,5,South Carolina,2026-01-07,control
U01309,hybrid,30,0.886844823932365,6,Indiana,2024-11-15,variant_b
U01310,fashion_shopper,62,0.8945967759806658,25,Tennessee,2025-10-28,control
U01311,hybrid,47,0.30492884208324333,13,South Dakota,2024-02-01,variant_b
U01312,electronics_buyer,51,0.9063182248583417,1,Minnesota,2023-10-26,variant_a
U01313,hybrid,47,0.4073961086695945,1,Arizona,2026-01-23,variant_b
U01314,electronics_buyer,41,0.37837689893676785,25,South Dakota,2026-01-30,variant_a
U01315,electronics_buyer,61,0.7540804516584123,14,South Carolina,2024-02-12,variant_a
U01316,electronics_buyer,50,0.3742267060776605,8,Montana,2026-01-21,variant_a
U01317,electronics_buyer,58,0.1476697650487391,9,Kansas,2023-10-09,variant_b
U01318,fashion_shopper,27,0.43625599507927726,23,Kentucky,2025-10-31,control
U01319,fashion_shopper,35,0.7493190403225141,10,Michigan,2025-11-05,control
U01320,fashion_shopper,36,0.3942625782431589,6,New Mexico,2025-05-26,control
U01321,fashion_shopper,24,0.6666031503956319,9,New Jersey,2024-04-11,control
U01322,hybrid,36,0.6941074998368174,18,Arkansas,2023-07-10,variant_b
U01323,fashion_shopper,41,0.7603624105537206,15,Tennessee,2024-03-14,control
U01324,hybrid,32,0.9074174196798428,4,Kansas,2026-02-12,variant_b
U01325,fashion_shopper,58,0.48930804934158834,2,Virginia,2023-05-28,control
U01326,fashion_shopper,59,0.2497888689962114,6,Texas,2025-12-26,control
U01327,electronics_buyer,40,0.38703314388870047,17,Maine,2025-01-14,variant_b
U01328,electronics_buyer,21,0.48895052965658736,7,North Carolina,2023-06-22,variant_a
U01329,electronics_buyer,55,0.7425023223953018,23,Oklahoma,2025-06-04,variant_a
U01330,electronics_buyer,21,0.11180991300547016,23,Idaho,2026-01-13,variant_a
U01331,electronics_buyer,22,0.3842068450958911,20,New York,2023-08-22,variant_b
U01332,fashion_shopper,58,0.8018583229173851,15,Colorado,2026-04-12,control
U01333,hybrid,61,0.7037719329976259,24,Maine,2024-02-20,variant_b
U01334,hybrid,40,0.7585659762270447,21,South Dakota,2025-10-19,variant_b
U01335,electronics_buyer,57,0.8306296924952753,2,Connecticut,2025-11-13,variant_a
U01336,fashion_shopper,54,0.804912146990166,21,Missouri,2025-05-25,control
U01337,electronics_buyer,28,0.7139648495375003,12,Indiana,2023-09-07,variant_b
U01338,fashion_shopper,28,0.49569537913353157,10,Texas,2026-05-01,control
U01339,fashion_shopper,30,0.9852384959903385,25,Pennsylvania,2024-06-13,control
U01340,fashion_shopper,31,0.6121658760310663,26,Rhode Island,2024-10-19,control
U01341,electronics_buyer,25,0.28249228843195523,17,West Virginia,2024-04-10,variant_a
U01342,hybrid,42,0.363531569594306,27,Rhode Island,2023-12-31,variant_b
U01343,electronics_buyer,35,0.7242062103734229,18,Utah,2024-04-08,variant_b
U01344,electronics_buyer,61,0.9322656086795171,16,Alabama,2023-07-16,variant_b
U01345,fashion_shopper,61,0.2608481162853078,10,New York,2024-09-15,variant_a
U01346,fashion_shopper,35,0.17411184617120773,8,New Hampshire,2025-12-04,variant_a
U01347,fashion_shopper,27,0.8933779432378055,29,Rhode Island,2023-11-26,variant_a
U01348,hybrid,24,0.9237501810215509,21,Indiana,2025-03-16,variant_b
U01349,fashion_shopper,61,0.34874141078430954,28,Maine,2024-10-19,control
U01350,hybrid,31,0.43955715193411593,25,Utah,2023-07-04,variant_b
U01351,electronics_buyer,32,0.6941691977480725,22,South Carolina,2024-09-02,variant_a
U01352,fashion_shopper,33,0.3969370187582273,13,North Carolina,2024-06-29,variant_a
U01353,electronics_buyer,19,0.8894428374430476,16,Rhode Island,2024-06-13,variant_b
U01354,electronics_buyer,47,0.19682083244247645,8,Alaska,2023-08-10,variant_a
U01355,hybrid,47,0.1341839988641757,12,Tennessee,2023-08-24,variant_b
U01356,hybrid,35,0.28763758606851053,17,Alabama,2024-09-12,variant_b
U01357,fashion_shopper,48,0.3574790003844721,16,West Virginia,2023-08-19,variant_a
U01358,fashion_shopper,61,0.20163393215998754,9,Louisiana,2023-07-21,control
U01359,electronics_buyer,30,0.15912138640658208,25,New Mexico,2025-04-25,variant_a
U01360,hybrid,37,0.7800469421516184,19,West Virginia,2025-08-13,variant_b
U01361,fashion_shopper,52,0.24784890931203163,17,Colorado,2023-08-28,control
U01362,electronics_buyer,40,0.9225299791596736,24,Missouri,2025-09-23,variant_a
U01363,electronics_buyer,59,0.4311996953032865,8,Oregon,2023-11-10,variant_a
U01364,electronics_buyer,50,0.7035452287492109,12,Arizona,2024-01-17,variant_b
U01365,fashion_shopper,55,0.3028619032919202,9,Connecticut,2024-12-25,control
U01366,electronics_buyer,52,0.3162904916426802,6,Nevada,2024-12-02,variant_b
U01367,hybrid,53,0.6172382825808178,25,Tennessee,2024-10-23,variant_b
U01368,fashion_shopper,37,0.6045786326313876,28,North Carolina,2023-11-12,control
U01369,fashion_shopper,20,0.7918563052108731,10,North Dakota,2025-06-07,control
U01370,hybrid,25,0.7820319751248394,9,Utah,2025-01-07,variant_b
U01371,fashion_shopper,57,0.703618988197295,28,Vermont,2024-10-30,control
U01372,hybrid,49,0.5042175093041419,29,Texas,2024-10-07,variant_b
U01373,electronics_buyer,46,0.9015763476525555,4,Arkansas,2023-10-18,variant_a
U01374,fashion_shopper,24,0.6603206411991689,11,Florida,2026-02-28,control
U01375,hybrid,19,0.9911786414161214,21,Illinois,2024-07-29,variant_b
U01376,fashion_shopper,38,0.8374328361409227,22,New Jersey,2025-02-13,variant_a
U01377,electronics_buyer,23,0.13987883011449362,6,Arizona,2026-04-15,variant_a
U01378,fashion_shopper,45,0.388534516372286,26,Michigan,2024-09-04,variant_a
U01379,electronics_buyer,59,0.6146881448238565,18,South Carolina,2025-08-21,variant_a
U01380,fashion_shopper,53,0.7493225840843384,4,Vermont,2023-12-07,control
U01381,fashion_shopper,49,0.5953028479857474,12,Alaska,2024-06-05,variant_a
U01382,hybrid,62,0.8075173802159636,9,Michigan,2024-03-24,variant_b
U01383,fashion_shopper,59,0.35439008748161016,15,New York,2024-08-27,control
U01384,electronics_buyer,63,0.2655208461095426,23,Louisiana,2025-12-29,variant_a
U01385,fashion_shopper,26,0.1485250154107931,9,South Carolina,2025-11-27,control
U01386,electronics_buyer,28,0.6159823701143698,6,Arizona,2024-05-27,variant_b
U01387,fashion_shopper,40,0.7197395686079457,11,Maryland,2024-10-06,control
U01388,hybrid,28,0.3935347454074254,7,Oklahoma,2024-04-21,variant_b
U01389,electronics_buyer,19,0.652225766370289,25,Utah,2024-02-15,variant_a
U01390,fashion_shopper,20,0.14694150776799633,14,Kentucky,2023-07-07,control
U01391,fashion_shopper,28,0.1893640116671233,28,Nevada,2024-04-24,control
U01392,fashion_shopper,52,0.7315792950326485,16,New Jersey,2023-08-05,control
U01393,electronics_buyer,32,0.43126273469556886,15,Colorado,2023-09-02,variant_a
U01394,fashion_shopper,60,0.704200627992705,20,New Hampshire,2026-03-26,control
U01395,hybrid,28,0.8485490082519263,9,Indiana,2023-10-25,variant_b
U01396,fashion_shopper,48,0.8673601937285051,19,Utah,2026-03-28,variant_a
U01397,fashion_shopper,45,0.2549508809180059,12,California,2025-06-04,control
U01398,electronics_buyer,45,0.5376570151162119,11,Missouri,2024-10-16,variant_a
U01399,electronics_buyer,49,0.7605340512692378,28,Kansas,2023-06-18,variant_b
U01400,fashion_shopper,42,0.7965825366402194,8,New Hampshire,2025-07-10,control
U01401,fashion_shopper,37,0.8062083826559898,3,Alaska,2025-02-17,control
U01402,fashion_shopper,45,0.30535060094252603,19,New Mexico,2025-10-13,control
U01403,electronics_buyer,42,0.27328133595139603,3,Rhode Island,2025-09-19,variant_b
U01404,electronics_buyer,28,0.6310112214463263,25,Idaho,2024-08-16,variant_a
U01405,electronics_buyer,36,0.7669772179643978,26,Nebraska,2025-07-09,variant_a
U01406,hybrid,45,0.387225563980774,3,Virginia,2023-12-26,variant_b
U01407,hybrid,18,0.1942346411761794,6,Illinois,2023-07-20,variant_b
U01408,electronics_buyer,22,0.7450717446190698,11,Maryland,2025-06-02,variant_a
U01409,hybrid,27,0.3697280482420041,20,Virginia,2025-10-15,variant_b
U01410,fashion_shopper,59,0.24972645188054965,14,Illinois,2025-10-03,control
U01411,fashion_shopper,63,0.2329511755574185,2,Oklahoma,2024-07-23,control
U01412,fashion_shopper,51,0.38341859277404466,12,Nebraska,2025-05-31,control
U01413,fashion_shopper,53,0.6334102593223709,16,Arkansas,2023-08-19,control
U01414,electronics_buyer,19,0.422562014824435,28,California,2024-03-02,variant_a
U01415,hybrid,35,0.11859566643408843,3,New York,2024-07-11,variant_b
U01416,fashion_shopper,30,0.18721759121002995,21,Pennsylvania,2024-05-10,control
U01417,fashion_shopper,22,0.36145292247875715,16,California,2026-04-08,control
U01418,electronics_buyer,37,0.6937340339323826,10,Florida,2026-05-15,variant_a
U01419,hybrid,19,0.18866356612168045,20,Louisiana,2026-05-13,variant_b
U01420,fashion_shopper,28,0.6045911681506136,5,Missouri,2024-04-25,control
U01421,electronics_buyer,47,0.20789728374160382,13,New Mexico,2023-06-04,variant_a
U01422,fashion_shopper,49,0.2904537946144433,12,West Virginia,2023-10-12,control
U01423,fashion_shopper,49,0.2549696748001865,27,Iowa,2023-08-10,control
U01424,hybrid,55,0.16050577201372945,1,Vermont,2025-11-24,variant_b
U01425,hybrid,45,0.7041968356479312,20,Nebraska,2025-07-10,variant_b
U01426,fashion_shopper,27,0.5170631926474311,11,Hawaii,2025-10-25,control
U01427,hybrid,39,0.8479480968076044,26,Wyoming,2023-06-07,variant_b
U01428,electronics_buyer,34,0.18900175598408525,19,Arizona,2025-01-09,variant_a
U01429,hybrid,39,0.23025964000426502,29,Texas,2025-07-22,variant_b
U01430,electronics_buyer,60,0.3758119582154056,15,Maryland,2025-04-26,variant_a
U01431,electronics_buyer,36,0.7892793882449273,18,New York,2025-03-20,variant_a
U01432,electronics_buyer,34,0.37518294084012893,16,Indiana,2024-03-08,variant_a
U01433,electronics_buyer,41,0.46757683674882333,7,Maryland,2026-03-14,variant_a
U01434,fashion_shopper,53,0.37144320966744815,10,Colorado,2025-12-05,control
U01435,fashion_shopper,49,0.17220186262092696,25,New Mexico,2025-01-13,control
U01436,fashion_shopper,63,0.9454902606065686,16,Nebraska,2023-07-07,control
U01437,electronics_buyer,53,0.59368509286407,17,Wisconsin,2025-03-18,variant_b
U01438,fashion_shopper,45,0.8090498693669471,28,Rhode Island,2025-01-01,control
U01439,electronics_buyer,31,0.6925213829667665,7,Florida,2026-01-09,variant_b
U01440,hybrid,53,0.5628288511557776,11,Montana,2024-05-12,variant_b
U01441,fashion_shopper,23,0.1807104309934421,28,Oregon,2023-11-11,control
U01442,electronics_buyer,26,0.6784601907432739,17,Virginia,2025-07-23,variant_b
U01443,fashion_shopper,38,0.23983332034314891,5,Michigan,2024-02-23,variant_a
U01444,hybrid,29,0.472944852420649,1,Arkansas,2024-08-05,variant_b
U01445,fashion_shopper,47,0.6662018291323873,3,Tennessee,2024-03-15,control
U01446,electronics_buyer,48,0.804006100424911,16,Rhode Island,2025-12-09,variant_b
U01447,hybrid,57,0.7165406581377576,24,Kansas,2025-11-19,variant_b
U01448,hybrid,21,0.7043801761491659,29,Texas,2023-06-11,variant_b
U01449,electronics_buyer,48,0.23413798825768675,15,Florida,2023-12-13,variant_b
U01450,electronics_buyer,44,0.4115156860644291,4,Vermont,2024-09-09,variant_a
U01451,electronics_buyer,42,0.13862104539417475,12,West Virginia,2025-06-25,variant_a
U01452,hybrid,22,0.7475292038588182,1,Mississippi,2024-12-16,variant_b
U01453,electronics_buyer,23,0.9573273831856772,17,California,2025-06-24,variant_a
U01454,fashion_shopper,22,0.3376993511611682,24,New Hampshire,2026-03-26,control
U01455,hybrid,44,0.1789270382460784,15,North Carolina,2025-02-21,variant_b
U01456,electronics_buyer,25,0.5280130690782883,24,Florida,2025-03-27,variant_b
U01457,electronics_buyer,26,0.8710284008148119,20,Oregon,2024-02-08,variant_b
U01458,fashion_shopper,32,0.5967767757446018,20,Texas,2024-11-30,control
U01459,electronics_buyer,53,0.142099435171102,10,Pennsylvania,2024-10-18,variant_a
U01460,fashion_shopper,58,0.9768450164751514,11,Hawaii,2023-12-03,variant_a
U01461,electronics_buyer,24,0.8457849189663406,18,North Dakota,2024-01-03,variant_a
U01462,fashion_shopper,49,0.21843466934635913,2,Hawaii,2025-02-20,control
U01463,electronics_buyer,25,0.929617980853158,28,Kentucky,2023-11-11,variant_a
U01464,hybrid,64,0.5056194597446698,6,Oklahoma,2024-10-27,variant_b
U01465,fashion_shopper,32,0.4347081915174471,16,Oklahoma,2024-09-25,control
U01466,hybrid,54,0.5149479974744694,24,Nebraska,2026-04-16,variant_b
U01467,fashion_shopper,36,0.8511147611838524,7,Hawaii,2023-07-08,variant_a
U01468,hybrid,56,0.6935317104581072,23,Texas,2024-06-05,variant_b
U01469,electronics_buyer,23,0.1533236071597548,19,Connecticut,2024-01-29,variant_b
U01470,electronics_buyer,36,0.9618439340045538,12,Tennessee,2023-05-30,variant_a
U01471,electronics_buyer,45,0.23300572013048598,18,Colorado,2025-02-27,variant_b
U01472,hybrid,34,0.771011156561816,10,Idaho,2025-11-18,variant_b
U01473,fashion_shopper,59,0.6725228773853179,7,Illinois,2024-05-12,variant_a
U01474,fashion_shopper,36,0.2687752431519048,4,Nebraska,2023-09-03,control
U01475,electronics_buyer,48,0.2536588685017447,17,Florida,2026-01-26,variant_a
U01476,hybrid,28,0.8832948343342228,17,Colorado,2023-11-13,variant_b
U01477,electronics_buyer,32,0.4777254311496374,4,Georgia,2023-06-11,variant_b
U01478,electronics_buyer,27,0.6891188627567246,21,Michigan,2024-10-17,variant_b
U01479,fashion_shopper,60,0.5536639034710059,5,Kansas,2023-08-30,variant_a
U01480,hybrid,40,0.7546181653683636,1,Virginia,2024-01-27,variant_b
U01481,fashion_shopper,20,0.5313181375353975,19,Oklahoma,2024-12-13,control
U01482,electronics_buyer,20,0.3586419237300116,22,Rhode Island,2026-04-10,variant_a
U01483,fashion_shopper,35,0.4270450338968468,26,Kentucky,2025-06-21,control
U01484,fashion_shopper,42,0.8731699250053084,23,Oregon,2024-01-26,control
U01485,fashion_shopper,60,0.5212312236304544,11,Oregon,2025-10-27,variant_a
U01486,fashion_shopper,37,0.29210439902014834,1,Kentucky,2024-07-10,variant_a
U01487,electronics_buyer,46,0.9411448492695279,8,Rhode Island,2024-02-03,variant_b
U01488,fashion_shopper,39,0.8169404108485393,4,Virginia,2026-03-09,variant_a
U01489,fashion_shopper,32,0.15009953145057922,29,Pennsylvania,2024-09-08,variant_a
U01490,fashion_shopper,56,0.999048665782466,25,Massachusetts,2026-04-17,control
U01491,fashion_shopper,27,0.725434026796092,27,North Dakota,2026-05-15,variant_a
U01492,fashion_shopper,38,0.24423993913652825,27,Alabama,2023-11-06,control
U01493,fashion_shopper,46,0.3134509131687368,22,South Carolina,2024-12-09,control
U01494,electronics_buyer,49,0.7232009331173922,15,Indiana,2025-05-03,variant_a
U01495,electronics_buyer,27,0.8017849497512097,17,New Jersey,2023-07-06,variant_a
U01496,electronics_buyer,30,0.31513234883482555,18,New Mexico,2024-11-17,variant_a
U01497,electronics_buyer,64,0.33127196850934376,3,Wyoming,2024-04-26,variant_a
U01498,fashion_shopper,40,0.37640862538485476,18,Florida,2024-07-29,variant_a
U01499,hybrid,40,0.638216528352973,26,Vermont,2025-01-21,variant_b
U01500,electronics_buyer,48,0.25463456047114924,7,Arizona,2023-10-03,variant_a
U01501,electronics_buyer,21,0.19381887899629976,28,Montana,2024-08-04,variant_a
U01502,fashion_shopper,20,0.7109776801769622,17,New Hampshire,2024-09-30,control
U01503,fashion_shopper,38,0.8011881458138531,25,Colorado,2024-10-27,variant_a
U01504,fashion_shopper,19,0.550836463974855,18,Alabama,2026-05-06,variant_a
U01505,fashion_shopper,21,0.4274494392415469,20,Alaska,2026-04-14,variant_a
U01506,electronics_buyer,18,0.48883844217382877,8,Tennessee,2024-12-10,variant_a
U01507,electronics_buyer,32,0.44956705048475676,11,Indiana,2024-09-15,variant_a
U01508,electronics_buyer,50,0.9639864174139077,3,Indiana,2024-07-16,variant_a
U01509,electronics_buyer,23,0.7912809146972262,25,Idaho,2023-10-05,variant_b
U01510,hybrid,24,0.28727849336509925,7,Arkansas,2025-04-19,variant_b
U01511,electronics_buyer,36,0.4457702368485821,15,South Dakota,2024-05-18,variant_b
U01512,hybrid,61,0.5896110622267988,10,Nebraska,2025-12-23,variant_b
U01513,fashion_shopper,18,0.6516872758573196,12,Wisconsin,2023-12-08,control
U01514,fashion_shopper,56,0.5213655064258904,12,New Jersey,2025-10-11,control
U01515,fashion_shopper,36,0.8291139715107633,19,Arizona,2025-12-30,control
U01516,electronics_buyer,62,0.7908454175124086,19,New Jersey,2024-04-26,variant_a
U01517,hybrid,43,0.5546421267653501,15,New Jersey,2025-04-26,variant_b
U01518,fashion_shopper,61,0.8689864481035574,21,New Mexico,2025-03-11,control
U01519,hybrid,29,0.7759805773981473,21,Hawaii,2023-05-21,variant_b
U01520,fashion_shopper,39,0.800723663848579,26,Louisiana,2025-08-26,control
U01521,hybrid,30,0.960760701490075,5,Pennsylvania,2026-01-15,variant_b
U01522,fashion_shopper,45,0.3398202470882824,28,Idaho,2023-10-09,variant_a
U01523,fashion_shopper,31,0.34088334613016424,13,Massachusetts,2025-12-01,control
U01524,electronics_buyer,39,0.900057030121576,25,Iowa,2025-02-05,variant_a
U01525,fashion_shopper,47,0.7950037360471115,9,Missouri,2026-03-14,control
U01526,fashion_shopper,61,0.9338909872920647,22,Nebraska,2023-11-30,control
U01527,fashion_shopper,37,0.15681714429200777,27,New Jersey,2023-12-06,control
U01528,hybrid,61,0.664981369535437,27,Massachusetts,2024-05-25,variant_b
U01529,electronics_buyer,44,0.23016550431110272,23,Delaware,2024-08-28,variant_a
U01530,fashion_shopper,55,0.5535074784633244,10,West Virginia,2024-04-18,control
U01531,electronics_buyer,59,0.24017223866809984,8,Arizona,2025-08-29,variant_a
U01532,electronics_buyer,58,0.21527065808639134,9,Hawaii,2025-05-09,variant_b
U01533,fashion_shopper,51,0.11095151084382984,6,Nevada,2024-01-30,control
U01534,fashion_shopper,56,0.6672149311446139,24,Arizona,2024-07-24,variant_a
U01535,fashion_shopper,58,0.4231203550210775,18,New Hampshire,2024-02-11,control
U01536,fashion_shopper,61,0.19466945639107452,10,Kentucky,2025-09-11,control
U01537,electronics_buyer,54,0.39055399995817885,24,North Dakota,2024-01-20,variant_b
U01538,fashion_shopper,18,0.25204968230642644,15,Hawaii,2023-08-19,control
U01539,electronics_buyer,32,0.9475253483514935,13,South Carolina,2024-10-19,variant_a
U01540,electronics_buyer,49,0.3880043971852133,11,Wisconsin,2025-04-24,variant_b
U01541,fashion_shopper,25,0.4005581709604509,2,Connecticut,2024-06-27,control
U01542,electronics_buyer,50,0.8558722030596271,8,California,2024-05-04,variant_a
U01543,fashion_shopper,35,0.6829801851574038,18,Iowa,2025-06-11,control
U01544,hybrid,62,0.7391544466627012,3,North Dakota,2024-10-04,variant_b
U01545,electronics_buyer,46,0.6724016235900645,23,South Carolina,2025-06-06,variant_a
U01546,hybrid,49,0.9515766555537089,27,Missouri,2026-01-02,variant_b
U01547,electronics_buyer,50,0.2863007484022406,25,Indiana,2024-05-27,variant_a
U01548,fashion_shopper,22,0.9901353175802161,3,Pennsylvania,2023-06-15,control
U01549,electronics_buyer,35,0.8478605598008618,21,Mississippi,2023-06-07,variant_a
U01550,hybrid,27,0.630075329988708,25,New Jersey,2024-12-28,variant_b
U01551,electronics_buyer,53,0.6961344619566241,7,Nebraska,2025-04-14,variant_a
U01552,hybrid,50,0.6839432888505527,18,Ohio,2023-12-31,variant_b
U01553,hybrid,40,0.15255660165323853,21,Rhode Island,2024-06-27,variant_b
U01554,fashion_shopper,57,0.29621484867874476,21,Minnesota,2025-04-19,control
U01555,fashion_shopper,22,0.9653237960722743,9,Montana,2025-07-03,control
U01556,electronics_buyer,51,0.5809279859734414,18,Texas,2025-11-01,variant_a
U01557,fashion_shopper,41,0.44051824293572084,1,Indiana,2025-10-04,variant_a
U01558,hybrid,34,0.7858346170501674,4,South Dakota,2026-02-10,variant_b
U01559,hybrid,48,0.5720670483902286,4,Arkansas,2025-08-12,variant_b
U01560,fashion_shopper,24,0.11184649428870784,17,California,2025-08-07,variant_a
U01561,fashion_shopper,34,0.7626138370436061,26,Montana,2023-10-31,control
U01562,electronics_buyer,45,0.7589958040475752,23,Alabama,2023-11-20,variant_b
U01563,fashion_shopper,55,0.24863384089897697,2,Arizona,2023-12-23,control
U01564,hybrid,39,0.9609940795817921,27,Louisiana,2026-03-05,variant_b
U01565,fashion_shopper,32,0.3015173183870029,15,Montana,2024-04-09,variant_a
U01566,electronics_buyer,54,0.5119744306439794,13,New Hampshire,2024-05-14,variant_a
U01567,fashion_shopper,32,0.2032623651348232,9,Utah,2024-09-05,control
U01568,electronics_buyer,42,0.6429540875055295,7,Idaho,2025-07-17,variant_a
U01569,electronics_buyer,38,0.43790600805149127,29,Indiana,2025-02-07,variant_a
U01570,electronics_buyer,55,0.41785611598873496,29,Oklahoma,2026-04-23,variant_a
U01571,fashion_shopper,19,0.8442791894988525,12,Indiana,2023-08-12,control
U01572,electronics_buyer,44,0.10860554156543042,12,South Carolina,2024-07-08,variant_b
U01573,hybrid,49,0.8181520938031802,14,California,2025-04-28,variant_b
U01574,fashion_shopper,38,0.6143037091732708,23,Illinois,2023-07-13,control
U01575,fashion_shopper,21,0.9874886621321791,15,Kentucky,2023-09-04,control
U01576,fashion_shopper,61,0.6304988985438241,1,New York,2024-10-31,control
U01577,electronics_buyer,36,0.14984122073316214,9,Louisiana,2026-03-28,variant_a
U01578,electronics_buyer,19,0.1455807937993537,26,Georgia,2024-09-23,variant_a
U01579,electronics_buyer,43,0.8948376877346488,16,Connecticut,2023-09-14,variant_a
U01580,fashion_shopper,51,0.8570927309599478,9,Florida,2023-11-07,control
U01581,fashion_shopper,31,0.41130106802382094,16,New York,2023-08-21,variant_a
U01582,electronics_buyer,32,0.6562292357630235,2,New York,2023-08-30,variant_a
U01583,electronics_buyer,37,0.5406322213500403,10,California,2026-01-21,variant_a
U01584,hybrid,51,0.970447649622447,25,Ohio,2023-12-24,variant_b
U01585,fashion_shopper,53,0.9549648107892024,18,New Mexico,2024-07-20,control
U01586,electronics_buyer,36,0.9854551076866971,13,New Hampshire,2024-11-06,variant_b
U01587,fashion_shopper,26,0.8798039025708378,2,Maine,2025-02-05,variant_a
U01588,fashion_shopper,24,0.9185964316975912,29,Oklahoma,2023-10-26,variant_a
U01589,electronics_buyer,47,0.2955509008904228,29,New Jersey,2023-11-14,variant_b
U01590,electronics_buyer,30,0.8479061100907971,13,Idaho,2025-06-30,variant_b
U01591,hybrid,44,0.7379714018838472,24,Montana,2025-01-20,variant_b
U01592,fashion_shopper,61,0.9665078579452632,3,Nevada,2024-02-14,control
U01593,fashion_shopper,52,0.6141356455983574,15,Arizona,2023-12-07,control
U01594,electronics_buyer,30,0.17665045003950072,3,Nevada,2025-10-07,variant_b
U01595,electronics_buyer,32,0.6376590020684376,23,Alaska,2025-12-26,variant_a
U01596,fashion_shopper,63,0.717922835219159,10,North Dakota,2024-03-30,control
U01597,fashion_shopper,26,0.2982889258411855,6,Texas,2024-10-20,control
U01598,fashion_shopper,62,0.4547020451614556,23,Pennsylvania,2025-01-07,control
U01599,hybrid,40,0.6386530726465119,22,Delaware,2025-04-11,variant_b
U01600,fashion_shopper,53,0.43669516358485505,14,New York,2026-03-07,control
U01601,fashion_shopper,57,0.4374529455147975,9,Minnesota,2025-12-19,control
U01602,fashion_shopper,20,0.21977797525551768,18,Colorado,2024-10-16,control
U01603,fashion_shopper,51,0.9466720507698995,8,Alaska,2025-09-08,variant_a
U01604,fashion_shopper,36,0.7754449460455869,27,North Carolina,2025-01-18,control
U01605,electronics_buyer,45,0.10111909497949181,6,California,2024-12-24,variant_a
U01606,fashion_shopper,40,0.7890519556199487,15,Utah,2026-01-10,control
U01607,hybrid,57,0.7658154933920729,14,Florida,2025-10-27,variant_b
U01608,fashion_shopper,62,0.1087578641399707,15,West Virginia,2024-05-26,control
U01609,electronics_buyer,24,0.4326438678523882,20,Wyoming,2024-05-16,variant_a
U01610,hybrid,58,0.6460729212929776,6,Wyoming,2026-03-17,variant_b
U01611,electronics_buyer,29,0.5074755866722322,22,New York,2025-10-27,variant_a
U01612,electronics_buyer,31,0.8001875068484565,12,Nebraska,2025-06-13,variant_a
U01613,fashion_shopper,63,0.48291249937099057,10,California,2026-05-15,control
U01614,fashion_shopper,32,0.23847667250845334,19,Ohio,2025-07-21,control
U01615,electronics_buyer,20,0.9787740618464457,8,Massachusetts,2025-02-07,variant_a
U01616,hybrid,32,0.31783599349844194,5,Alabama,2026-01-12,variant_b
U01617,electronics_buyer,41,0.745923079487199,27,Tennessee,2026-02-27,variant_a
U01618,electronics_buyer,63,0.22884068049766476,10,South Dakota,2024-03-20,variant_a
U01619,electronics_buyer,25,0.3961113524055394,11,California,2024-09-11,variant_b
U01620,electronics_buyer,22,0.49782484758738144,20,New Hampshire,2024-11-06,variant_a
U01621,fashion_shopper,21,0.2730088040743575,14,Michigan,2025-12-17,control
U01622,electronics_buyer,31,0.5049636187317486,14,Alabama,2024-05-10,variant_a
U01623,hybrid,33,0.241446540692575,29,Oregon,2025-09-04,variant_b
U01624,fashion_shopper,37,0.6031058850873011,2,Wyoming,2024-04-21,control
U01625,electronics_buyer,41,0.6973419272681746,26,California,2024-08-27,variant_b
U01626,fashion_shopper,23,0.1561908556252097,17,Connecticut,2024-02-17,control
U01627,electronics_buyer,48,0.8840189089739513,15,Minnesota,2023-06-12,variant_a
U01628,fashion_shopper,23,0.26662679653783194,29,Maine,2026-05-15,control
U01629,electronics_buyer,52,0.30282618278829143,23,Tennessee,2024-05-03,variant_a
U01630,electronics_buyer,32,0.6952148560747566,26,Virginia,2025-06-21,variant_b
U01631,fashion_shopper,46,0.5218759543909727,27,Georgia,2025-01-05,variant_a
U01632,electronics_buyer,20,0.5494560392539591,3,Arizona,2023-10-19,variant_a
U01633,electronics_buyer,28,0.2153394861068194,3,Oregon,2026-01-10,variant_b
U01634,hybrid,20,0.8251622396887675,3,Nebraska,2023-11-29,variant_b
U01635,fashion_shopper,45,0.655348821493789,26,West Virginia,2023-07-23,control
U01636,fashion_shopper,27,0.22184383897851043,28,New York,2025-02-13,variant_a
U01637,fashion_shopper,50,0.4365994303230364,29,Nebraska,2025-12-20,control
U01638,hybrid,33,0.8293689394615271,3,North Dakota,2024-09-07,variant_b
U01639,hybrid,27,0.6115195413879586,18,Hawaii,2023-11-12,variant_b
U01640,electronics_buyer,50,0.19778390121963743,6,Colorado,2023-09-14,variant_a
U01641,hybrid,53,0.43549934121035805,14,Pennsylvania,2025-06-14,variant_b
U01642,electronics_buyer,20,0.3184249586101612,26,Ohio,2024-09-24,variant_a
U01643,electronics_buyer,22,0.5657189982883537,3,North Dakota,2024-06-27,variant_a
U01644,fashion_shopper,29,0.8590250159847906,1,Alaska,2023-08-04,control
U01645,electronics_buyer,61,0.4926404213239779,10,South Dakota,2023-09-08,variant_b
U01646,fashion_shopper,30,0.49000782733149084,13,Oregon,2026-03-07,control
U01647,hybrid,41,0.9148158120943333,29,South Carolina,2023-06-10,variant_b
U01648,electronics_buyer,61,0.6185668712565452,9,Arkansas,2023-11-23,variant_b
U01649,electronics_buyer,49,0.6095719786576662,22,South Carolina,2024-04-06,variant_b
U01650,fashion_shopper,33,0.33571890268785043,22,Arizona,2023-09-03,control
U01651,fashion_shopper,49,0.6469504730534137,26,Maryland,2026-04-14,control
U01652,fashion_shopper,62,0.6183194206756567,25,New York,2025-12-03,control
U01653,fashion_shopper,54,0.4571663233076776,2,Pennsylvania,2023-08-28,variant_a
U01654,fashion_shopper,53,0.9916260093092625,10,Pennsylvania,2025-02-15,control
U01655,hybrid,38,0.893701868453278,25,Minnesota,2024-06-17,variant_b
U01656,electronics_buyer,64,0.7746276610691339,12,Washington,2024-08-11,variant_a
U01657,fashion_shopper,29,0.5836110295717005,19,Nebraska,2025-06-13,control
U01658,fashion_shopper,38,0.5158538217051672,3,Alabama,2023-12-06,variant_a
U01659,fashion_shopper,38,0.26640765570087943,19,Utah,2023-09-26,variant_a
U01660,electronics_buyer,60,0.37516372661316133,1,Iowa,2025-07-09,variant_a
U01661,electronics_buyer,23,0.7965647198408892,26,New Jersey,2024-07-24,variant_a
U01662,hybrid,26,0.5083740585437964,15,Indiana,2025-11-01,variant_b
U01663,electronics_buyer,18,0.8940425649125512,23,Florida,2024-02-20,variant_a
U01664,hybrid,29,0.2331200227109759,26,Ohio,2024-11-30,variant_b
U01665,hybrid,31,0.5575123864122729,13,West Virginia,2024-04-23,variant_b
U01666,fashion_shopper,23,0.6822691156191778,7,North Dakota,2026-02-07,control
U01667,hybrid,18,0.5651636106771334,2,Pennsylvania,2023-05-30,variant_b
U01668,fashion_shopper,39,0.9003042024264885,22,West Virginia,2025-05-28,control
U01669,hybrid,51,0.9906069536462258,20,Delaware,2026-01-17,variant_b
U01670,fashion_shopper,28,0.20425119250723278,11,New York,2026-04-24,variant_a
U01671,hybrid,20,0.2169594136692289,23,Wisconsin,2026-03-26,variant_b
U01672,hybrid,59,0.21729170220410898,16,Maine,2025-08-24,variant_b
U01673,hybrid,23,0.7130593864634748,14,California,2026-04-09,variant_b
U01674,electronics_buyer,23,0.43540848594625414,23,New Hampshire,2023-10-10,variant_b
U01675,fashion_shopper,37,0.7599831951393154,15,California,2025-11-15,control
U01676,fashion_shopper,38,0.4649243255982809,20,Connecticut,2025-10-17,control
U01677,fashion_shopper,19,0.6648460491988573,19,Florida,2024-07-12,variant_a
U01678,fashion_shopper,43,0.7928722051110042,7,Colorado,2024-05-10,control
U01679,electronics_buyer,48,0.5933943195894286,9,Texas,2024-01-17,variant_b
U01680,fashion_shopper,43,0.5855532314050055,4,Illinois,2023-12-20,variant_a
U01681,hybrid,49,0.179410892757071,6,New Hampshire,2025-03-22,variant_b
U01682,electronics_buyer,27,0.4697035686184914,23,Alaska,2023-09-17,variant_a
U01683,hybrid,40,0.5911994379024439,10,New Mexico,2023-12-04,variant_b
U01684,fashion_shopper,23,0.515782743099769,3,New Jersey,2024-11-23,control
U01685,hybrid,40,0.910703800169583,21,Oklahoma,2025-11-08,variant_b
U01686,hybrid,45,0.9158775689075405,28,Wyoming,2025-06-28,variant_b
U01687,electronics_buyer,47,0.8397256425298856,1,Wyoming,2023-08-26,variant_a
U01688,electronics_buyer,31,0.437768267835808,6,Tennessee,2023-08-03,variant_a
U01689,electronics_buyer,54,0.7455692365187809,5,South Carolina,2026-05-19,variant_b
U01690,fashion_shopper,49,0.45575961496264883,23,South Dakota,2025-03-09,control
U01691,electronics_buyer,51,0.30933423907818314,15,Virginia,2023-12-20,variant_a
U01692,fashion_shopper,58,0.4086123791957935,25,Wyoming,2025-10-06,variant_a
U01693,fashion_shopper,61,0.16386816995698195,11,Mississippi,2024-01-09,control
U01694,fashion_shopper,39,0.39859975810418247,20,Wyoming,2024-12-17,variant_a
U01695,fashion_shopper,48,0.5146679955350545,25,Mississippi,2024-07-22,control
U01696,fashion_shopper,24,0.9599328053027469,13,Arkansas,2024-12-18,control
U01697,fashion_shopper,58,0.38206952759766244,6,Michigan,2025-08-04,control
U01698,hybrid,38,0.9122081852849686,5,Hawaii,2025-02-16,variant_b
U01699,electronics_buyer,33,0.30597244824114733,2,Maine,2026-02-09,variant_a
U01700,hybrid,37,0.27187200798332445,17,Ohio,2024-12-14,variant_b
U01701,fashion_shopper,60,0.5670959107889485,24,Oregon,2023-12-04,variant_a
U01702,fashion_shopper,61,0.7052602323676653,12,Hawaii,2024-01-18,control
U01703,electronics_buyer,64,0.1398990257220533,12,Oklahoma,2026-05-08,variant_a
U01704,fashion_shopper,36,0.29895927854249504,22,Maryland,2024-07-16,variant_a
U01705,fashion_shopper,49,0.5101152998511848,14,Kansas,2024-02-15,control
U01706,electronics_buyer,32,0.3979039023848633,7,Utah,2023-10-07,variant_a
U01707,fashion_shopper,22,0.7413589714134897,22,Florida,2025-04-09,control
U01708,electronics_buyer,28,0.5600445364371851,26,Delaware,2023-06-14,variant_a
U01709,electronics_buyer,32,0.2443231950435102,29,Illinois,2025-04-08,variant_a
U01710,fashion_shopper,46,0.9050188413835815,14,Oregon,2024-07-03,control
U01711,fashion_shopper,62,0.3636151079350236,7,Arkansas,2026-02-05,control
U01712,electronics_buyer,21,0.7580179980679811,9,Louisiana,2025-06-17,variant_b
U01713,electronics_buyer,53,0.8019242011948688,14,Wyoming,2024-08-31,variant_a
U01714,fashion_shopper,40,0.9668419302304919,21,Connecticut,2024-03-19,control
U01715,hybrid,32,0.5486567198716913,17,New Hampshire,2026-03-05,variant_b
U01716,fashion_shopper,63,0.6542519639179889,17,Colorado,2023-10-07,control
U01717,electronics_buyer,61,0.40138866413158036,25,Connecticut,2025-11-10,variant_b
U01718,hybrid,20,0.7103613640708598,21,Connecticut,2024-09-19,variant_b
U01719,fashion_shopper,49,0.5170451372796878,13,Nevada,2025-06-04,control
U01720,fashion_shopper,27,0.49388712825198,29,Missouri,2024-08-24,control
U01721,fashion_shopper,57,0.8699207762044949,27,Maine,2026-01-31,control
U01722,fashion_shopper,55,0.14515195914881981,29,Michigan,2025-04-24,control
U01723,fashion_shopper,39,0.8937661850486817,18,West Virginia,2025-10-28,control
U01724,electronics_buyer,31,0.8668628540457013,19,Alaska,2026-04-16,variant_b
U01725,fashion_shopper,34,0.5557296282056102,17,Oregon,2024-09-18,control
U01726,electronics_buyer,38,0.5411825687850654,6,Florida,2024-02-07,variant_a
U01727,hybrid,32,0.4256266312319412,12,Hawaii,2025-05-08,variant_b
U01728,hybrid,32,0.994756412513561,6,Virginia,2024-05-31,variant_b
U01729,electronics_buyer,18,0.2000523994784571,3,Wisconsin,2024-01-05,variant_a
U01730,fashion_shopper,41,0.6311937120657463,15,Oklahoma,2026-04-29,control
U01731,electronics_buyer,29,0.7135134311011753,3,Maine,2025-12-29,variant_a
U01732,electronics_buyer,27,0.94089700739525,23,Missouri,2024-09-12,variant_a
U01733,fashion_shopper,63,0.8021831471710853,15,Connecticut,2023-12-04,variant_a
U01734,fashion_shopper,59,0.6794624825303921,1,New Mexico,2024-12-08,control
U01735,hybrid,59,0.2051310851309104,21,Florida,2024-01-18,variant_b
U01736,fashion_shopper,48,0.43636016514832066,29,Massachusetts,2024-02-07,variant_a
U01737,fashion_shopper,28,0.22495747829318674,3,Rhode Island,2026-02-28,control
U01738,fashion_shopper,33,0.8930914592189623,5,Nevada,2025-02-14,variant_a
U01739,fashion_shopper,26,0.7746590400072787,27,West Virginia,2025-04-23,variant_a
U01740,hybrid,64,0.7817831081175063,14,Alabama,2026-04-15,variant_b
U01741,electronics_buyer,31,0.6870308659961897,4,Utah,2025-03-29,variant_b
U01742,electronics_buyer,36,0.5563391832430388,22,New Hampshire,2024-01-12,variant_b
U01743,fashion_shopper,48,0.2349739535171475,28,New Hampshire,2024-12-02,control
U01744,fashion_shopper,26,0.39672539803454665,9,Utah,2023-06-21,variant_a
U01745,electronics_buyer,53,0.2232242132292015,18,Colorado,2024-11-09,variant_a
U01746,fashion_shopper,56,0.7524218285671089,10,Mississippi,2024-08-25,control
U01747,fashion_shopper,43,0.24420589841980453,8,Alabama,2025-08-18,control
U01748,electronics_buyer,25,0.7319021951545169,13,Arkansas,2025-01-29,variant_b
U01749,fashion_shopper,41,0.7230298506363142,2,Oklahoma,2023-12-23,control
U01750,electronics_buyer,25,0.5133740310921601,20,Iowa,2026-01-15,variant_a
U01751,fashion_shopper,36,0.22170578870624708,25,Washington,2025-05-13,control
U01752,fashion_shopper,64,0.38332074352063306,20,Washington,2024-01-08,control
U01753,fashion_shopper,47,0.3880837981679963,7,Hawaii,2024-10-25,control
U01754,hybrid,39,0.7303466198289641,11,Kansas,2025-01-12,variant_b
U01755,hybrid,26,0.2023687174723519,5,Idaho,2025-09-23,variant_b
U01756,hybrid,61,0.8461617815944817,29,West Virginia,2023-09-19,variant_b
U01757,electronics_buyer,21,0.7849065611673226,18,Minnesota,2024-04-29,variant_a
U01758,fashion_shopper,54,0.2676762263568465,8,Ohio,2024-02-18,control
U01759,electronics_buyer,25,0.7472479436010004,27,Delaware,2024-07-07,variant_a
U01760,electronics_buyer,18,0.7016618633210396,26,Georgia,2025-06-11,variant_a
U01761,hybrid,45,0.7733087200998336,10,Georgia,2025-08-02,variant_b
U01762,fashion_shopper,23,0.27003569990382503,2,Delaware,2024-12-20,control
U01763,electronics_buyer,64,0.24183128994082176,3,Arizona,2023-08-02,variant_a
U01764,fashion_shopper,53,0.3128355873304788,26,North Carolina,2025-04-04,control
U01765,fashion_shopper,28,0.4292845328340781,23,South Carolina,2025-11-01,control
U01766,electronics_buyer,22,0.8142984829322211,5,Wyoming,2024-12-29,variant_b
U01767,electronics_buyer,41,0.764131543730965,16,Utah,2026-01-20,variant_a
U01768,fashion_shopper,64,0.9329064330506798,10,Ohio,2025-01-10,variant_a
U01769,fashion_shopper,35,0.1527666031887539,11,Virginia,2025-04-21,variant_a
U01770,electronics_buyer,37,0.11040065291276704,19,Rhode Island,2024-12-27,variant_a
U01771,electronics_buyer,45,0.7292249467307191,16,Massachusetts,2025-12-24,variant_b
U01772,hybrid,30,0.35135874621474916,12,Oregon,2025-02-18,variant_b
U01773,hybrid,22,0.4006710059804358,2,Nebraska,2024-01-20,variant_b
U01774,electronics_buyer,47,0.592121823323061,11,Alaska,2025-10-03,variant_b
U01775,fashion_shopper,18,0.19217181081411866,22,Minnesota,2025-07-28,control
U01776,electronics_buyer,39,0.6784249748932447,26,Pennsylvania,2025-04-09,variant_b
U01777,fashion_shopper,35,0.3926327016080352,1,South Carolina,2024-04-11,variant_a
U01778,fashion_shopper,63,0.6694436118708925,24,Rhode Island,2023-12-29,control
U01779,hybrid,22,0.8506062217660473,5,California,2026-02-19,variant_b
U01780,fashion_shopper,48,0.2540002000036867,21,North Carolina,2025-04-14,control
U01781,hybrid,23,0.9377857836230682,14,Connecticut,2024-03-01,variant_b
U01782,electronics_buyer,44,0.5776193269561994,18,Alabama,2025-05-15,variant_a
U01783,electronics_buyer,42,0.9306349886565715,7,West Virginia,2025-08-21,variant_a
U01784,electronics_buyer,46,0.2869570739816003,5,Massachusetts,2023-09-21,variant_a
U01785,hybrid,45,0.6441063981438138,8,Michigan,2024-02-04,variant_b
U01786,electronics_buyer,33,0.4634984055912442,21,North Carolina,2023-12-30,variant_a
U01787,electronics_buyer,29,0.7967999720404119,15,Maryland,2025-02-18,variant_a
U01788,fashion_shopper,37,0.6453180488919668,25,Delaware,2024-01-06,control
U01789,electronics_buyer,35,0.5450639112624867,5,Oregon,2026-02-13,variant_a
U01790,fashion_shopper,51,0.9216868657879078,13,Arizona,2024-06-16,control
U01791,electronics_buyer,40,0.43940535775451217,19,Wyoming,2023-06-25,variant_b
U01792,electronics_buyer,62,0.2979821844083633,29,Hawaii,2023-09-27,variant_a
U01793,electronics_buyer,44,0.6472910681668825,2,Delaware,2025-07-17,variant_b
U01794,fashion_shopper,34,0.6616255934555324,5,Oklahoma,2024-07-07,control
U01795,fashion_shopper,38,0.4951851594146879,26,Illinois,2023-07-23,control
U01796,electronics_buyer,57,0.5379490393204441,29,Missouri,2025-07-31,variant_b
U01797,fashion_shopper,48,0.96359807286991,26,Missouri,2024-05-06,control
U01798,fashion_shopper,20,0.7594171222571211,5,New Mexico,2024-02-19,control
U01799,fashion_shopper,34,0.1995415763343193,6,Alabama,2023-05-21,control
U01800,hybrid,43,0.29091706378354987,16,Colorado,2024-04-09,variant_b
U01801,electronics_buyer,40,0.9780189709920031,2,West Virginia,2023-12-25,variant_b
U01802,fashion_shopper,23,0.7538189984141781,5,Washington,2023-10-18,variant_a
U01803,fashion_shopper,45,0.9235406135301878,15,Connecticut,2026-02-27,control
U01804,fashion_shopper,25,0.37347531758984986,1,Wyoming,2024-07-09,variant_a
U01805,electronics_buyer,62,0.7676801740779331,19,New Hampshire,2024-10-25,variant_b
U01806,electronics_buyer,25,0.7426024376711603,3,Mississippi,2026-05-15,variant_a
U01807,fashion_shopper,36,0.3652209868954376,19,Wisconsin,2025-03-14,control
U01808,fashion_shopper,55,0.5957346929056349,15,Colorado,2025-06-16,control
U01809,fashion_shopper,46,0.6646736001432657,3,New York,2025-06-21,control
U01810,electronics_buyer,40,0.5330186297447186,8,Florida,2025-12-24,variant_a
U01811,electronics_buyer,64,0.8444608359922114,15,Georgia,2023-11-08,variant_b
U01812,fashion_shopper,49,0.8495821376181906,1,Connecticut,2024-06-14,control
U01813,fashion_shopper,27,0.865540493471401,6,Connecticut,2024-03-03,control
U01814,fashion_shopper,44,0.8230812121883465,22,Mississippi,2025-07-27,control
U01815,hybrid,18,0.5392751294774302,17,Maryland,2025-05-20,variant_b
U01816,fashion_shopper,56,0.44329446833410646,16,Colorado,2025-12-04,control
U01817,electronics_buyer,46,0.8482386553429335,13,Utah,2025-08-12,variant_b
U01818,electronics_buyer,62,0.5411813127006402,1,Mississippi,2024-10-17,variant_a
U01819,fashion_shopper,20,0.3217342587651837,3,Kentucky,2025-05-31,variant_a
U01820,fashion_shopper,64,0.5566091790899946,24,South Dakota,2024-03-19,control
U01821,fashion_shopper,54,0.2276648397273179,6,Hawaii,2024-01-15,control
U01822,electronics_buyer,48,0.722466541538919,20,Mississippi,2025-07-27,variant_a
U01823,electronics_buyer,28,0.40232915346151576,21,Vermont,2024-09-10,variant_b
U01824,electronics_buyer,39,0.3345929186027089,26,California,2025-05-08,variant_a
U01825,electronics_buyer,35,0.9608578716112706,3,California,2023-10-20,variant_a
U01826,fashion_shopper,52,0.7991928961824768,15,New Mexico,2025-07-30,control
U01827,hybrid,23,0.8083625524515384,15,Colorado,2025-09-19,variant_b
U01828,electronics_buyer,20,0.6613497723512651,11,Mississippi,2025-12-02,variant_b
U01829,fashion_shopper,22,0.8552555294592674,27,Hawaii,2025-05-18,control
U01830,hybrid,26,0.7832462330470431,22,Indiana,2025-07-27,variant_b
U01831,electronics_buyer,45,0.6388963337202549,6,Maryland,2023-07-28,variant_a
U01832,electronics_buyer,36,0.9650119616665456,6,Kansas,2025-10-05,variant_a
U01833,electronics_buyer,45,0.27243545471598074,9,West Virginia,2026-01-10,variant_b
U01834,hybrid,44,0.9490417470952759,14,Pennsylvania,2024-06-03,variant_b
U01835,electronics_buyer,30,0.46129434579897843,26,Montana,2024-08-21,variant_a
U01836,fashion_shopper,55,0.575559085061338,29,Pennsylvania,2026-03-02,control
U01837,fashion_shopper,60,0.21046538758987804,11,Louisiana,2023-12-03,control
U01838,hybrid,38,0.5860966950296118,24,Michigan,2025-11-29,variant_b
U01839,fashion_shopper,44,0.6500860766723741,6,Alaska,2024-12-02,control
U01840,fashion_shopper,63,0.9979313876276716,18,Alaska,2025-01-18,variant_a
U01841,fashion_shopper,23,0.9776731699643739,20,Indiana,2023-07-16,variant_a
U01842,fashion_shopper,55,0.9697575626868585,15,Montana,2024-05-18,variant_a
U01843,electronics_buyer,28,0.4135492540918516,22,Utah,2024-08-23,variant_a
U01844,hybrid,64,0.9921398488705391,9,Illinois,2024-12-18,variant_b
U01845,fashion_shopper,58,0.5099303364355998,11,Rhode Island,2025-11-11,control
U01846,fashion_shopper,34,0.8666526328857105,2,Connecticut,2024-11-08,control
U01847,fashion_shopper,56,0.2946879721170748,6,Mississippi,2024-12-17,control
U01848,hybrid,24,0.5552498616909421,26,New York,2026-02-14,variant_b
U01849,electronics_buyer,47,0.9694108865148449,27,Oregon,2024-02-06,variant_a
U01850,fashion_shopper,38,0.9523282572310847,26,Rhode Island,2025-12-27,control
U01851,hybrid,18,0.715361390039284,26,Montana,2025-11-09,variant_b
U01852,hybrid,42,0.8180328902977538,23,Kansas,2024-06-01,variant_b
U01853,hybrid,49,0.2587840269421613,14,Montana,2024-01-29,variant_b
U01854,hybrid,25,0.7494926945357416,14,Ohio,2025-05-16,variant_b
U01855,fashion_shopper,22,0.6562457275018351,24,New Hampshire,2023-08-30,control
U01856,electronics_buyer,47,0.1823965621761215,13,Idaho,2024-11-21,variant_b
U01857,electronics_buyer,25,0.20184310593070864,25,Nebraska,2024-11-22,variant_a
U01858,hybrid,36,0.1975992559761357,5,Indiana,2024-05-09,variant_b
U01859,electronics_buyer,61,0.7519212413468521,9,Maine,2026-01-05,variant_b
U01860,electronics_buyer,47,0.22754368742281522,25,South Dakota,2025-06-18,variant_b
U01861,electronics_buyer,32,0.5209590440030234,29,North Carolina,2025-04-03,variant_a
U01862,fashion_shopper,53,0.421283625289982,11,New Hampshire,2024-10-31,control
U01863,electronics_buyer,61,0.5954537266931961,7,Minnesota,2025-08-27,variant_a
U01864,hybrid,44,0.7358288384974625,2,Arizona,2024-09-25,variant_b
U01865,hybrid,30,0.7162502834991988,24,New York,2024-01-01,variant_b
U01866,fashion_shopper,31,0.563967924322939,12,New Hampshire,2024-11-09,control
U01867,fashion_shopper,54,0.517901386249347,5,Georgia,2026-02-27,control
U01868,fashion_shopper,47,0.45803403561003286,29,Kentucky,2026-02-03,control
U01869,electronics_buyer,56,0.8757189534739415,27,Nebraska,2024-03-28,variant_b
U01870,hybrid,64,0.39776662438538046,24,Missouri,2025-11-03,variant_b
U01871,fashion_shopper,30,0.3334292390507454,2,Florida,2025-09-06,control
U01872,electronics_buyer,33,0.7689839442897441,14,Ohio,2026-04-04,variant_a
U01873,hybrid,61,0.42378711552705384,7,Idaho,2024-08-15,variant_b
U01874,electronics_buyer,24,0.8622987397815416,5,Indiana,2023-08-04,variant_b
U01875,electronics_buyer,44,0.39509984677343024,4,New York,2023-11-23,variant_a
U01876,electronics_buyer,62,0.7317503421171293,10,Georgia,2024-02-25,variant_a
U01877,electronics_buyer,52,0.1405981056568025,29,South Dakota,2025-10-08,variant_a
U01878,fashion_shopper,32,0.44700659209928806,16,Maine,2024-11-18,control
U01879,electronics_buyer,45,0.4089071574707963,6,New Jersey,2024-01-30,variant_a
U01880,electronics_buyer,52,0.835010865348331,21,Florida,2024-12-28,variant_b
U01881,hybrid,24,0.9703498629054791,6,New York,2024-05-11,variant_b
U01882,electronics_buyer,63,0.5147931490236652,9,New Jersey,2025-06-15,variant_a
U01883,electronics_buyer,63,0.8423526494383823,1,Virginia,2025-08-31,variant_b
U01884,fashion_shopper,37,0.7297252308616285,29,Connecticut,2024-11-08,control
U01885,electronics_buyer,49,0.9706473888973239,16,Kansas,2023-11-25,variant_a
U01886,fashion_shopper,55,0.8299976629085423,27,Illinois,2024-10-29,control
U01887,fashion_shopper,57,0.16973025936735747,17,New Hampshire,2024-12-22,control
U01888,electronics_buyer,49,0.7419535501440125,13,New Hampshire,2023-06-12,variant_b
U01889,hybrid,43,0.5819497438801363,6,Alaska,2025-09-30,variant_b
U01890,fashion_shopper,56,0.11479245213909445,2,Iowa,2024-08-09,control
U01891,fashion_shopper,37,0.3261816628528993,8,North Dakota,2024-11-15,variant_a
U01892,hybrid,35,0.9295797205242037,23,Hawaii,2024-02-16,variant_b
U01893,fashion_shopper,32,0.9334552355080776,22,Idaho,2024-01-08,control
U01894,electronics_buyer,39,0.818965414180571,4,New Mexico,2023-06-05,variant_a
U01895,electronics_buyer,39,0.9836016429501905,9,Virginia,2024-05-26,variant_b
U01896,electronics_buyer,38,0.8258907021617844,23,Virginia,2025-12-20,variant_a
U01897,fashion_shopper,19,0.10918376855672068,7,Iowa,2024-08-15,control
U01898,fashion_shopper,57,0.3590509062713606,21,New Mexico,2025-04-18,variant_a
U01899,electronics_buyer,60,0.12756176401398658,1,Vermont,2025-11-06,variant_b
U01900,electronics_buyer,35,0.18469717186380352,14,Missouri,2025-05-24,variant_a
U01901,fashion_shopper,40,0.29695673525569843,2,Alabama,2024-11-22,control
U01902,electronics_buyer,30,0.5532026916929702,8,Tennessee,2024-06-02,variant_b
U01903,fashion_shopper,58,0.862778803115816,11,North Carolina,2024-10-12,control
U01904,electronics_buyer,26,0.8757700805413973,5,Utah,2023-11-20,variant_b
U01905,fashion_shopper,24,0.6545816727015669,18,Tennessee,2024-06-24,control
U01906,hybrid,58,0.9353583451596115,12,Nebraska,2025-07-16,variant_b
U01907,fashion_shopper,18,0.5500560939311873,21,North Carolina,2026-04-07,variant_a
U01908,fashion_shopper,19,0.9001324397198814,24,Maryland,2024-02-05,control
U01909,fashion_shopper,21,0.508658730698811,20,Delaware,2024-06-01,control
U01910,fashion_shopper,31,0.34950250667969407,19,Indiana,2025-06-13,control
U01911,hybrid,49,0.9247716262903849,5,Oregon,2026-03-03,variant_b
U01912,hybrid,53,0.4491415681109824,29,Hawaii,2026-03-17,variant_b
U01913,fashion_shopper,19,0.5530636979600155,7,Delaware,2026-05-18,variant_a
U01914,fashion_shopper,57,0.39597456927760954,2,Mississippi,2026-03-18,variant_a
U01915,electronics_buyer,31,0.6965538402616568,17,New York,2026-03-08,variant_b
U01916,hybrid,37,0.9955281025054319,13,Kentucky,2025-12-04,variant_b
U01917,electronics_buyer,42,0.12296219397829268,11,Maine,2026-01-12,variant_a
U01918,fashion_shopper,59,0.9098632054063913,5,Alaska,2024-04-03,variant_a
U01919,fashion_shopper,25,0.10353345129033886,13,Pennsylvania,2025-12-08,variant_a
U01920,electronics_buyer,45,0.42780509303159,29,Louisiana,2023-09-19,variant_b
U01921,fashion_shopper,63,0.25174612566056287,23,Hawaii,2025-03-07,control
U01922,electronics_buyer,38,0.7816076026052962,13,Louisiana,2024-04-20,variant_a
U01923,fashion_shopper,40,0.14554975668145614,8,South Dakota,2023-07-25,variant_a
U01924,electronics_buyer,49,0.5981364582258951,11,North Carolina,2025-01-04,variant_b
U01925,fashion_shopper,25,0.36543352046078137,8,Idaho,2024-05-04,control
U01926,electronics_buyer,48,0.22030322397823193,10,Iowa,2024-03-25,variant_a
U01927,electronics_buyer,54,0.7946363908923767,25,Nebraska,2025-10-31,variant_a
U01928,electronics_buyer,33,0.29567515082973106,27,Kansas,2025-12-20,variant_a
U01929,fashion_shopper,57,0.30130769084944503,11,Tennessee,2025-11-01,control
U01930,electronics_buyer,59,0.3475691066241307,28,Massachusetts,2023-10-29,variant_a
U01931,electronics_buyer,44,0.6280900874452247,1,Nebraska,2024-06-12,variant_a
U01932,electronics_buyer,57,0.6936993385216734,7,Ohio,2024-10-20,variant_a
U01933,electronics_buyer,58,0.11584227133121047,26,Missouri,2025-12-15,variant_a
U01934,electronics_buyer,35,0.3176826725024113,8,New Jersey,2025-09-15,variant_b
U01935,hybrid,52,0.48787375825475454,6,Pennsylvania,2026-04-27,variant_b
U01936,fashion_shopper,32,0.39877925694510985,26,Delaware,2023-09-26,control
U01937,hybrid,44,0.8957535926597975,14,Kansas,2025-03-25,variant_b
U01938,electronics_buyer,34,0.8089378577977769,28,South Dakota,2025-12-23,variant_a
U01939,fashion_shopper,57,0.6633011939849448,20,Maryland,2025-05-08,control
U01940,fashion_shopper,19,0.4042381743973358,7,Texas,2025-02-15,control
U01941,fashion_shopper,48,0.7306051103615439,3,Minnesota,2025-05-19,control
U01942,electronics_buyer,54,0.859274211561215,2,Indiana,2025-06-08,variant_b
U01943,electronics_buyer,58,0.635347339623088,22,North Dakota,2025-01-14,variant_b
U01944,electronics_buyer,58,0.8060153202040412,18,Connecticut,2025-01-24,variant_b
U01945,electronics_buyer,51,0.774194465259773,22,Louisiana,2025-04-19,variant_a
U01946,fashion_shopper,51,0.61456358004429,26,South Carolina,2025-11-05,variant_a
U01947,fashion_shopper,20,0.3809648951393598,3,North Carolina,2024-07-10,control
U01948,fashion_shopper,34,0.7712039422011446,14,Iowa,2025-09-15,control
U01949,fashion_shopper,31,0.2861167297218458,18,West Virginia,2023-11-07,variant_a
U01950,fashion_shopper,31,0.8015395118243803,13,Mississippi,2025-08-17,control
U01951,fashion_shopper,63,0.8240920229282798,8,Kentucky,2024-05-29,control
U01952,electronics_buyer,55,0.8399303916133357,4,Arkansas,2025-09-30,variant_a
U01953,electronics_buyer,52,0.5256243738806119,15,Arizona,2024-04-09,variant_b
U01954,hybrid,18,0.27323269099337955,12,Illinois,2026-03-03,variant_b
U01955,hybrid,46,0.18975124005946187,14,Virginia,2025-07-24,variant_b
U01956,electronics_buyer,21,0.7690251254391318,20,Hawaii,2025-06-08,variant_a
U01957,fashion_shopper,50,0.8976352460768319,7,Massachusetts,2025-10-11,variant_a
U01958,electronics_buyer,34,0.685754522953216,24,New Hampshire,2024-10-21,variant_a
U01959,electronics_buyer,45,0.22974405434953266,12,Colorado,2024-06-18,variant_b
U01960,fashion_shopper,43,0.9414068036658166,29,Illinois,2026-04-02,control
U01961,fashion_shopper,25,0.9901918130853876,9,Maine,2024-11-11,variant_a
U01962,hybrid,51,0.4900407489414298,10,Florida,2024-12-30,variant_b
U01963,fashion_shopper,35,0.635342760346394,8,Ohio,2026-03-16,variant_a
U01964,electronics_buyer,48,0.799505668001492,20,Oklahoma,2025-06-10,variant_a
U01965,electronics_buyer,44,0.7627508110450402,2,North Carolina,2024-12-23,variant_a
U01966,fashion_shopper,33,0.9710084727401043,26,Michigan,2026-02-08,control
U01967,fashion_shopper,27,0.20339478197091004,16,Kansas,2024-04-26,variant_a
U01968,fashion_shopper,57,0.6226523795285251,21,Connecticut,2023-10-19,control
U01969,fashion_shopper,29,0.7227382777057829,23,Massachusetts,2025-01-29,control
U01970,fashion_shopper,39,0.901088581768903,18,Oklahoma,2026-03-06,control
U01971,hybrid,33,0.8866986649463356,20,California,2025-01-14,variant_b
U01972,fashion_shopper,29,0.980199814205161,22,Nebraska,2025-11-05,control
U01973,electronics_buyer,28,0.5608706085439111,24,Washington,2024-04-27,variant_a
U01974,fashion_shopper,37,0.847684780131904,10,Iowa,2026-03-12,control
U01975,hybrid,18,0.48455353731459494,29,Michigan,2025-04-20,variant_b
U01976,fashion_shopper,44,0.480082490070429,6,Minnesota,2024-09-06,control
U01977,fashion_shopper,20,0.32801352802557315,6,Washington,2024-03-04,variant_a
U01978,hybrid,29,0.8364135583173068,22,Nevada,2024-02-26,variant_b
U01979,hybrid,47,0.987233595232164,20,New Jersey,2025-11-10,variant_b
U01980,fashion_shopper,26,0.3307075555125321,13,South Dakota,2024-07-05,control
U01981,hybrid,54,0.1505184292189651,19,Nevada,2023-09-13,variant_b
U01982,electronics_buyer,18,0.8339881936771066,17,Arkansas,2025-01-24,variant_a
U01983,electronics_buyer,59,0.6582070472812805,2,Indiana,2025-02-04,variant_a
U01984,fashion_shopper,21,0.963728920495904,18,Colorado,2024-09-05,control
U01985,fashion_shopper,32,0.32701529716925704,26,Connecticut,2025-11-10,control
U01986,electronics_buyer,44,0.16392489220115297,7,Arizona,2025-11-28,variant_b
U01987,electronics_buyer,25,0.5431980347798514,27,Oregon,2023-08-01,variant_a
U01988,fashion_shopper,40,0.17691942066863275,14,Alaska,2025-11-28,variant_a
U01989,electronics_buyer,32,0.3356110009924367,22,Nevada,2024-11-08,variant_b
U01990,electronics_buyer,44,0.21338007473725146,15,Alaska,2026-04-07,variant_b
U01991,fashion_shopper,48,0.30171896169407086,8,West Virginia,2025-06-15,control
U01992,electronics_buyer,56,0.19553018753925266,9,South Dakota,2023-09-21,variant_a
U01993,fashion_shopper,64,0.9585153994845569,21,Utah,2023-08-04,control
U01994,electronics_buyer,25,0.350706442104762,11,Minnesota,2024-05-16,variant_b
U01995,electronics_buyer,47,0.4995078273933089,3,Nebraska,2025-03-12,variant_a
U01996,hybrid,59,0.9087506268708001,20,Rhode Island,2025-04-10,variant_b
U01997,fashion_shopper,35,0.7095894291653269,14,Massachusetts,2024-04-26,control
U01998,fashion_shopper,21,0.6562337325055969,27,Florida,2025-09-18,control
U01999,fashion_shopper,64,0.7350068713247534,8,Illinois,2023-08-30,control
U02000,fashion_shopper,60,0.8459400313948436,3,Vermont,2024-10-18,control
U02001,fashion_shopper,39,0.8899023410665848,18,Texas,2025-08-30,control
U02002,hybrid,20,0.6783757035985238,23,Minnesota,2024-06-29,variant_b
U02003,fashion_shopper,32,0.9010065472246519,14,Pennsylvania,2024-06-29,control
U02004,fashion_shopper,52,0.5818577746829292,20,Virginia,2023-06-14,control
U02005,electronics_buyer,64,0.3495617706415811,29,Kansas,2025-09-24,variant_b
U02006,fashion_shopper,55,0.8920690379954599,8,Rhode Island,2023-11-23,variant_a
U02007,electronics_buyer,50,0.5873255446717784,17,West Virginia,2023-09-01,variant_b
U02008,fashion_shopper,31,0.9155238288105109,8,Louisiana,2025-05-21,control
U02009,electronics_buyer,18,0.1361510325555231,5,South Carolina,2026-04-15,variant_a
U02010,fashion_shopper,43,0.457764176387112,12,Maine,2026-05-05,control
U02011,fashion_shopper,25,0.9530245165262214,2,South Carolina,2024-12-20,control
U02012,hybrid,33,0.3246850834824725,17,Texas,2024-02-14,variant_b
U02013,fashion_shopper,55,0.9473826214346434,13,Wyoming,2024-01-22,control
U02014,electronics_buyer,27,0.9585122150163249,22,Georgia,2026-03-22,variant_a
U02015,fashion_shopper,59,0.8939280828032748,14,Missouri,2024-08-18,variant_a
U02016,fashion_shopper,54,0.6073012405839688,9,Minnesota,2026-04-19,variant_a
U02017,hybrid,43,0.6822455041725747,9,Oregon,2024-06-24,variant_b
U02018,fashion_shopper,45,0.8826552986048822,9,Michigan,2024-07-24,control
U02019,electronics_buyer,29,0.798307374150266,27,Nebraska,2025-01-07,variant_a
U02020,hybrid,37,0.6670844645098705,20,Delaware,2026-01-10,variant_b
U02021,electronics_buyer,31,0.9840334670836324,6,California,2024-06-20,variant_a
U02022,hybrid,63,0.7171089727003247,12,Florida,2024-07-20,variant_b
U02023,fashion_shopper,52,0.977933793202985,10,Arizona,2024-08-25,control
U02024,fashion_shopper,46,0.15164962714638167,22,New Jersey,2024-04-28,variant_a
U02025,fashion_shopper,29,0.22506433366799122,5,Michigan,2025-05-26,control
U02026,electronics_buyer,35,0.5063129614004416,18,South Dakota,2025-12-18,variant_b
U02027,hybrid,61,0.4463915147958837,7,West Virginia,2024-03-24,variant_b
U02028,fashion_shopper,19,0.804461357221325,13,Tennessee,2026-03-25,control
U02029,electronics_buyer,19,0.24455262382228338,1,Washington,2023-09-14,variant_a
U02030,fashion_shopper,34,0.9784856612003398,6,Oklahoma,2025-01-30,control
U02031,electronics_buyer,27,0.3835592877348226,21,Ohio,2024-07-01,variant_a
U02032,electronics_buyer,35,0.48603133696614353,21,Rhode Island,2025-01-02,variant_a
U02033,hybrid,39,0.34727052919602064,8,Delaware,2025-11-01,variant_b
U02034,electronics_buyer,36,0.6214272555938926,9,South Dakota,2025-11-14,variant_a
U02035,fashion_shopper,18,0.15276583038032557,7,Rhode Island,2024-04-25,variant_a
U02036,fashion_shopper,41,0.2347097550134039,10,Nebraska,2023-08-11,control
U02037,fashion_shopper,53,0.7712179330768518,29,Minnesota,2025-04-20,control
U02038,fashion_shopper,42,0.2678505250643235,8,Tennessee,2025-06-15,control
U02039,fashion_shopper,53,0.31196300640099656,2,Georgia,2024-07-08,control
U02040,hybrid,48,0.813684012152354,18,Massachusetts,2024-05-11,variant_b
U02041,electronics_buyer,48,0.18397106052152823,28,Alabama,2025-12-09,variant_a
U02042,electronics_buyer,19,0.4937264404937568,15,Tennessee,2025-09-17,variant_a
U02043,fashion_shopper,36,0.12075704829750429,24,Alabama,2025-12-03,control
U02044,hybrid,29,0.4121266593861135,6,Connecticut,2026-01-04,variant_b
U02045,electronics_buyer,27,0.729083262349679,24,Washington,2025-11-03,variant_b
U02046,fashion_shopper,48,0.1810929517455055,14,Montana,2026-01-22,control
U02047,electronics_buyer,62,0.8995011641008841,25,Arizona,2025-08-19,variant_b
U02048,electronics_buyer,39,0.9185491386466444,25,Montana,2025-01-05,variant_a
U02049,fashion_shopper,40,0.1944913376126216,27,Rhode Island,2023-07-25,control
U02050,electronics_buyer,40,0.991659192738199,22,Oklahoma,2025-09-13,variant_a
U02051,electronics_buyer,32,0.3677765980559401,24,Georgia,2026-05-07,variant_a
U02052,fashion_shopper,43,0.17569150401844547,18,Missouri,2023-12-25,control
U02053,hybrid,20,0.10456040304753605,24,New Mexico,2024-07-01,variant_b
U02054,hybrid,40,0.46767060618747636,3,Minnesota,2025-08-07,variant_b
U02055,electronics_buyer,37,0.6668289871355059,1,North Carolina,2023-07-03,variant_a
U02056,electronics_buyer,62,0.398961324912982,23,West Virginia,2025-07-07,variant_a
U02057,fashion_shopper,57,0.8530456289271604,1,Rhode Island,2024-05-31,variant_a
U02058,electronics_buyer,56,0.744945648008545,14,Minnesota,2025-03-23,variant_a
U02059,electronics_buyer,25,0.4151453787712295,27,North Carolina,2026-01-31,variant_a
U02060,fashion_shopper,35,0.7608786999477442,1,Mississippi,2024-12-15,control
U02061,electronics_buyer,58,0.9464389632723248,1,Arkansas,2026-04-17,variant_a
U02062,hybrid,23,0.18378639868871538,4,Washington,2026-04-06,variant_b
U02063,electronics_buyer,44,0.3754935641418552,29,Arizona,2024-12-15,variant_a
U02064,fashion_shopper,53,0.5169933452050239,12,Kentucky,2023-11-26,control
U02065,electronics_buyer,32,0.5481911149792917,15,Michigan,2025-05-25,variant_b
U02066,fashion_shopper,54,0.5879760803974663,29,Iowa,2023-10-09,control
U02067,fashion_shopper,22,0.3705642158847837,28,Louisiana,2025-10-30,control
U02068,fashion_shopper,56,0.7005336813841142,4,South Carolina,2025-10-17,control
U02069,fashion_shopper,26,0.6805760531768468,10,Wisconsin,2023-12-15,control
U02070,electronics_buyer,24,0.6200393556444525,11,Nebraska,2025-03-06,variant_b
U02071,electronics_buyer,58,0.20238554953978896,6,Arizona,2024-07-14,variant_a
U02072,fashion_shopper,37,0.5292711019863501,28,Oregon,2023-06-19,control
U02073,hybrid,27,0.4206041987404381,10,Hawaii,2023-12-03,variant_b
U02074,hybrid,43,0.5419346228543104,12,Arkansas,2025-10-15,variant_b
U02075,hybrid,21,0.9296797919635233,3,Alabama,2025-08-05,variant_b
U02076,fashion_shopper,55,0.5324782088425675,15,Kentucky,2023-06-05,control
U02077,electronics_buyer,41,0.11258271265556066,16,Indiana,2026-04-16,variant_a
U02078,hybrid,31,0.49495306427571784,10,New Hampshire,2025-04-20,variant_b
U02079,electronics_buyer,58,0.838583362044444,22,Montana,2025-09-27,variant_b
U02080,fashion_shopper,18,0.8020548308963514,29,Arkansas,2023-09-04,control
U02081,fashion_shopper,34,0.5620510661753629,23,Ohio,2023-06-26,control
U02082,electronics_buyer,62,0.3247921115733838,11,Alaska,2023-09-22,variant_a
U02083,hybrid,41,0.5185797966230906,16,Delaware,2026-01-20,variant_b
U02084,electronics_buyer,44,0.6073319974763725,17,South Dakota,2025-06-20,variant_a
U02085,electronics_buyer,24,0.9998842944467204,14,Nebraska,2026-03-26,variant_a
U02086,fashion_shopper,26,0.6797602811524396,16,Florida,2024-11-07,control
U02087,electronics_buyer,60,0.7248384370563521,14,Alaska,2025-06-27,variant_a
U02088,hybrid,52,0.5423087292112467,6,Missouri,2024-02-24,variant_b
U02089,fashion_shopper,29,0.4190405957042769,10,Maine,2024-06-01,variant_a
U02090,electronics_buyer,38,0.8316576852824854,17,Ohio,2023-12-22,variant_b
U02091,hybrid,20,0.5454390919053126,23,Texas,2025-04-18,variant_b
U02092,fashion_shopper,32,0.9952211169680726,10,North Dakota,2025-12-26,control
U02093,electronics_buyer,38,0.5114085168412397,21,Washington,2024-04-01,variant_a
U02094,fashion_shopper,27,0.16120025528281964,10,Idaho,2026-02-10,control
U02095,electronics_buyer,50,0.7143203233810744,14,Montana,2023-07-05,variant_b
U02096,electronics_buyer,63,0.14197730583322998,20,New Mexico,2024-06-06,variant_a
U02097,electronics_buyer,23,0.325451437196233,17,Oklahoma,2025-03-30,variant_a
U02098,electronics_buyer,19,0.41836442750191305,9,North Dakota,2025-02-19,variant_b
U02099,fashion_shopper,46,0.7655352270591949,15,Ohio,2023-10-20,variant_a
U02100,hybrid,57,0.5448123337668516,7,South Carolina,2024-10-03,variant_b
U02101,electronics_buyer,50,0.12578133817923096,2,Illinois,2023-06-06,variant_a
U02102,fashion_shopper,21,0.6551648661483299,4,Vermont,2024-09-27,control
U02103,electronics_buyer,21,0.4702926136839961,20,New Hampshire,2026-03-12,variant_b
U02104,electronics_buyer,46,0.9296510589703965,24,Wisconsin,2023-07-15,variant_b
U02105,fashion_shopper,54,0.5496060800262119,18,Florida,2025-08-08,control
U02106,hybrid,37,0.738077631345405,11,Connecticut,2026-01-21,variant_b
U02107,hybrid,58,0.2969816430965922,5,Vermont,2025-05-29,variant_b
U02108,fashion_shopper,40,0.7848762080784879,26,Vermont,2026-02-25,control
U02109,hybrid,62,0.7488597794353051,8,Oregon,2024-02-12,variant_b
U02110,fashion_shopper,35,0.9136735376871774,22,Iowa,2024-09-05,control
U02111,fashion_shopper,42,0.1304394775472793,20,Georgia,2026-01-20,control
U02112,fashion_shopper,18,0.502750627855706,5,Nevada,2024-10-29,control
U02113,hybrid,32,0.7112398624656672,2,Mississippi,2024-03-10,variant_b
U02114,electronics_buyer,51,0.18564751007219354,5,Kansas,2025-02-10,variant_a
U02115,fashion_shopper,37,0.4695436604340212,3,Alabama,2025-11-12,control
U02116,fashion_shopper,54,0.9479319427595758,12,Oregon,2024-09-12,variant_a
U02117,electronics_buyer,44,0.49234104180201543,19,North Dakota,2026-02-24,variant_a
U02118,fashion_shopper,39,0.9868643051325683,7,Rhode Island,2025-05-03,control
U02119,hybrid,22,0.15115515497183768,19,Pennsylvania,2026-02-25,variant_b
U02120,hybrid,51,0.7460467985268021,4,North Carolina,2026-04-10,variant_b
U02121,electronics_buyer,56,0.6229146126234425,23,Texas,2026-03-23,variant_a
U02122,hybrid,20,0.550485709418913,14,Utah,2023-06-22,variant_b
U02123,fashion_shopper,34,0.9737626613365085,19,Georgia,2024-07-10,variant_a
U02124,hybrid,41,0.21668536044201578,26,Mississippi,2024-01-19,variant_b
U02125,electronics_buyer,41,0.906399056512822,26,Maryland,2025-10-27,variant_a
U02126,electronics_buyer,20,0.7221163700229493,29,Colorado,2024-04-11,variant_a
U02127,fashion_shopper,62,0.33309646596966946,18,Pennsylvania,2023-07-08,control
U02128,hybrid,24,0.911502231069064,26,Colorado,2024-01-04,variant_b
U02129,fashion_shopper,42,0.48636542607491196,7,Minnesota,2024-06-20,variant_a
U02130,fashion_shopper,20,0.8328045952657638,15,Minnesota,2025-06-25,control
U02131,fashion_shopper,32,0.44995286534266,21,New Hampshire,2025-10-04,control
U02132,electronics_buyer,46,0.8658377446899169,1,Connecticut,2024-09-15,variant_a
U02133,electronics_buyer,46,0.6729662066005437,12,Georgia,2023-12-17,variant_a
U02134,electronics_buyer,27,0.22694197022535445,26,Alabama,2024-03-03,variant_b
U02135,hybrid,49,0.6846968471225748,29,North Carolina,2025-04-15,variant_b
U02136,fashion_shopper,40,0.2722102864316854,24,Nebraska,2024-08-21,control
U02137,electronics_buyer,56,0.4707303651047464,19,Delaware,2023-12-23,variant_b
U02138,fashion_shopper,26,0.25326602582683033,27,Maryland,2025-11-15,control
U02139,hybrid,54,0.11981450410040673,23,Vermont,2024-12-07,variant_b
U02140,hybrid,57,0.2906978855049618,6,Idaho,2024-06-11,variant_b
U02141,electronics_buyer,31,0.5827348213517132,26,Oregon,2025-12-15,variant_a
U02142,electronics_buyer,21,0.5334048709996114,28,Utah,2025-09-26,variant_b
U02143,fashion_shopper,37,0.5513473859824574,13,Vermont,2025-06-25,control
U02144,electronics_buyer,45,0.32291819060194116,6,Louisiana,2025-05-10,variant_a
U02145,hybrid,31,0.7166450805527675,13,Massachusetts,2023-11-15,variant_b
U02146,electronics_buyer,61,0.7338369581383112,15,Massachusetts,2023-11-30,variant_a
U02147,fashion_shopper,51,0.422171043003699,29,Rhode Island,2025-11-12,variant_a
U02148,electronics_buyer,30,0.8930530796267568,16,Ohio,2025-05-22,variant_a
U02149,hybrid,48,0.6796208949719931,8,Michigan,2026-02-23,variant_b
U02150,fashion_shopper,50,0.7417353477327686,13,Nevada,2023-10-11,control
U02151,fashion_shopper,56,0.3496059261450455,13,Nebraska,2025-12-12,control
U02152,electronics_buyer,45,0.10055047164002834,28,Texas,2025-12-04,variant_b
U02153,hybrid,42,0.8788380508918986,29,Washington,2023-11-13,variant_b
U02154,fashion_shopper,49,0.8401819461218276,20,Missouri,2023-09-28,control
U02155,fashion_shopper,26,0.21087269923854718,20,Vermont,2025-11-14,control
U02156,fashion_shopper,45,0.43669462146067584,12,Wyoming,2026-03-08,control
U02157,fashion_shopper,48,0.6952053775497243,19,North Dakota,2024-08-08,variant_a
U02158,electronics_buyer,34,0.6868997714968553,17,Nevada,2025-10-16,variant_a
U02159,electronics_buyer,40,0.8743153013277009,26,Indiana,2025-10-17,variant_b
U02160,electronics_buyer,30,0.2262413454718857,3,Ohio,2025-05-26,variant_a
U02161,electronics_buyer,27,0.4869457730066069,15,Hawaii,2025-03-29,variant_a
U02162,fashion_shopper,33,0.1875019761337823,17,Montana,2023-08-28,variant_a
U02163,hybrid,23,0.45063572359476534,6,Tennessee,2026-04-13,variant_b
U02164,electronics_buyer,28,0.11359670102893395,24,Nevada,2025-06-03,variant_a
U02165,hybrid,20,0.9084457585991143,19,North Carolina,2024-09-03,variant_b
U02166,electronics_buyer,45,0.574339597145813,12,Ohio,2023-10-01,variant_a
U02167,fashion_shopper,58,0.8648220347221183,4,Hawaii,2024-12-24,control
U02168,electronics_buyer,32,0.1539142309030274,21,Ohio,2026-01-15,variant_b
U02169,fashion_shopper,30,0.3047122994256286,23,Pennsylvania,2025-01-12,control
U02170,electronics_buyer,59,0.3334419956990625,12,Vermont,2024-09-16,variant_b
U02171,fashion_shopper,62,0.44802234517490924,27,West Virginia,2023-12-19,control
U02172,fashion_shopper,34,0.8225797351577915,22,Connecticut,2026-04-20,control
U02173,hybrid,24,0.4479020863583434,2,Utah,2023-10-05,variant_b
U02174,fashion_shopper,45,0.28418817668169427,7,Texas,2025-04-14,control
U02175,hybrid,55,0.1584912343048916,16,Missouri,2024-08-28,variant_b
U02176,fashion_shopper,30,0.17154257351741872,24,Virginia,2023-12-29,control
U02177,electronics_buyer,34,0.7840424853648796,12,Pennsylvania,2024-01-12,variant_a
U02178,electronics_buyer,32,0.5003226919329697,16,New Hampshire,2025-09-25,variant_b
U02179,electronics_buyer,53,0.7535630098000138,14,Nebraska,2025-10-28,variant_a
U02180,fashion_shopper,45,0.7140584095873278,1,Vermont,2025-12-29,control
U02181,fashion_shopper,32,0.22182621558423202,22,Michigan,2024-03-24,control
U02182,fashion_shopper,63,0.2285991407730405,27,New York,2025-08-04,control
U02183,fashion_shopper,28,0.7798078138907205,9,California,2026-01-10,control
U02184,electronics_buyer,48,0.7491414641368754,7,Texas,2024-06-07,variant_a
U02185,hybrid,21,0.44022769018687935,5,Maryland,2024-09-26,variant_b
U02186,hybrid,52,0.16968003699955608,29,Montana,2025-05-15,variant_b
U02187,electronics_buyer,51,0.11088821952860699,10,South Dakota,2024-10-29,variant_b
U02188,electronics_buyer,44,0.3593412545155704,27,Oklahoma,2024-10-01,variant_b
U02189,electronics_buyer,27,0.10830004622850425,10,West Virginia,2024-03-26,variant_a
U02190,fashion_shopper,47,0.3070653589933331,25,California,2025-09-16,control
U02191,hybrid,62,0.4775506661902047,18,Nevada,2023-12-27,variant_b
U02192,electronics_buyer,37,0.20927418878075876,7,Alabama,2024-01-17,variant_b
U02193,electronics_buyer,46,0.19384998204839163,25,Louisiana,2024-01-03,variant_a
U02194,fashion_shopper,46,0.9067936921468629,18,Wisconsin,2025-10-14,control
U02195,fashion_shopper,40,0.6269230261206004,13,Minnesota,2023-05-23,variant_a
U02196,electronics_buyer,38,0.9410101180865033,11,California,2023-11-01,variant_a
U02197,hybrid,60,0.41124354740711133,10,Florida,2023-07-08,variant_b
U02198,electronics_buyer,27,0.7094304435962469,22,North Carolina,2024-06-04,variant_a
U02199,fashion_shopper,58,0.2842225071596114,9,Oklahoma,2026-04-04,variant_a
U02200,hybrid,29,0.6565062855519471,15,New Jersey,2026-05-13,variant_b
U02201,fashion_shopper,47,0.216627157008986,14,Montana,2026-01-21,control
U02202,fashion_shopper,50,0.10187257525865719,3,West Virginia,2024-10-18,variant_a
U02203,fashion_shopper,35,0.9383786212686211,24,New Mexico,2024-01-04,control
U02204,electronics_buyer,31,0.5994049385576884,14,Texas,2023-08-13,variant_b
U02205,hybrid,39,0.9342465965038355,21,South Carolina,2026-03-30,variant_b
U02206,fashion_shopper,38,0.40044837133186484,16,Arkansas,2024-10-10,control
U02207,hybrid,18,0.39500746224558114,23,Colorado,2023-06-25,variant_b
U02208,fashion_shopper,60,0.46058950159572853,29,Nebraska,2024-12-21,control
U02209,hybrid,32,0.7354368855623514,28,Ohio,2023-11-12,variant_b
U02210,electronics_buyer,53,0.6092277707675567,3,Georgia,2025-05-22,variant_b
U02211,hybrid,64,0.9328194163892062,8,North Dakota,2025-05-21,variant_b
U02212,fashion_shopper,39,0.12289681101919542,2,Arizona,2026-01-30,control
U02213,hybrid,49,0.7373763441752827,29,Virginia,2026-01-04,variant_b
U02214,electronics_buyer,63,0.3972949204298989,24,Washington,2026-04-11,variant_b
U02215,fashion_shopper,50,0.26221028663661505,2,Alabama,2025-11-14,control
U02216,hybrid,58,0.559356060268089,23,New Mexico,2023-10-12,variant_b
U02217,fashion_shopper,56,0.5545574057619964,18,Maryland,2023-08-10,control
U02218,hybrid,40,0.2233099258195856,7,Texas,2025-08-11,variant_b
U02219,fashion_shopper,60,0.28170645051960086,17,Arizona,2024-05-31,control
U02220,electronics_buyer,19,0.4673481984113994,6,New Mexico,2023-10-15,variant_b
U02221,electronics_buyer,19,0.46793027115308383,10,Alaska,2025-11-18,variant_a
U02222,fashion_shopper,55,0.3858023256577162,7,Idaho,2026-05-05,control
U02223,fashion_shopper,46,0.23369063635898285,4,Alabama,2025-08-18,control
U02224,fashion_shopper,63,0.10393631119088158,11,South Carolina,2023-11-24,control
U02225,electronics_buyer,20,0.9732115561852185,16,South Carolina,2024-12-14,variant_a
U02226,fashion_shopper,56,0.9491493067335343,27,Maryland,2024-06-05,control
U02227,electronics_buyer,24,0.5352853412585217,17,Florida,2025-10-15,variant_a
U02228,fashion_shopper,53,0.9955465779475051,28,Kentucky,2025-10-12,control
U02229,fashion_shopper,46,0.7062888977040189,6,Maryland,2025-11-22,control
U02230,electronics_buyer,54,0.1619717838467874,20,New Hampshire,2024-06-10,variant_b
U02231,fashion_shopper,53,0.20594637917436465,19,Rhode Island,2026-05-12,control
U02232,hybrid,40,0.9244997594826739,20,Nevada,2025-03-24,variant_b
U02233,hybrid,62,0.6670469819346656,22,South Carolina,2023-09-26,variant_b
U02234,electronics_buyer,33,0.858865263991616,21,Rhode Island,2025-08-03,variant_a
U02235,electronics_buyer,48,0.9084426846704599,18,Louisiana,2023-10-27,variant_a
U02236,hybrid,51,0.5031478101541474,15,New Mexico,2024-01-20,variant_b
U02237,fashion_shopper,18,0.14367335641902373,2,Idaho,2025-01-10,control
U02238,fashion_shopper,35,0.26945231400758984,19,New York,2024-06-17,control
U02239,fashion_shopper,57,0.1599147525721916,27,Maine,2025-01-14,control
U02240,electronics_buyer,60,0.2698658611286566,6,Mississippi,2024-06-10,variant_b
U02241,fashion_shopper,32,0.4694796338102891,12,Kansas,2024-03-02,control
U02242,electronics_buyer,34,0.2063771294634869,1,Oregon,2023-05-31,variant_a
U02243,hybrid,61,0.25005992302480895,27,Minnesota,2025-10-21,variant_b
U02244,hybrid,27,0.5012396038645113,23,Ohio,2024-09-02,variant_b
U02245,electronics_buyer,37,0.40615385534964066,24,Colorado,2024-05-14,variant_a
U02246,fashion_shopper,23,0.5208923117692369,23,Iowa,2023-07-30,control
U02247,hybrid,25,0.48625482498315586,11,Texas,2024-11-10,variant_b
U02248,electronics_buyer,62,0.6800302233818951,19,Maine,2024-10-12,variant_a
U02249,fashion_shopper,51,0.943470593988269,22,Oklahoma,2024-03-11,control
U02250,fashion_shopper,49,0.19707790459981822,4,Montana,2023-06-28,control
U02251,hybrid,59,0.18933413437827543,21,North Dakota,2024-10-29,variant_b
U02252,electronics_buyer,21,0.8675254999818118,19,Texas,2023-07-30,variant_a
U02253,hybrid,61,0.5557570341872132,21,Utah,2024-10-03,variant_b
U02254,hybrid,56,0.789764521211598,6,Utah,2024-07-30,variant_b
U02255,electronics_buyer,37,0.29387971324655326,8,Maryland,2025-09-29,variant_a
U02256,electronics_buyer,41,0.8459763158507966,28,South Dakota,2026-05-07,variant_a
U02257,fashion_shopper,41,0.9314619617734263,22,Michigan,2026-03-01,variant_a
U02258,fashion_shopper,43,0.6719347139918393,9,Washington,2025-09-09,control
U02259,fashion_shopper,42,0.195291119326422,10,Delaware,2024-09-12,variant_a
U02260,electronics_buyer,53,0.9057653327407049,10,Tennessee,2024-07-07,variant_b
U02261,electronics_buyer,24,0.8132389546330642,10,Ohio,2025-04-22,variant_a
U02262,hybrid,27,0.7757899988630409,26,South Carolina,2024-05-25,variant_b
U02263,fashion_shopper,64,0.13305537001532403,4,Hawaii,2025-12-20,variant_a
U02264,electronics_buyer,29,0.8190662727312741,18,Illinois,2023-09-22,variant_a
U02265,electronics_buyer,18,0.2241559094215213,12,Florida,2024-02-21,variant_a
U02266,electronics_buyer,42,0.30014755857719955,25,Oklahoma,2024-07-25,variant_a
U02267,electronics_buyer,33,0.6194213513823318,11,Florida,2024-02-15,variant_b
U02268,fashion_shopper,22,0.33848269562519473,16,Pennsylvania,2024-02-03,control
U02269,electronics_buyer,36,0.6952133856807278,19,Arkansas,2023-08-30,variant_a
U02270,fashion_shopper,21,0.6472634029291734,11,Missouri,2025-03-19,control
U02271,fashion_shopper,23,0.19733463821193636,23,Ohio,2025-07-07,variant_a
U02272,electronics_buyer,43,0.6904131216323557,4,Oregon,2023-12-05,variant_a
U02273,electronics_buyer,56,0.931559418842437,12,Pennsylvania,2024-10-31,variant_a
U02274,hybrid,56,0.24499891466724982,28,Colorado,2023-08-09,variant_b
U02275,electronics_buyer,26,0.6373558188485987,17,Arizona,2024-05-25,variant_a
U02276,electronics_buyer,62,0.4076788347430247,24,Texas,2025-05-15,variant_b
U02277,electronics_buyer,31,0.5136505045962436,13,Utah,2025-06-17,variant_a
U02278,electronics_buyer,26,0.3583001611710729,28,Arizona,2024-07-19,variant_a
U02279,fashion_shopper,32,0.41871757271292576,4,Maine,2024-09-28,control
U02280,fashion_shopper,54,0.12602064093990156,27,Alabama,2024-10-04,control
U02281,fashion_shopper,37,0.9833965641254986,6,Oregon,2025-08-25,variant_a
U02282,electronics_buyer,25,0.6623199298654734,7,Georgia,2026-03-19,variant_a
U02283,fashion_shopper,49,0.5506350314444968,8,Pennsylvania,2024-03-28,control
U02284,fashion_shopper,64,0.44534381455029404,26,New Mexico,2025-03-25,control
U02285,fashion_shopper,38,0.5854371029416249,2,Nevada,2025-01-05,control
U02286,hybrid,58,0.44209539884422355,9,Arkansas,2023-08-23,variant_b
U02287,fashion_shopper,36,0.4239171347443059,10,Rhode Island,2025-07-08,control
U02288,electronics_buyer,46,0.5175518875498119,29,Idaho,2024-05-09,variant_a
U02289,fashion_shopper,48,0.34838473030407174,19,Washington,2026-01-31,control
U02290,electronics_buyer,23,0.2620449099701069,1,New Hampshire,2024-05-22,variant_a
U02291,fashion_shopper,21,0.6009453083622641,16,Mississippi,2026-01-11,control
U02292,fashion_shopper,60,0.8584888925352709,18,Iowa,2024-03-22,control
U02293,electronics_buyer,46,0.2375453599533031,8,New Jersey,2025-01-08,variant_a
U02294,fashion_shopper,59,0.1294609065437968,10,Nevada,2025-04-12,control
U02295,fashion_shopper,20,0.32213057063863254,22,Florida,2025-01-29,control
U02296,fashion_shopper,18,0.9817485791084297,11,Montana,2025-05-08,control
U02297,fashion_shopper,61,0.8458822663690054,17,South Carolina,2025-12-27,control
U02298,fashion_shopper,32,0.6362794481757369,27,Louisiana,2024-12-12,control
U02299,fashion_shopper,64,0.9363240237188223,25,Utah,2024-04-13,control
U02300,hybrid,38,0.5007512051535202,7,Mississippi,2023-08-29,variant_b
U02301,electronics_buyer,63,0.9849525423176565,26,Delaware,2025-09-29,variant_a
U02302,electronics_buyer,48,0.3666718406073557,27,Georgia,2023-11-16,variant_a
U02303,fashion_shopper,24,0.3162751745643452,3,Minnesota,2025-03-22,control
U02304,hybrid,34,0.6742433810323099,29,Washington,2024-05-06,variant_b
U02305,fashion_shopper,36,0.4403385711553244,7,Mississippi,2023-11-23,variant_a
U02306,fashion_shopper,56,0.663728987778632,6,New Hampshire,2026-03-14,control
U02307,electronics_buyer,20,0.37449596647241723,3,Idaho,2024-02-15,variant_a
U02308,fashion_shopper,47,0.656126431154192,8,Utah,2024-05-30,control
U02309,fashion_shopper,52,0.34817163452653277,1,Oregon,2024-03-11,variant_a
U02310,electronics_buyer,46,0.14587486193700094,5,Maine,2024-07-02,variant_a
U02311,hybrid,31,0.920922311730865,24,Nebraska,2024-07-23,variant_b
U02312,electronics_buyer,52,0.894884681686116,19,Rhode Island,2025-10-15,variant_a
U02313,electronics_buyer,45,0.9737183343454048,27,New York,2025-11-05,variant_b
U02314,hybrid,47,0.7448744585992643,13,Arkansas,2024-06-07,variant_b
U02315,fashion_shopper,43,0.7144490599617727,26,Alabama,2024-09-02,control
U02316,fashion_shopper,24,0.6031027630673477,11,North Dakota,2025-04-20,control
U02317,fashion_shopper,56,0.2133481747172704,28,Utah,2024-02-09,variant_a
U02318,fashion_shopper,48,0.27031177985434307,22,Missouri,2025-02-05,variant_a
U02319,fashion_shopper,22,0.3605227198052826,26,Idaho,2024-12-21,variant_a
U02320,hybrid,52,0.9011407263160549,11,Maine,2023-11-02,variant_b
U02321,electronics_buyer,64,0.2556725721427676,2,Delaware,2023-11-16,variant_b
U02322,electronics_buyer,31,0.9305858570391016,9,Oregon,2024-08-10,variant_a
U02323,fashion_shopper,53,0.5705071597462755,2,Utah,2026-04-22,control
U02324,hybrid,44,0.7440126719257649,21,Massachusetts,2026-02-15,variant_b
U02325,hybrid,41,0.19922003801250987,19,Florida,2024-01-09,variant_b
U02326,hybrid,57,0.34213019389831983,26,Michigan,2023-06-30,variant_b
U02327,fashion_shopper,46,0.9626667473632837,12,Indiana,2024-02-21,control
U02328,electronics_buyer,62,0.3395349522367582,9,North Carolina,2024-08-24,variant_a
U02329,fashion_shopper,39,0.36686954835203156,9,Utah,2025-02-21,control
U02330,fashion_shopper,25,0.2778376463569715,23,Rhode Island,2025-09-07,control
U02331,fashion_shopper,32,0.21616629877614657,10,Nevada,2024-02-04,control
U02332,electronics_buyer,22,0.30993187730859817,5,Nevada,2024-07-01,variant_a
U02333,electronics_buyer,21,0.6780942027557185,9,Georgia,2023-06-11,variant_b
U02334,fashion_shopper,28,0.5098309601532072,23,South Dakota,2026-02-24,control
U02335,fashion_shopper,35,0.5983802527041088,18,North Dakota,2024-12-02,variant_a
U02336,electronics_buyer,59,0.21012834588942186,10,Michigan,2023-09-17,variant_a
U02337,fashion_shopper,47,0.8219048024466101,17,Wyoming,2024-06-10,variant_a
U02338,fashion_shopper,32,0.8056852305218631,26,Michigan,2026-03-30,control
U02339,fashion_shopper,23,0.11943092002840786,10,Mississippi,2026-05-11,variant_a
U02340,electronics_buyer,33,0.44516358505927445,14,Michigan,2024-12-17,variant_b
U02341,fashion_shopper,64,0.16189354177403303,4,New York,2025-11-26,control
U02342,fashion_shopper,57,0.8128952014734623,10,Wisconsin,2025-12-15,control
U02343,fashion_shopper,26,0.763542714813134,24,Louisiana,2025-10-20,variant_a
U02344,hybrid,60,0.9117892848638405,22,Delaware,2025-03-09,variant_b
U02345,electronics_buyer,51,0.3127635630578032,18,Minnesota,2024-09-17,variant_a
U02346,electronics_buyer,44,0.510666294815019,5,California,2025-04-24,variant_b
U02347,fashion_shopper,30,0.26603908944795795,9,Maine,2024-09-07,variant_a
U02348,electronics_buyer,53,0.4341114410267075,6,Wyoming,2025-06-12,variant_a
U02349,fashion_shopper,44,0.5700189264101956,16,Kansas,2024-12-05,control
U02350,electronics_buyer,26,0.14799771085473007,22,New Jersey,2023-08-13,variant_a
U02351,hybrid,22,0.7433833696096467,23,Michigan,2025-06-05,variant_b
U02352,electronics_buyer,39,0.5889640243339678,16,Virginia,2023-07-11,variant_a
U02353,hybrid,48,0.846063115489606,29,Oregon,2023-07-24,variant_b
U02354,electronics_buyer,20,0.34460245107207754,11,Arizona,2023-06-23,variant_b
U02355,fashion_shopper,47,0.912988994742329,21,Iowa,2025-01-07,control
U02356,hybrid,38,0.998824827727399,15,Alaska,2025-01-25,variant_b
U02357,fashion_shopper,52,0.9273685945399069,19,Wisconsin,2023-12-04,control
U02358,electronics_buyer,23,0.8001032282498387,3,Missouri,2026-02-15,variant_a
U02359,fashion_shopper,45,0.8311319225864027,16,Montana,2023-12-09,control
U02360,fashion_shopper,49,0.6163698182901278,21,California,2025-08-26,control
U02361,fashion_shopper,59,0.2711384766213495,20,Connecticut,2023-07-19,variant_a
U02362,fashion_shopper,54,0.7093366166329456,5,Colorado,2025-12-05,control
U02363,electronics_buyer,42,0.7414777018539384,9,Kansas,2025-08-21,variant_a
U02364,electronics_buyer,49,0.9868466262411151,5,Wyoming,2025-12-16,variant_a
U02365,fashion_shopper,52,0.5871711846306896,4,Massachusetts,2024-05-19,control
U02366,fashion_shopper,39,0.3442321135225508,13,Indiana,2024-08-19,control
U02367,electronics_buyer,41,0.7153052695655561,20,Arizona,2025-03-22,variant_a
U02368,fashion_shopper,56,0.9814382376998091,17,South Dakota,2025-09-09,variant_a
U02369,electronics_buyer,47,0.2594925174421846,26,Mississippi,2024-02-22,variant_b
U02370,electronics_buyer,49,0.39339812668204244,20,New Jersey,2025-12-25,variant_a
U02371,hybrid,48,0.587692858395413,12,New York,2026-04-10,variant_b
U02372,electronics_buyer,40,0.2531931713938044,20,Michigan,2025-09-19,variant_b
U02373,fashion_shopper,57,0.11999857556794452,25,Oregon,2025-03-24,variant_a
U02374,electronics_buyer,50,0.4032848101971256,27,Alabama,2024-04-08,variant_b
U02375,fashion_shopper,42,0.8788337213509523,20,Idaho,2023-06-02,control
U02376,fashion_shopper,53,0.13912155939134335,7,Tennessee,2023-09-28,control
U02377,electronics_buyer,41,0.48603615311522574,1,Illinois,2025-12-14,variant_b
U02378,fashion_shopper,48,0.7859806956334742,16,North Carolina,2024-06-03,variant_a
U02379,electronics_buyer,56,0.9578643372197967,7,Tennessee,2024-07-10,variant_b
U02380,hybrid,63,0.9869278591039891,2,Colorado,2025-06-08,variant_b
U02381,hybrid,30,0.47977244254786755,12,Kansas,2024-12-01,variant_b
U02382,hybrid,27,0.9553458649412058,11,Georgia,2026-01-20,variant_b
U02383,fashion_shopper,40,0.13187707595277737,8,New York,2025-12-09,variant_a
U02384,fashion_shopper,35,0.7713252441987006,1,Tennessee,2025-06-10,control
U02385,electronics_buyer,49,0.6784714311702517,26,Rhode Island,2025-08-18,variant_a
U02386,fashion_shopper,50,0.3245696718275371,3,Illinois,2024-08-26,variant_a
U02387,electronics_buyer,53,0.556586650611684,8,Maryland,2024-02-29,variant_a
U02388,electronics_buyer,45,0.21659836398444604,26,Washington,2023-08-04,variant_b
U02389,electronics_buyer,33,0.8844374358564049,8,Wisconsin,2025-01-23,variant_b
U02390,fashion_shopper,33,0.4221082769910832,11,Virginia,2025-11-21,variant_a
U02391,fashion_shopper,35,0.6634400234191449,29,Alaska,2025-11-25,control
U02392,fashion_shopper,25,0.24289865765853605,21,Virginia,2025-08-14,variant_a
U02393,fashion_shopper,59,0.2855483601680864,5,Iowa,2025-07-28,control
U02394,hybrid,33,0.9927607337228368,8,New Mexico,2026-01-02,variant_b
U02395,fashion_shopper,28,0.7777777549971964,26,Alabama,2024-02-11,variant_a
U02396,fashion_shopper,23,0.9657746827966637,21,Delaware,2023-08-08,control
U02397,fashion_shopper,18,0.3662660486908398,9,North Dakota,2026-02-22,control
U02398,electronics_buyer,29,0.24810658895783835,17,South Dakota,2025-01-06,variant_a
U02399,electronics_buyer,55,0.5527616171309478,5,Montana,2026-03-15,variant_a
U02400,fashion_shopper,45,0.5452014540046091,19,Texas,2023-07-10,variant_a
U02401,fashion_shopper,62,0.2574518623821891,19,New Mexico,2023-12-03,control
U02402,fashion_shopper,34,0.7598976126232692,2,Wyoming,2026-03-27,variant_a
U02403,fashion_shopper,18,0.4255997809948606,19,Ohio,2023-10-28,control
U02404,electronics_buyer,49,0.26772870783746555,23,Colorado,2023-08-18,variant_b
U02405,electronics_buyer,25,0.39878505508895956,15,New Mexico,2024-09-25,variant_a
U02406,fashion_shopper,57,0.6072928296715137,8,Pennsylvania,2024-04-14,variant_a
U02407,fashion_shopper,60,0.7538238389623989,28,Louisiana,2024-06-10,control
U02408,hybrid,63,0.5337017974517361,24,Mississippi,2023-07-31,variant_b
U02409,electronics_buyer,41,0.5730354908455362,27,New Hampshire,2026-05-16,variant_a
U02410,electronics_buyer,27,0.22505134234847357,8,Colorado,2023-11-13,variant_b
U02411,fashion_shopper,64,0.9232218322374088,1,Arizona,2025-03-16,control
U02412,electronics_buyer,56,0.9358517781928399,14,West Virginia,2023-08-03,variant_a
U02413,fashion_shopper,56,0.7150839313762033,11,Maine,2023-07-05,control
U02414,electronics_buyer,27,0.11586826804062224,7,Rhode Island,2023-06-05,variant_a
U02415,hybrid,53,0.5833667943129934,18,Montana,2024-05-23,variant_b
U02416,fashion_shopper,42,0.6662970748797522,27,Utah,2024-03-07,variant_a
U02417,fashion_shopper,27,0.995188800662299,15,Kentucky,2024-01-07,control
U02418,fashion_shopper,36,0.9964602596753172,10,Wisconsin,2025-09-03,control
U02419,fashion_shopper,63,0.8718501117930016,4,Vermont,2026-03-18,variant_a
U02420,fashion_shopper,62,0.1574478928235022,21,Tennessee,2025-10-20,control
U02421,fashion_shopper,32,0.9579487517008569,28,New Hampshire,2024-04-23,control
U02422,electronics_buyer,33,0.6513951224367992,1,Wisconsin,2025-02-07,variant_b
U02423,electronics_buyer,19,0.8207980934312615,14,Alabama,2025-02-04,variant_a
U02424,fashion_shopper,46,0.4664735647172682,20,California,2024-02-16,control
U02425,hybrid,21,0.3877025241111308,20,Mississippi,2025-10-18,variant_b
U02426,fashion_shopper,46,0.5169197309354272,25,Louisiana,2025-04-01,control
U02427,hybrid,48,0.23218706167194425,9,Vermont,2023-09-30,variant_b
U02428,fashion_shopper,34,0.42135952487797546,13,Missouri,2024-02-03,control
U02429,hybrid,27,0.8718557497914508,29,Illinois,2025-08-09,variant_b
U02430,electronics_buyer,44,0.13415543763479335,27,Alaska,2025-05-21,variant_a
U02431,hybrid,58,0.23579024214214406,26,Utah,2025-05-11,variant_b
U02432,hybrid,32,0.21260454368453696,17,Texas,2025-05-24,variant_b
U02433,fashion_shopper,61,0.4627679884302053,24,Arizona,2025-10-13,control
U02434,hybrid,48,0.9972882108017755,20,Colorado,2023-11-09,variant_b
U02435,fashion_shopper,38,0.2560221371902444,4,New York,2025-01-16,variant_a
U02436,fashion_shopper,58,0.23093438463933416,5,Colorado,2024-03-14,variant_a
U02437,fashion_shopper,63,0.923550156798539,18,Massachusetts,2025-11-06,variant_a
U02438,electronics_buyer,62,0.8938454652693691,17,Utah,2023-09-07,variant_a
U02439,fashion_shopper,43,0.129016332996899,21,Alaska,2023-12-14,control
U02440,electronics_buyer,55,0.7765353641613835,7,California,2024-10-24,variant_a
U02441,electronics_buyer,53,0.6899191313287866,10,Idaho,2023-10-25,variant_a
U02442,electronics_buyer,34,0.7909667288674381,9,Hawaii,2026-05-18,variant_b
U02443,hybrid,20,0.5450522093163299,28,Maryland,2024-06-25,variant_b
U02444,fashion_shopper,31,0.992241296603466,28,Maine,2023-11-13,variant_a
U02445,fashion_shopper,30,0.13946231683986687,13,North Carolina,2024-10-13,control
U02446,fashion_shopper,58,0.31093442776342517,18,Kentucky,2025-12-03,control
U02447,fashion_shopper,44,0.45689138827625364,12,Utah,2024-02-16,control
U02448,fashion_shopper,18,0.5048001474091328,8,Delaware,2024-07-29,control
U02449,fashion_shopper,34,0.9292306624295668,23,Florida,2024-06-08,variant_a
U02450,fashion_shopper,51,0.6040039276695329,18,New York,2025-12-18,control
U02451,hybrid,31,0.1405998959683545,5,Montana,2026-04-10,variant_b
U02452,electronics_buyer,34,0.4670766670830957,7,Maine,2023-11-09,variant_a
U02453,fashion_shopper,20,0.47484137113216296,15,Oregon,2025-05-23,variant_a
U02454,electronics_buyer,51,0.9689418445940063,3,Virginia,2023-06-17,variant_a
U02455,fashion_shopper,57,0.6392773819189974,18,New Jersey,2024-06-08,control
U02456,fashion_shopper,42,0.6720859640430449,6,California,2023-11-07,variant_a
U02457,electronics_buyer,19,0.7419277281261437,26,Minnesota,2024-02-15,variant_a
U02458,electronics_buyer,51,0.793035384113911,29,Kentucky,2026-02-20,variant_a
U02459,fashion_shopper,43,0.6715459631822402,6,Florida,2026-02-28,variant_a
U02460,hybrid,48,0.31347491602054195,27,Louisiana,2025-08-02,variant_b
U02461,hybrid,26,0.8866413229070478,20,West Virginia,2025-11-05,variant_b
U02462,electronics_buyer,47,0.7589078203695672,1,South Dakota,2023-10-25,variant_a
U02463,electronics_buyer,37,0.7676834365872602,21,Maine,2025-08-25,variant_a
U02464,electronics_buyer,38,0.9969010653112743,17,Hawaii,2023-09-05,variant_a
U02465,fashion_shopper,46,0.8222738813769843,11,New Hampshire,2025-02-02,control
U02466,fashion_shopper,42,0.8462362628396379,27,New York,2023-06-04,variant_a
U02467,fashion_shopper,55,0.9562649641391425,24,South Carolina,2025-11-13,control
U02468,electronics_buyer,61,0.23602059986400448,2,Iowa,2025-04-10,variant_a
U02469,electronics_buyer,42,0.5479546388302611,25,Hawaii,2025-11-21,variant_a
U02470,fashion_shopper,26,0.6225103212317088,9,Arkansas,2025-08-29,control
U02471,hybrid,56,0.3963481563002119,19,New Hampshire,2024-05-12,variant_b
U02472,hybrid,61,0.8554630095050549,6,Delaware,2024-06-02,variant_b
U02473,electronics_buyer,43,0.786177659481151,25,New Mexico,2023-09-22,variant_b
U02474,electronics_buyer,54,0.7487947670573116,7,South Dakota,2024-02-01,variant_a
U02475,hybrid,33,0.9974344957823501,4,Montana,2026-02-16,variant_b
U02476,fashion_shopper,54,0.33344323606755144,3,Oklahoma,2023-06-06,control
U02477,electronics_buyer,29,0.7619115265078792,2,New York,2023-08-31,variant_b
U02478,fashion_shopper,41,0.5962640274153106,10,Nebraska,2025-11-24,control
U02479,electronics_buyer,43,0.3816902642444885,10,South Dakota,2025-01-01,variant_b
U02480,fashion_shopper,37,0.24452818365081325,17,Tennessee,2024-03-24,control
U02481,hybrid,26,0.9062954533607924,27,Alaska,2023-12-01,variant_b
U02482,hybrid,40,0.6359099344370608,16,Alabama,2024-12-04,variant_b
U02483,fashion_shopper,56,0.8424404538767152,26,North Carolina,2026-03-22,control
U02484,electronics_buyer,46,0.5908104856013904,27,California,2023-08-21,variant_a
U02485,hybrid,48,0.2979793725886176,1,Alaska,2026-03-03,variant_b
U02486,electronics_buyer,36,0.40379393179029277,12,California,2026-02-04,variant_a
U02487,hybrid,37,0.44338495822619184,20,Colorado,2023-09-20,variant_b
U02488,electronics_buyer,40,0.9756413312533321,20,West Virginia,2025-10-18,variant_a
U02489,fashion_shopper,60,0.10506995054324425,25,Montana,2026-01-23,variant_a
U02490,fashion_shopper,44,0.9870994207220563,10,New Mexico,2024-07-08,control
U02491,fashion_shopper,47,0.9824154715988476,1,Arizona,2023-07-16,control
U02492,electronics_buyer,38,0.9965357114771229,16,Montana,2025-09-21,variant_b
U02493,fashion_shopper,61,0.5289293610276712,11,Maine,2024-07-15,variant_a
U02494,electronics_buyer,52,0.9674280726588996,4,Missouri,2026-03-06,variant_a
U02495,electronics_buyer,24,0.4560392636648446,3,Louisiana,2024-12-01,variant_a
U02496,electronics_buyer,39,0.12366499660154805,25,North Carolina,2025-05-02,variant_a
U02497,hybrid,27,0.30191246773458813,13,Rhode Island,2023-08-16,variant_b
U02498,hybrid,40,0.9507666204436461,21,Tennessee,2025-06-24,variant_b
U02499,fashion_shopper,32,0.11238822400186,15,Pennsylvania,2024-07-01,variant_a
U02500,hybrid,47,0.5913947218806775,25,Iowa,2024-04-17,variant_b
U02501,electronics_buyer,51,0.16804143000521116,10,Texas,2024-07-12,variant_b
U02502,electronics_buyer,30,0.35775692058482067,6,Montana,2024-10-15,variant_a
U02503,hybrid,21,0.179283565640698,11,Rhode Island,2025-11-09,variant_b
U02504,fashion_shopper,35,0.8735757590017508,25,Illinois,2024-01-31,control
U02505,fashion_shopper,40,0.6319636386829353,1,Arkansas,2024-03-28,control
U02506,hybrid,50,0.9118958191464815,29,Virginia,2025-10-15,variant_b
U02507,fashion_shopper,51,0.7195178795862055,20,Washington,2024-06-11,variant_a
U02508,hybrid,51,0.9739262181205898,4,South Carolina,2023-12-20,variant_b
U02509,hybrid,53,0.5588898892843659,26,California,2025-08-02,variant_b
U02510,fashion_shopper,52,0.674839523586587,10,Illinois,2025-04-04,control
U02511,hybrid,34,0.6186779379001509,22,Mississippi,2024-04-19,variant_b
U02512,fashion_shopper,45,0.5358343865019515,26,Arkansas,2025-09-22,variant_a
U02513,electronics_buyer,31,0.8613634288807114,15,Washington,2025-02-26,variant_a
U02514,electronics_buyer,51,0.6800726221033242,29,Kentucky,2024-04-05,variant_a
U02515,hybrid,28,0.8211810383699255,1,Pennsylvania,2023-12-13,variant_b
U02516,fashion_shopper,30,0.8077275429421719,26,Utah,2026-04-13,control
U02517,electronics_buyer,50,0.2719406445897658,21,Virginia,2025-06-08,variant_a
U02518,electronics_buyer,19,0.6851471792658793,15,Nevada,2024-01-10,variant_b
U02519,electronics_buyer,51,0.2796832172632007,3,Colorado,2024-02-04,variant_b
U02520,electronics_buyer,46,0.6249884304193938,1,South Carolina,2023-08-25,variant_b
U02521,fashion_shopper,54,0.7096912160016704,6,Louisiana,2023-11-14,control
U02522,fashion_shopper,21,0.9975115644288282,19,Nevada,2023-06-02,control
U02523,fashion_shopper,29,0.12748778033476452,4,West Virginia,2024-06-13,variant_a
U02524,hybrid,43,0.18211815470234882,12,South Dakota,2025-12-12,variant_b
U02525,fashion_shopper,45,0.16932402673410835,25,Kentucky,2023-07-29,control
U02526,fashion_shopper,20,0.45852515764006607,2,Montana,2024-11-02,control
U02527,hybrid,37,0.8394295253372324,17,Vermont,2026-01-10,variant_b
U02528,fashion_shopper,27,0.8596506995084221,26,Utah,2026-05-04,control
U02529,hybrid,35,0.7632816361490365,6,North Carolina,2025-10-03,variant_b
U02530,electronics_buyer,44,0.907190417646953,12,Washington,2024-04-12,variant_b
U02531,hybrid,48,0.39057394975250725,15,Maine,2025-10-10,variant_b
U02532,fashion_shopper,44,0.1793391798270692,17,Tennessee,2025-10-29,control
U02533,fashion_shopper,59,0.1523377251908651,1,Mississippi,2024-08-11,control
U02534,electronics_buyer,18,0.8669194476574477,14,North Carolina,2025-06-12,variant_b
U02535,hybrid,23,0.7573926649183221,23,Arkansas,2025-05-23,variant_b
U02536,electronics_buyer,28,0.7287537754100087,2,Missouri,2025-02-03,variant_b
U02537,fashion_shopper,51,0.405708704691102,4,Maryland,2025-02-28,control
U02538,electronics_buyer,56,0.4419146697564036,20,California,2025-02-25,variant_b
U02539,electronics_buyer,37,0.9623021760093873,2,New York,2024-06-23,variant_b
U02540,electronics_buyer,38,0.15742426968814152,22,South Dakota,2025-08-15,variant_a
U02541,electronics_buyer,38,0.7963585632440133,26,Delaware,2026-03-26,variant_b
U02542,hybrid,35,0.37866999133755386,14,Missouri,2025-08-29,variant_b
U02543,electronics_buyer,38,0.1351491565713005,18,North Dakota,2025-07-02,variant_a
U02544,fashion_shopper,36,0.7683130996682105,28,Massachusetts,2023-08-26,control
U02545,electronics_buyer,21,0.39782069711053714,8,Colorado,2026-03-25,variant_a
U02546,fashion_shopper,30,0.749932766868517,20,New York,2023-08-01,control
U02547,fashion_shopper,35,0.7368889448063081,1,Alabama,2023-08-15,variant_a
U02548,fashion_shopper,46,0.5813081878898037,16,New Jersey,2025-09-02,variant_a
U02549,fashion_shopper,42,0.7996358162894939,7,Hawaii,2024-06-17,control
U02550,fashion_shopper,30,0.6229344917541191,6,Massachusetts,2024-05-24,variant_a
U02551,fashion_shopper,44,0.35797316756343467,28,West Virginia,2026-04-17,control
U02552,hybrid,36,0.7607037709579771,22,South Carolina,2023-08-11,variant_b
U02553,hybrid,18,0.6302258342899512,27,Arkansas,2023-11-11,variant_b
U02554,fashion_shopper,55,0.11145455352092849,19,Georgia,2024-07-09,control
U02555,hybrid,36,0.9114797599932785,10,Texas,2025-04-21,variant_b
U02556,electronics_buyer,18,0.5910792564918821,23,Connecticut,2026-02-15,variant_a
U02557,fashion_shopper,57,0.8817645389315786,6,Nevada,2024-04-20,control
U02558,fashion_shopper,34,0.8944631550840202,26,Oregon,2023-12-08,control
U02559,electronics_buyer,38,0.5004699910615796,10,Pennsylvania,2024-01-08,variant_a
U02560,electronics_buyer,39,0.5568939968061078,25,South Carolina,2025-08-15,variant_b
U02561,electronics_buyer,32,0.4741789489080417,19,New Hampshire,2026-01-06,variant_b
U02562,fashion_shopper,56,0.5044930977772409,3,North Carolina,2024-09-03,control
U02563,fashion_shopper,56,0.905632443074555,20,Missouri,2026-05-05,control
U02564,fashion_shopper,49,0.8093296125711199,3,Maine,2024-11-14,variant_a
U02565,fashion_shopper,21,0.2138731086840202,20,South Dakota,2023-09-29,control
U02566,fashion_shopper,61,0.6492770033860863,6,Illinois,2025-11-03,control
U02567,fashion_shopper,62,0.996315976347708,17,Virginia,2026-01-06,control
U02568,hybrid,49,0.6359956311092372,18,Nebraska,2025-08-25,variant_b
U02569,hybrid,21,0.807284463033795,10,Alabama,2023-07-22,variant_b
U02570,fashion_shopper,18,0.7921553260430538,6,New York,2025-12-10,variant_a
U02571,hybrid,50,0.41528577328509575,28,Vermont,2025-06-15,variant_b
U02572,fashion_shopper,24,0.43466437243356304,13,Louisiana,2024-02-01,control
U02573,electronics_buyer,26,0.7516687796113629,6,Texas,2023-12-11,variant_a
U02574,fashion_shopper,18,0.5499851784443516,12,Kentucky,2024-12-17,control
U02575,electronics_buyer,33,0.6135136382173492,14,Tennessee,2025-02-07,variant_a
U02576,hybrid,35,0.7416152113283538,17,Arizona,2025-08-14,variant_b
U02577,electronics_buyer,64,0.7998175243351452,22,Wisconsin,2024-07-13,variant_a
U02578,fashion_shopper,23,0.34436491995976426,27,Oregon,2024-11-11,variant_a
U02579,electronics_buyer,19,0.23211438349326666,28,Alaska,2023-10-04,variant_a
U02580,fashion_shopper,26,0.3626151820513527,25,South Carolina,2024-07-23,control
U02581,hybrid,21,0.556784492582868,8,Nebraska,2024-03-01,variant_b
U02582,electronics_buyer,62,0.4079271855673352,26,Hawaii,2023-11-07,variant_a
U02583,fashion_shopper,40,0.6115264829628344,5,Nevada,2024-01-26,variant_a
U02584,electronics_buyer,60,0.1481191517130656,29,Michigan,2024-06-16,variant_a
U02585,electronics_buyer,62,0.5587753704523906,4,New Jersey,2025-06-22,variant_a
U02586,fashion_shopper,60,0.43118641624393717,6,Montana,2025-09-12,control
U02587,electronics_buyer,25,0.5812000794035942,11,Nevada,2025-11-27,variant_b
U02588,fashion_shopper,56,0.48028001939647913,28,Minnesota,2023-09-17,control
U02589,electronics_buyer,42,0.3558032655737883,5,Pennsylvania,2025-02-21,variant_b
U02590,hybrid,33,0.9136971149118722,29,Maryland,2026-03-09,variant_b
U02591,hybrid,52,0.26628848957922124,22,Alabama,2025-01-01,variant_b
U02592,electronics_buyer,34,0.7132290180225037,14,New Mexico,2025-12-07,variant_a
U02593,electronics_buyer,35,0.9321802413241727,10,North Carolina,2023-06-04,variant_a
U02594,fashion_shopper,44,0.5848029637168898,11,North Dakota,2025-06-04,control
U02595,electronics_buyer,32,0.8887676397215338,3,South Dakota,2025-02-14,variant_b
U02596,fashion_shopper,34,0.21236633058995594,23,Florida,2024-03-15,control
U02597,electronics_buyer,60,0.5444098932307673,8,Mississippi,2023-07-04,variant_a
U02598,fashion_shopper,22,0.5113227524328454,21,Washington,2023-06-26,control
U02599,fashion_shopper,33,0.10730692633329537,5,Iowa,2026-04-27,control
U02600,electronics_buyer,32,0.498931607223401,28,Rhode Island,2025-12-31,variant_a
U02601,fashion_shopper,59,0.4321267807443381,20,Ohio,2025-11-09,control
U02602,electronics_buyer,63,0.7028188549971538,26,New Hampshire,2025-02-23,variant_b
U02603,fashion_shopper,51,0.9444968007188667,21,Nevada,2024-07-28,control
U02604,fashion_shopper,36,0.1772119794358329,28,Tennessee,2026-03-04,control
U02605,electronics_buyer,25,0.3947287480431608,10,Pennsylvania,2024-03-26,variant_a
U02606,fashion_shopper,64,0.4996582636548267,27,Kansas,2024-03-18,control
U02607,fashion_shopper,27,0.509666840230945,8,New Hampshire,2026-05-11,control
U02608,electronics_buyer,22,0.7973287487580284,21,Georgia,2025-11-27,variant_b
U02609,fashion_shopper,43,0.49905609925009675,9,Illinois,2024-03-28,control
U02610,hybrid,39,0.12444517130828803,29,Rhode Island,2026-02-13,variant_b
U02611,fashion_shopper,61,0.7390936851335481,28,Idaho,2026-04-18,control
U02612,fashion_shopper,40,0.8963467256311045,29,Connecticut,2026-03-10,control
U02613,electronics_buyer,30,0.5625142412947056,15,West Virginia,2025-02-21,variant_b
U02614,fashion_shopper,26,0.6229976695286548,1,South Dakota,2023-07-20,control
U02615,fashion_shopper,37,0.24664279507214149,23,New Hampshire,2025-10-21,control
U02616,fashion_shopper,45,0.29858135021106136,5,Rhode Island,2023-12-19,variant_a
U02617,fashion_shopper,61,0.3116532152121506,15,Oregon,2023-06-05,control
U02618,hybrid,54,0.4876677773931658,4,Delaware,2023-10-09,variant_b
U02619,fashion_shopper,41,0.9353306988060779,19,Florida,2024-04-20,control
U02620,electronics_buyer,61,0.5696062900433975,28,Alaska,2024-05-16,variant_b
U02621,hybrid,50,0.2728878806812174,10,Iowa,2024-05-12,variant_b
U02622,fashion_shopper,37,0.33947896228205465,23,New Mexico,2025-02-08,variant_a
U02623,hybrid,47,0.44561352675446586,28,Louisiana,2024-06-16,variant_b
U02624,fashion_shopper,61,0.6609330781235194,2,Nevada,2025-06-17,variant_a
U02625,hybrid,26,0.49602983770360487,5,Louisiana,2023-09-01,variant_b
U02626,fashion_shopper,62,0.45320035975923245,18,Alaska,2025-10-10,control
U02627,electronics_buyer,34,0.6082557403590952,23,New York,2026-02-19,variant_b
U02628,electronics_buyer,53,0.31765149545901894,6,Idaho,2025-01-05,variant_a
U02629,fashion_shopper,31,0.171012945326124,29,North Dakota,2025-02-06,variant_a
U02630,electronics_buyer,36,0.12197288333999991,10,Nevada,2025-04-09,variant_a
U02631,electronics_buyer,24,0.32613324712041436,15,New Jersey,2024-06-24,variant_b
U02632,fashion_shopper,20,0.18243283073002184,23,North Carolina,2024-03-08,control
U02633,fashion_shopper,50,0.4027065746686901,28,Utah,2026-05-14,control
U02634,electronics_buyer,61,0.79564018632378,9,Ohio,2024-09-28,variant_b
U02635,electronics_buyer,49,0.7446648974381544,13,Missouri,2025-02-09,variant_a
U02636,hybrid,64,0.6498348605092259,18,North Carolina,2025-03-06,variant_b
U02637,electronics_buyer,28,0.8672502194915309,25,West Virginia,2026-01-23,variant_b
U02638,hybrid,59,0.353860862089849,7,Washington,2023-11-14,variant_b
U02639,electronics_buyer,19,0.8965483777269692,2,North Dakota,2024-02-09,variant_b
U02640,fashion_shopper,43,0.45931525270226126,16,Florida,2023-07-13,control
U02641,fashion_shopper,21,0.4608039864399639,26,Tennessee,2024-05-15,control
U02642,electronics_buyer,34,0.4648164522629694,2,Tennessee,2026-04-18,variant_b
U02643,electronics_buyer,34,0.1882849296168833,4,Ohio,2025-12-14,variant_a
U02644,fashion_shopper,45,0.9779414484979502,2,Nebraska,2025-03-09,control
U02645,fashion_shopper,47,0.22465610004264328,17,California,2025-01-27,variant_a
U02646,hybrid,57,0.4067971520222661,6,Pennsylvania,2026-02-16,variant_b
U02647,electronics_buyer,40,0.3873702882940815,10,Nebraska,2023-12-08,variant_a
U02648,fashion_shopper,63,0.16721148953503867,14,Pennsylvania,2025-05-31,variant_a
U02649,electronics_buyer,41,0.237034117100689,27,Nevada,2026-03-14,variant_a
U02650,fashion_shopper,46,0.14037250256684725,15,North Dakota,2025-01-19,control
U02651,fashion_shopper,21,0.36316404420446213,21,Kentucky,2025-03-22,variant_a
U02652,fashion_shopper,55,0.8799912316260158,12,Virginia,2025-05-03,variant_a
U02653,fashion_shopper,46,0.4054979851636461,19,South Dakota,2024-07-28,control
U02654,electronics_buyer,36,0.21132264886064128,11,Michigan,2026-04-04,variant_b
U02655,fashion_shopper,44,0.6811244815455262,1,Maine,2025-02-02,variant_a
U02656,hybrid,46,0.9969408208494195,25,South Carolina,2024-03-15,variant_b
U02657,hybrid,53,0.3090914105787348,8,South Dakota,2025-09-27,variant_b
U02658,fashion_shopper,52,0.3516139048335125,22,Connecticut,2023-12-04,control
U02659,electronics_buyer,23,0.9746623488527096,6,Oklahoma,2024-06-03,variant_a
U02660,electronics_buyer,40,0.26089865879543844,12,Kansas,2025-03-26,variant_a
U02661,hybrid,56,0.5600926607132475,20,Minnesota,2025-07-16,variant_b
U02662,fashion_shopper,63,0.3156869197144854,16,North Dakota,2023-08-26,control
U02663,electronics_buyer,61,0.9391167081111195,29,South Carolina,2025-03-27,variant_b
U02664,electronics_buyer,25,0.9833689131186646,18,Indiana,2026-02-24,variant_a
U02665,fashion_shopper,19,0.8332280615080139,12,Missouri,2025-08-12,control
U02666,fashion_shopper,30,0.3833054342315295,20,Alaska,2025-12-25,control
U02667,electronics_buyer,57,0.46313872775245446,2,Maine,2024-09-18,variant_a
U02668,electronics_buyer,38,0.3180751152997792,29,Georgia,2024-09-14,variant_b
U02669,fashion_shopper,48,0.9016821703080923,7,Utah,2025-03-07,control
U02670,electronics_buyer,53,0.9231024499193423,9,Arkansas,2025-12-26,variant_a
U02671,fashion_shopper,55,0.47698359602144247,29,Illinois,2024-05-25,variant_a
U02672,electronics_buyer,44,0.6908797629127017,18,Minnesota,2026-02-06,variant_b
U02673,fashion_shopper,53,0.2489978617972245,9,Kansas,2024-02-11,control
U02674,hybrid,40,0.4914423103270681,25,Connecticut,2023-06-18,variant_b
U02675,fashion_shopper,38,0.6683491960061478,8,Minnesota,2025-12-04,control
U02676,fashion_shopper,30,0.4468628066662176,1,Oregon,2023-08-05,variant_a
U02677,fashion_shopper,54,0.42183957311781395,5,New Mexico,2025-06-21,control
U02678,fashion_shopper,64,0.10089909304024841,16,Alabama,2023-05-28,control
U02679,electronics_buyer,43,0.8238641173994027,14,Idaho,2024-01-01,variant_a
U02680,fashion_shopper,57,0.9004038508193034,26,Ohio,2023-12-29,control
U02681,hybrid,24,0.9725171765912489,13,Illinois,2023-11-26,variant_b
U02682,fashion_shopper,63,0.7473442465622939,29,New Mexico,2025-10-20,control
U02683,fashion_shopper,56,0.5939130811328961,11,California,2025-03-07,variant_a
U02684,fashion_shopper,39,0.34235606782783845,20,Hawaii,2025-06-21,control
U02685,fashion_shopper,56,0.9993695283671485,23,Mississippi,2025-07-12,control
U02686,fashion_shopper,40,0.630777569078895,13,Utah,2024-03-07,control
U02687,fashion_shopper,47,0.7130386650974015,27,South Carolina,2024-05-21,variant_a
U02688,electronics_buyer,35,0.7141655457597859,15,Louisiana,2024-07-28,variant_a
U02689,fashion_shopper,59,0.8607266161814633,24,New Mexico,2025-08-30,variant_a
U02690,electronics_buyer,35,0.1087052849622273,26,Rhode Island,2023-11-20,variant_a
U02691,electronics_buyer,63,0.2982222463882347,27,Arizona,2024-10-16,variant_a
U02692,fashion_shopper,27,0.6989806001530126,16,Ohio,2025-03-21,control
U02693,electronics_buyer,56,0.905631163142111,13,Tennessee,2023-11-01,variant_a
U02694,hybrid,47,0.7168049037292206,8,Minnesota,2025-11-20,variant_b
U02695,electronics_buyer,43,0.47214216234431217,18,North Dakota,2023-12-30,variant_a
U02696,electronics_buyer,24,0.4253999462832354,19,Rhode Island,2023-11-06,variant_b
U02697,fashion_shopper,24,0.7641532074549884,29,Utah,2025-08-14,control
U02698,electronics_buyer,22,0.7671139274234741,26,Florida,2025-02-16,variant_b
U02699,electronics_buyer,18,0.6463521932551213,15,Delaware,2023-06-04,variant_b
U02700,electronics_buyer,63,0.3623203216876033,10,Colorado,2024-09-13,variant_a
U02701,hybrid,35,0.9326393365514892,23,Virginia,2025-03-13,variant_b
U02702,fashion_shopper,30,0.5966919479067753,4,North Dakota,2023-06-07,control
U02703,fashion_shopper,42,0.8114431206234975,6,Tennessee,2025-08-06,control
U02704,electronics_buyer,57,0.29287743594564847,8,Indiana,2023-08-22,variant_b
U02705,hybrid,25,0.40963670975325506,24,South Carolina,2026-01-09,variant_b
U02706,fashion_shopper,27,0.8871215647486081,7,Indiana,2024-11-23,control
U02707,fashion_shopper,49,0.14509632694597158,29,New York,2026-02-01,control
U02708,fashion_shopper,34,0.5610837801309959,12,Nevada,2026-05-16,control
U02709,fashion_shopper,55,0.5335349318596081,18,West Virginia,2025-05-03,control
U02710,electronics_buyer,32,0.7761071700172739,18,Utah,2024-05-12,variant_b
U02711,electronics_buyer,32,0.3537043935393992,19,Massachusetts,2025-03-10,variant_a
U02712,fashion_shopper,57,0.2971601396736395,4,Nebraska,2025-08-02,variant_a
U02713,fashion_shopper,37,0.9335195548959103,1,Colorado,2023-10-30,variant_a
U02714,fashion_shopper,32,0.6145386867626184,5,Mississippi,2024-08-30,control
U02715,fashion_shopper,52,0.19422061145528907,7,Maryland,2025-11-17,control
U02716,electronics_buyer,23,0.273732545992889,28,Wyoming,2023-12-15,variant_a
U02717,hybrid,47,0.9989434535628234,26,New Hampshire,2024-03-18,variant_b
U02718,hybrid,25,0.27604809662697316,11,Illinois,2025-03-07,variant_b
U02719,fashion_shopper,48,0.6494279602183108,21,Kansas,2025-03-07,control
U02720,hybrid,64,0.47811527109605634,23,Louisiana,2023-06-12,variant_b
U02721,electronics_buyer,49,0.8970391853648518,21,Connecticut,2025-04-05,variant_b
U02722,electronics_buyer,62,0.7796517330657949,11,Vermont,2024-04-25,variant_b
U02723,electronics_buyer,32,0.6372562566356342,10,Maryland,2025-07-01,variant_a
U02724,fashion_shopper,35,0.10966508361818425,24,Louisiana,2025-01-05,variant_a
U02725,fashion_shopper,30,0.8918156867441137,7,Hawaii,2024-05-09,control
U02726,fashion_shopper,41,0.5002007237548447,16,Kentucky,2026-02-20,control
U02727,fashion_shopper,57,0.9384198877167189,1,Michigan,2025-08-17,control
U02728,fashion_shopper,31,0.5459851115687812,27,Oklahoma,2025-05-31,control
U02729,electronics_buyer,45,0.7248020402644529,1,West Virginia,2024-06-24,variant_a
U02730,electronics_buyer,28,0.16236338451997795,12,West Virginia,2025-06-16,variant_b
U02731,electronics_buyer,23,0.7706364881741072,16,South Carolina,2025-04-15,variant_a
U02732,fashion_shopper,42,0.40419642818073065,5,Oregon,2025-09-03,control
U02733,hybrid,18,0.4162231128986028,14,West Virginia,2023-07-11,variant_b
U02734,hybrid,42,0.20679026023845096,18,Washington,2026-04-02,variant_b
U02735,electronics_buyer,19,0.23217143377618205,9,Nevada,2025-12-17,variant_b
U02736,hybrid,49,0.26718315058558917,2,Michigan,2025-05-14,variant_b
U02737,electronics_buyer,30,0.39538555171428014,12,Texas,2024-08-02,variant_a
U02738,hybrid,50,0.9027729214980449,25,Wyoming,2024-08-16,variant_b
U02739,fashion_shopper,49,0.4314342144070724,10,West Virginia,2024-03-17,control
U02740,fashion_shopper,41,0.7519264359068966,2,Minnesota,2024-03-14,variant_a
U02741,fashion_shopper,44,0.17447275350088426,15,Colorado,2024-07-28,control
U02742,fashion_shopper,21,0.6319889193447933,4,Illinois,2026-03-26,control
U02743,fashion_shopper,41,0.5337021081433956,19,Illinois,2024-01-04,control
U02744,electronics_buyer,40,0.9801621522590541,22,Vermont,2026-05-18,variant_a
U02745,electronics_buyer,46,0.8615869928910667,4,Mississippi,2024-03-31,variant_b
U02746,electronics_buyer,51,0.5093467951947848,25,Maryland,2026-01-03,variant_a
U02747,fashion_shopper,38,0.7976284876408049,9,Pennsylvania,2023-08-07,control
U02748,hybrid,47,0.27373486716439976,13,Kansas,2025-02-19,variant_b
U02749,electronics_buyer,43,0.6061026946526002,10,Illinois,2026-04-08,variant_a
U02750,fashion_shopper,37,0.16715715001183737,14,South Dakota,2023-05-28,variant_a
U02751,electronics_buyer,33,0.4132801290265148,25,Louisiana,2026-02-12,variant_b
U02752,fashion_shopper,20,0.3032759634599533,3,Texas,2024-05-11,control
U02753,fashion_shopper,54,0.7470188337926899,3,North Carolina,2025-12-20,variant_a
U02754,hybrid,57,0.5410816220929253,20,Utah,2023-11-10,variant_b
U02755,fashion_shopper,61,0.7759634309632094,16,Rhode Island,2023-08-16,control
U02756,electronics_buyer,42,0.563765893868301,9,Michigan,2024-06-17,variant_a
U02757,hybrid,40,0.1778359979364747,14,North Dakota,2025-11-17,variant_b
U02758,electronics_buyer,61,0.7618308847592741,22,Colorado,2025-06-12,variant_b
U02759,fashion_shopper,18,0.849906337589025,16,California,2024-07-29,control
U02760,fashion_shopper,50,0.9131781033215133,9,Vermont,2024-09-07,control
U02761,fashion_shopper,32,0.6147927507760373,24,Virginia,2025-06-01,control
U02762,electronics_buyer,34,0.7782268230995456,23,California,2025-08-13,variant_a
U02763,fashion_shopper,51,0.7768399031943644,29,Washington,2025-04-04,variant_a
U02764,fashion_shopper,34,0.24017478381904991,5,New York,2025-10-24,control
U02765,hybrid,58,0.2477986187136137,13,Alabama,2025-02-28,variant_b
U02766,electronics_buyer,61,0.16379695522821353,15,Montana,2024-02-05,variant_a
U02767,fashion_shopper,21,0.38792227162627135,25,Idaho,2025-11-21,control
U02768,electronics_buyer,30,0.5261577289669581,4,Tennessee,2025-01-07,variant_a
U02769,electronics_buyer,21,0.9981080674787952,14,New York,2025-12-02,variant_b
U02770,fashion_shopper,24,0.4878940078613526,20,Alaska,2026-04-09,control
U02771,fashion_shopper,63,0.7536183296566338,24,Iowa,2024-09-24,control
U02772,hybrid,26,0.7240573236452812,20,Massachusetts,2026-04-13,variant_b
U02773,electronics_buyer,40,0.28403375522552166,7,New Jersey,2024-02-14,variant_a
U02774,electronics_buyer,50,0.15265643630449277,4,Tennessee,2026-02-24,variant_a
U02775,fashion_shopper,50,0.5914060763802287,27,Arizona,2023-09-20,variant_a
U02776,fashion_shopper,37,0.7302750330830284,17,New Jersey,2025-10-15,control
U02777,fashion_shopper,21,0.9984266111676304,26,Illinois,2026-02-15,control
U02778,fashion_shopper,18,0.4227499470530537,9,Wyoming,2024-07-21,variant_a
U02779,fashion_shopper,59,0.906728105872987,4,Massachusetts,2025-10-31,control
U02780,fashion_shopper,51,0.4437392102822678,3,Hawaii,2023-06-23,control
U02781,hybrid,44,0.7204705375874615,19,Wyoming,2024-05-01,variant_b
U02782,hybrid,38,0.6384276374653468,9,Rhode Island,2024-08-05,variant_b
U02783,electronics_buyer,41,0.14768091397233724,8,Massachusetts,2025-09-05,variant_b
U02784,hybrid,32,0.17054958427323264,26,South Carolina,2024-12-22,variant_b
U02785,fashion_shopper,52,0.11868768075201488,7,Wyoming,2026-01-04,control
U02786,hybrid,42,0.4337506761345905,7,Arkansas,2024-06-26,variant_b
U02787,fashion_shopper,26,0.7712209438894096,4,Wyoming,2025-04-06,control
U02788,hybrid,34,0.25547985459165046,19,Alabama,2025-06-01,variant_b
U02789,hybrid,38,0.6452676715455062,12,Wyoming,2024-12-06,variant_b
U02790,electronics_buyer,30,0.3599450020279701,20,Maine,2025-12-23,variant_b
U02791,hybrid,20,0.817293361581165,6,Kansas,2023-07-02,variant_b
U02792,electronics_buyer,21,0.8185565341026918,12,Nebraska,2026-04-30,variant_a
U02793,fashion_shopper,21,0.7978730634697812,29,Maryland,2026-04-05,control
U02794,fashion_shopper,60,0.5723501624212392,20,Missouri,2025-02-11,variant_a
U02795,electronics_buyer,45,0.35611003907186656,4,Maine,2025-07-17,variant_a
U02796,fashion_shopper,24,0.8284996394907711,2,Washington,2023-08-21,control
U02797,electronics_buyer,43,0.2674905057453174,15,Georgia,2024-04-05,variant_a
U02798,hybrid,28,0.3607836418257905,23,New Mexico,2023-05-29,variant_b
U02799,fashion_shopper,41,0.2655529355445595,6,Arkansas,2024-05-17,control
U02800,electronics_buyer,60,0.706789144348883,18,Alaska,2024-07-11,variant_b
U02801,hybrid,27,0.7176124253042363,21,Texas,2024-02-05,variant_b
U02802,hybrid,54,0.6872589935080777,22,South Dakota,2023-08-07,variant_b
U02803,hybrid,30,0.474041320178201,5,Oregon,2023-12-16,variant_b
U02804,electronics_buyer,61,0.19015390648128994,4,Ohio,2023-10-01,variant_a
U02805,hybrid,59,0.920052626063519,11,Virginia,2025-06-19,variant_b
U02806,electronics_buyer,56,0.5569578676110144,11,Kansas,2023-12-03,variant_b
U02807,fashion_shopper,36,0.4662749754199823,9,Illinois,2024-10-24,control
U02808,electronics_buyer,36,0.6299424039234639,3,Texas,2024-01-11,variant_a
U02809,electronics_buyer,29,0.2735113922371952,11,Hawaii,2025-12-15,variant_b
U02810,fashion_shopper,39,0.21929390119438696,2,Texas,2025-04-10,control
U02811,electronics_buyer,64,0.46497269931214924,9,Georgia,2025-11-03,variant_a
U02812,electronics_buyer,54,0.3044986246899195,24,Wyoming,2024-02-29,variant_a
U02813,fashion_shopper,47,0.31986126508344814,25,Tennessee,2023-06-28,control
U02814,electronics_buyer,63,0.9032603390006765,10,New Mexico,2023-12-07,variant_a
U02815,electronics_buyer,29,0.5776832594672424,11,Illinois,2025-02-14,variant_b
U02816,electronics_buyer,46,0.535122157891016,3,Pennsylvania,2024-12-04,variant_a
U02817,fashion_shopper,38,0.7205316343557376,17,West Virginia,2024-04-26,control
U02818,fashion_shopper,28,0.9563933023090657,11,Minnesota,2023-08-28,control
U02819,fashion_shopper,54,0.2009787080235077,17,Arkansas,2025-10-07,variant_a
U02820,hybrid,35,0.8501811103983314,19,Kentucky,2024-10-28,variant_b
U02821,fashion_shopper,61,0.6256172618810613,4,Kansas,2024-06-15,control
U02822,electronics_buyer,44,0.23154881843065356,2,Maryland,2026-05-05,variant_a
U02823,fashion_shopper,54,0.36743438682009244,24,Utah,2025-11-21,control
U02824,fashion_shopper,29,0.5341252748182655,14,Virginia,2024-09-02,control
U02825,hybrid,40,0.7220594301196807,29,Texas,2026-03-02,variant_b
U02826,electronics_buyer,51,0.31834631525810697,15,Minnesota,2026-04-11,variant_b
U02827,fashion_shopper,55,0.5813909339208309,28,Montana,2023-08-19,control
U02828,fashion_shopper,40,0.7162044646742756,3,Washington,2024-11-24,variant_a
U02829,fashion_shopper,42,0.5038666757627556,29,Michigan,2026-02-15,control
U02830,electronics_buyer,21,0.8767233650081583,20,Minnesota,2024-07-27,variant_a
U02831,electronics_buyer,47,0.882513192556364,22,Wyoming,2023-11-12,variant_a
U02832,fashion_shopper,47,0.5236220958764012,26,Missouri,2024-05-23,control
U02833,fashion_shopper,30,0.9756331393680097,13,Oregon,2025-12-28,control
U02834,fashion_shopper,59,0.1680265831649026,22,Connecticut,2024-03-14,variant_a
U02835,hybrid,31,0.10302614049064296,13,Kansas,2024-10-27,variant_b
U02836,hybrid,64,0.4426014374235272,18,Alaska,2024-03-29,variant_b
U02837,fashion_shopper,25,0.6409873552352584,22,Texas,2026-05-05,control
U02838,electronics_buyer,41,0.6662801417046947,20,New Hampshire,2024-07-28,variant_b
U02839,fashion_shopper,35,0.5288011626644458,21,New Hampshire,2025-07-23,variant_a
U02840,fashion_shopper,52,0.21239498191658157,7,Mississippi,2025-11-15,variant_a
U02841,electronics_buyer,42,0.2534477696091048,23,Georgia,2024-03-30,variant_b
U02842,hybrid,34,0.8669331854668083,16,Florida,2026-01-06,variant_b
U02843,hybrid,49,0.8811200185653352,16,Massachusetts,2025-05-03,variant_b
U02844,electronics_buyer,41,0.7065086840746482,22,Tennessee,2024-06-19,variant_a
U02845,fashion_shopper,24,0.6977961750509941,26,Texas,2024-01-09,variant_a
U02846,electronics_buyer,30,0.6379139152250267,6,New Jersey,2026-03-02,variant_b
U02847,fashion_shopper,44,0.2826332971317894,6,Maine,2024-08-30,control
U02848,electronics_buyer,22,0.48542563023391294,4,Missouri,2023-06-09,variant_a
U02849,fashion_shopper,53,0.7263051863170408,3,Idaho,2023-10-22,variant_a
U02850,electronics_buyer,43,0.5835270448030049,1,North Dakota,2023-08-03,variant_a
U02851,fashion_shopper,59,0.11672230064958927,3,South Carolina,2025-12-27,control
U02852,fashion_shopper,62,0.9582011260480885,19,Texas,2024-01-01,control
U02853,hybrid,48,0.860334447314929,9,Texas,2026-04-12,variant_b
U02854,fashion_shopper,27,0.33449051269876406,14,Nebraska,2024-10-06,control
U02855,electronics_buyer,63,0.6548130416496665,19,South Dakota,2024-06-24,variant_a
U02856,fashion_shopper,43,0.930915445355369,24,Alaska,2025-04-07,control
U02857,fashion_shopper,39,0.18640991090228626,24,New Mexico,2024-03-29,control
U02858,fashion_shopper,29,0.5527265327170305,19,Colorado,2024-06-29,control
U02859,fashion_shopper,49,0.510618723261665,26,Nevada,2025-03-17,control
U02860,hybrid,44,0.46918450475517914,26,Kentucky,2024-07-04,variant_b
U02861,fashion_shopper,50,0.8520297480036325,28,Mississippi,2023-06-15,control
U02862,hybrid,37,0.44258153202771167,13,Louisiana,2025-11-25,variant_b
U02863,electronics_buyer,56,0.15729699991690685,22,Pennsylvania,2023-05-21,variant_a
U02864,fashion_shopper,58,0.15925396794787225,16,Minnesota,2025-09-20,variant_a
U02865,electronics_buyer,57,0.1384701458721481,28,Kansas,2025-03-10,variant_a
U02866,electronics_buyer,30,0.46823087968663357,8,Nebraska,2024-03-15,variant_a
U02867,electronics_buyer,31,0.7465656499285239,24,Massachusetts,2024-09-16,variant_b
U02868,fashion_shopper,61,0.28335021573746394,26,Hawaii,2025-09-07,control
U02869,fashion_shopper,57,0.6818216683883945,16,South Dakota,2026-04-06,variant_a
U02870,hybrid,39,0.7183796248933337,26,Maryland,2024-01-07,variant_b
U02871,hybrid,35,0.32968191161403815,9,Mississippi,2024-01-09,variant_b
U02872,hybrid,46,0.6405018904545663,9,Iowa,2024-01-03,variant_b
U02873,fashion_shopper,60,0.7163815060241626,24,Idaho,2025-12-07,variant_a
U02874,electronics_buyer,33,0.5199522605219131,23,New Hampshire,2023-10-31,variant_b
U02875,electronics_buyer,63,0.4030449375520856,26,Maine,2025-03-04,variant_a
U02876,electronics_buyer,52,0.6572363964168946,3,Oklahoma,2025-05-06,variant_a
U02877,fashion_shopper,51,0.9800623785952512,7,Florida,2024-08-27,control
U02878,electronics_buyer,20,0.4841572684320803,20,South Carolina,2025-10-21,variant_a
U02879,fashion_shopper,21,0.45256158665660895,18,North Dakota,2026-03-10,control
U02880,fashion_shopper,22,0.5178402121835021,24,Arkansas,2024-06-11,control
U02881,hybrid,27,0.16859655410054342,2,California,2024-04-20,variant_b
U02882,fashion_shopper,46,0.5978469517042511,1,Delaware,2025-05-17,control
U02883,fashion_shopper,49,0.3958276484955373,12,Arizona,2024-08-13,control
U02884,fashion_shopper,48,0.20927991009813623,16,Connecticut,2025-02-09,control
U02885,hybrid,19,0.519631067005636,12,Kentucky,2024-05-27,variant_b
U02886,electronics_buyer,29,0.1030455879165797,21,New Hampshire,2025-07-12,variant_a
U02887,fashion_shopper,44,0.461606720646483,10,Idaho,2025-11-04,variant_a
U02888,hybrid,22,0.19516174113380547,29,Idaho,2023-12-08,variant_b
U02889,hybrid,54,0.12186343305980227,9,Pennsylvania,2026-03-29,variant_b
U02890,fashion_shopper,44,0.8420275416200519,21,Indiana,2026-01-27,control
U02891,electronics_buyer,40,0.9246239229543713,27,Washington,2026-04-08,variant_b
U02892,electronics_buyer,50,0.286907183523196,18,Nevada,2025-03-19,variant_b
U02893,electronics_buyer,21,0.5853684374508351,26,Wyoming,2024-12-02,variant_a
U02894,fashion_shopper,38,0.3501623414178865,4,Nebraska,2024-09-07,control
U02895,hybrid,41,0.544219694804964,8,Colorado,2024-10-11,variant_b
U02896,electronics_buyer,61,0.49296818880474425,23,Illinois,2025-10-17,variant_a
U02897,fashion_shopper,48,0.3421459495724371,21,Hawaii,2026-02-19,control
U02898,fashion_shopper,61,0.7303542216717679,4,Nebraska,2024-02-11,variant_a
U02899,fashion_shopper,41,0.2138418633882288,16,Oklahoma,2025-02-17,control
U02900,fashion_shopper,27,0.14776550395423044,21,Vermont,2025-03-21,control
U02901,electronics_buyer,19,0.7909078897335512,23,Georgia,2023-06-21,variant_b
U02902,fashion_shopper,48,0.6993370280986119,21,Virginia,2026-03-26,control
U02903,fashion_shopper,42,0.5486735117317582,8,Delaware,2025-02-21,variant_a
U02904,electronics_buyer,21,0.5210107934252874,7,New Jersey,2025-12-27,variant_a
U02905,fashion_shopper,28,0.5476702415422836,23,Kansas,2025-12-26,control
U02906,hybrid,34,0.49332166848880565,25,Connecticut,2024-08-21,variant_b
U02907,fashion_shopper,61,0.45360306624806124,24,Washington,2025-12-09,control
U02908,fashion_shopper,19,0.5497215425975083,13,Colorado,2023-07-26,control
U02909,fashion_shopper,23,0.5756636540437844,28,Mississippi,2023-07-23,control
U02910,fashion_shopper,26,0.7227120826752588,8,Florida,2026-02-14,control
U02911,fashion_shopper,22,0.7400864446606203,22,Texas,2023-10-04,control
U02912,electronics_buyer,37,0.4398661721261302,7,North Dakota,2025-09-08,variant_b
U02913,hybrid,46,0.47218647046913986,24,Iowa,2023-05-21,variant_b
U02914,fashion_shopper,38,0.43632745276260076,29,Massachusetts,2024-08-27,control
U02915,electronics_buyer,26,0.5828821962631393,5,Pennsylvania,2023-06-08,variant_a
U02916,electronics_buyer,45,0.5080181841227758,26,New Hampshire,2025-10-20,variant_b
U02917,hybrid,25,0.9006368168225742,18,Nevada,2024-08-07,variant_b
U02918,fashion_shopper,48,0.7267251402248254,23,Louisiana,2024-09-19,variant_a
U02919,fashion_shopper,37,0.908790745379001,26,Montana,2023-07-14,control
U02920,fashion_shopper,44,0.738223292403483,19,Vermont,2024-05-23,control
U02921,electronics_buyer,25,0.9738929336714327,10,North Dakota,2025-04-20,variant_b
U02922,hybrid,38,0.6721631004297421,11,Arizona,2025-09-06,variant_b
U02923,fashion_shopper,45,0.9671951243467493,8,Iowa,2024-08-10,control
U02924,fashion_shopper,40,0.24235290136848348,6,Georgia,2025-09-22,variant_a
U02925,hybrid,23,0.14722991274646346,11,Oregon,2024-03-19,variant_b
U02926,hybrid,20,0.6212126666834733,16,South Dakota,2024-02-18,variant_b
U02927,hybrid,22,0.9851438852197973,4,New York,2023-12-21,variant_b
U02928,electronics_buyer,26,0.47584472257215715,2,Minnesota,2023-08-29,variant_b
U02929,fashion_shopper,24,0.2908390259736636,13,Alaska,2024-11-22,variant_a
U02930,electronics_buyer,21,0.5693873042741626,7,Oregon,2026-02-12,variant_a
U02931,electronics_buyer,56,0.6839187621209998,17,Missouri,2026-01-30,variant_a
U02932,fashion_shopper,22,0.38366082596430007,23,Virginia,2026-05-17,control
U02933,electronics_buyer,28,0.7432924226493335,13,Arizona,2024-02-10,variant_a
U02934,electronics_buyer,32,0.9776030563411532,10,Alaska,2025-12-24,variant_b
U02935,fashion_shopper,51,0.9072668095395552,13,Missouri,2024-05-12,control
U02936,electronics_buyer,30,0.3624268361609757,10,Alaska,2025-11-10,variant_b
U02937,electronics_buyer,24,0.39405131483013855,7,California,2023-09-28,variant_a
U02938,hybrid,57,0.4343871020046297,10,Louisiana,2026-02-08,variant_b
U02939,fashion_shopper,23,0.4550975005542808,29,New Jersey,2024-01-12,control
U02940,fashion_shopper,56,0.19028754927395147,16,West Virginia,2025-06-28,control
U02941,electronics_buyer,47,0.7857665550003603,3,South Carolina,2023-11-23,variant_a
U02942,fashion_shopper,39,0.42880533724963044,4,Georgia,2026-05-13,control
U02943,electronics_buyer,42,0.891837979034907,28,West Virginia,2024-08-11,variant_b
U02944,electronics_buyer,45,0.9342465608080979,4,Oregon,2024-10-18,variant_b
U02945,fashion_shopper,37,0.1219881783769193,4,Pennsylvania,2026-04-10,control
U02946,electronics_buyer,56,0.9896527629353856,16,Maryland,2024-05-09,variant_a
U02947,electronics_buyer,20,0.7390204583501662,9,Rhode Island,2024-10-21,variant_a
U02948,fashion_shopper,22,0.5683530033936661,6,North Carolina,2023-10-28,variant_a
U02949,hybrid,18,0.450574847535298,10,Idaho,2024-12-07,variant_b
U02950,hybrid,32,0.5666663193487417,25,Missouri,2023-05-23,variant_b
U02951,electronics_buyer,43,0.39216225158060003,28,Alabama,2024-10-15,variant_b
U02952,electronics_buyer,20,0.6604190323268934,4,Virginia,2024-06-08,variant_b
U02953,electronics_buyer,57,0.18368224880031211,23,Colorado,2025-08-28,variant_a
U02954,hybrid,58,0.6590103426206292,29,Idaho,2025-04-02,variant_b
U02955,electronics_buyer,64,0.34781036512459973,12,South Dakota,2024-09-20,variant_b
U02956,electronics_buyer,59,0.11587134614711174,10,New Mexico,2025-06-06,variant_b
U02957,hybrid,51,0.5974351895465898,12,Arkansas,2026-03-30,variant_b
U02958,fashion_shopper,22,0.6206029802674268,28,Nebraska,2023-09-29,control
U02959,hybrid,48,0.48391210424038245,25,Georgia,2024-07-22,variant_b
U02960,fashion_shopper,30,0.16505760929528518,26,West Virginia,2025-05-11,control
U02961,fashion_shopper,60,0.9040086575237724,19,Indiana,2024-04-23,variant_a
U02962,fashion_shopper,18,0.6502877265051,29,California,2023-12-13,control
U02963,hybrid,39,0.20414196961207265,19,Maine,2024-01-19,variant_b
U02964,hybrid,32,0.5598375189347329,22,Kansas,2025-03-12,variant_b
U02965,electronics_buyer,43,0.5475288843536243,24,Maine,2024-12-07,variant_b
U02966,electronics_buyer,35,0.15436168191363428,1,Nebraska,2023-11-23,variant_b
U02967,electronics_buyer,26,0.6461737332426527,4,Louisiana,2026-04-28,variant_a
U02968,hybrid,18,0.827493759029408,13,New Jersey,2026-04-28,variant_b
U02969,electronics_buyer,60,0.7741072488236304,8,Indiana,2023-08-15,variant_a
U02970,fashion_shopper,26,0.282672472747765,22,North Carolina,2024-09-23,variant_a
U02971,fashion_shopper,40,0.8760632765987902,14,New Jersey,2024-03-23,control
U02972,electronics_buyer,60,0.4082879490934158,16,Montana,2023-10-07,variant_b
U02973,electronics_buyer,62,0.9518575404627472,2,Ohio,2024-09-08,variant_b
U02974,fashion_shopper,19,0.16457316780314235,8,Idaho,2026-01-02,variant_a
U02975,fashion_shopper,31,0.5375878196678584,13,Kansas,2023-08-30,control
U02976,hybrid,55,0.6374119394597942,1,Pennsylvania,2024-01-28,variant_b
U02977,fashion_shopper,57,0.32288508862714427,12,Oklahoma,2023-10-05,control
U02978,electronics_buyer,35,0.794242169848205,17,Louisiana,2024-02-03,variant_b
U02979,hybrid,33,0.6642061118296453,7,Georgia,2024-10-02,variant_b
U02980,fashion_shopper,46,0.11629849355916,16,Missouri,2024-04-27,variant_a
U02981,fashion_shopper,61,0.6475317316266123,14,Alabama,2023-08-20,control
U02982,electronics_buyer,28,0.5423304109766017,10,Maine,2025-03-28,variant_b
U02983,hybrid,23,0.27642628153315696,3,Vermont,2025-06-13,variant_b
U02984,electronics_buyer,20,0.9961734043535766,28,South Dakota,2023-07-14,variant_a
U02985,hybrid,31,0.9074459753448535,12,Oklahoma,2025-10-23,variant_b
U02986,fashion_shopper,19,0.3632569255261572,8,Idaho,2026-01-29,control
U02987,electronics_buyer,49,0.5869638287187546,16,North Dakota,2023-11-27,variant_a
U02988,electronics_buyer,48,0.38485192591926165,25,Nevada,2023-06-26,variant_b
U02989,hybrid,28,0.7979461764724702,24,Nevada,2025-12-03,variant_b
U02990,fashion_shopper,39,0.9372982898768095,1,South Dakota,2024-01-01,control
U02991,hybrid,20,0.42294574622294523,17,North Carolina,2025-08-07,variant_b
U02992,electronics_buyer,48,0.8250258242292647,6,Alabama,2023-08-27,variant_a
U02993,fashion_shopper,50,0.5485667884418844,28,Oklahoma,2024-06-15,variant_a
U02994,fashion_shopper,41,0.4569207051804196,1,California,2026-04-08,control
U02995,hybrid,18,0.9445796668888928,24,North Dakota,2024-10-29,variant_b
U02996,fashion_shopper,61,0.5593642198471284,15,Mississippi,2024-05-15,control
U02997,fashion_shopper,32,0.5206694502317184,13,Virginia,2023-09-29,control
U02998,fashion_shopper,54,0.7051909617661087,6,Tennessee,2024-04-07,control
U02999,hybrid,44,0.33511078091645596,21,Iowa,2024-03-20,variant_b
U03000,electronics_buyer,55,0.3923135837094842,13,Alaska,2023-12-02,variant_b
U03001,electronics_buyer,44,0.9388412526147604,22,Ohio,2025-01-14,variant_b
U03002,fashion_shopper,61,0.7106768608932481,4,New York,2023-12-15,control
U03003,electronics_buyer,29,0.843973432993905,1,Wyoming,2026-01-08,variant_a
U03004,electronics_buyer,20,0.3440005857418867,23,Missouri,2023-10-05,variant_a
U03005,hybrid,47,0.5894111709368849,10,Maine,2024-03-28,variant_b
U03006,hybrid,49,0.9742566402905484,25,Maine,2024-10-09,variant_b
U03007,fashion_shopper,40,0.3868335091253958,4,Kentucky,2025-11-02,control
U03008,electronics_buyer,19,0.2444288286853377,13,Connecticut,2025-03-07,variant_b
U03009,fashion_shopper,24,0.5597974074021976,4,New Mexico,2024-11-01,control
U03010,electronics_buyer,51,0.4490389798523886,16,Kansas,2024-11-06,variant_a
U03011,fashion_shopper,49,0.2436195095080422,9,Maine,2023-07-15,control
U03012,fashion_shopper,56,0.8996962444330312,4,Oregon,2024-03-31,control
U03013,fashion_shopper,49,0.9916515194984,26,Nevada,2024-08-21,variant_a
U03014,electronics_buyer,60,0.611723962620998,20,Kentucky,2025-07-20,variant_a
U03015,fashion_shopper,60,0.7972090915361086,8,Vermont,2026-04-13,control
U03016,electronics_buyer,31,0.8731345325916696,27,Wyoming,2024-05-02,variant_b
U03017,fashion_shopper,20,0.7308838054196443,4,Arkansas,2023-10-12,variant_a
U03018,fashion_shopper,63,0.1397404442005581,9,Connecticut,2023-08-01,control
U03019,electronics_buyer,49,0.241870808545136,11,New Jersey,2024-02-27,variant_b
U03020,fashion_shopper,60,0.16389027203624784,24,Wyoming,2023-10-13,control
U03021,fashion_shopper,53,0.1088916459778509,5,Arkansas,2023-11-20,variant_a
U03022,electronics_buyer,34,0.3753967678815129,9,Texas,2025-07-04,variant_b
U03023,fashion_shopper,20,0.45312036443340376,8,Utah,2024-03-22,control
U03024,fashion_shopper,27,0.31692675910233314,26,Mississippi,2024-01-22,control
U03025,fashion_shopper,64,0.15814418327768887,4,South Carolina,2025-10-10,variant_a
U03026,hybrid,57,0.5768767817530098,20,Indiana,2024-08-28,variant_b
U03027,electronics_buyer,35,0.3459873879614275,1,Texas,2025-12-10,variant_a
U03028,electronics_buyer,20,0.816433439377206,20,Illinois,2023-11-07,variant_b
U03029,electronics_buyer,56,0.10724735946275309,28,Connecticut,2024-09-15,variant_a
U03030,fashion_shopper,27,0.8582743461588492,13,Georgia,2024-07-05,control
U03031,fashion_shopper,26,0.9592783110513613,24,Tennessee,2024-05-19,variant_a
U03032,electronics_buyer,63,0.7445215568382126,28,Kansas,2025-12-18,variant_b
U03033,fashion_shopper,63,0.7602796587363099,28,Virginia,2025-05-18,control
U03034,fashion_shopper,28,0.9402060804424599,5,Kansas,2025-05-29,control
U03035,fashion_shopper,50,0.28816415677031426,22,Mississippi,2023-09-04,control
U03036,fashion_shopper,53,0.995109011387719,20,Minnesota,2024-11-09,variant_a
U03037,hybrid,43,0.7961330830406876,21,Vermont,2025-07-12,variant_b
U03038,fashion_shopper,44,0.7539136374950143,10,Iowa,2024-04-17,control
U03039,electronics_buyer,55,0.4249815210957635,16,Tennessee,2024-11-27,variant_a
U03040,fashion_shopper,39,0.5911997368650496,8,Minnesota,2023-08-24,control
U03041,hybrid,43,0.6885260094460123,12,Arizona,2024-06-22,variant_b
U03042,fashion_shopper,39,0.6583085751854943,25,Virginia,2025-06-20,control
U03043,fashion_shopper,22,0.7344861746298227,3,Utah,2024-07-12,variant_a
U03044,electronics_buyer,52,0.17414356517056956,26,Oklahoma,2026-01-27,variant_b
U03045,electronics_buyer,19,0.4200835895485271,4,Kentucky,2023-07-11,variant_b
U03046,fashion_shopper,52,0.4906000149359294,17,Massachusetts,2023-05-23,variant_a
U03047,fashion_shopper,26,0.33456636808746987,27,Oregon,2024-06-19,variant_a
U03048,fashion_shopper,35,0.2553645432423014,21,California,2023-09-22,variant_a
U03049,fashion_shopper,60,0.22503473192157653,20,New Jersey,2025-12-26,control
U03050,fashion_shopper,29,0.4297450530309266,22,Utah,2026-04-10,control
U03051,electronics_buyer,20,0.5440975305063093,22,Rhode Island,2025-03-06,variant_a
U03052,fashion_shopper,35,0.15667879613199465,13,Wyoming,2026-01-27,control
U03053,fashion_shopper,55,0.9518122851314945,26,Montana,2024-09-18,control
U03054,electronics_buyer,24,0.7887189905746825,6,Pennsylvania,2024-07-04,variant_a
U03055,hybrid,50,0.7577665958669199,3,Mississippi,2025-08-15,variant_b
U03056,electronics_buyer,23,0.25557447248985427,14,California,2026-02-27,variant_a
U03057,fashion_shopper,35,0.64342069121097,7,Delaware,2025-12-01,control
U03058,fashion_shopper,62,0.5767524521278007,3,Rhode Island,2024-05-10,control
U03059,hybrid,39,0.9842219612080244,6,California,2023-08-19,variant_b
U03060,fashion_shopper,56,0.7729045930721421,29,Utah,2025-07-16,control
U03061,fashion_shopper,26,0.618185695344608,13,Wyoming,2023-07-19,control
U03062,electronics_buyer,52,0.86573139982311,14,North Dakota,2023-10-27,variant_a
U03063,electronics_buyer,40,0.23958484377463854,15,Oregon,2024-11-19,variant_a
U03064,electronics_buyer,29,0.11369487672187949,26,Michigan,2026-04-04,variant_a
U03065,fashion_shopper,41,0.7212100000730709,16,New York,2024-04-11,control
U03066,fashion_shopper,57,0.18848031421351374,1,Arizona,2024-05-02,control
U03067,hybrid,26,0.2038902759851583,15,Florida,2024-08-21,variant_b
U03068,fashion_shopper,30,0.7702126537820775,24,Alabama,2024-10-11,control
U03069,electronics_buyer,57,0.3434813597205902,7,Indiana,2025-05-17,variant_b
U03070,electronics_buyer,59,0.6657680940120037,28,Hawaii,2024-12-25,variant_b
U03071,electronics_buyer,34,0.9256662334834735,9,Virginia,2026-03-18,variant_a
U03072,fashion_shopper,24,0.3848270784740725,15,Kentucky,2025-07-31,control
U03073,fashion_shopper,34,0.2954297420559269,14,Kansas,2026-01-12,control
U03074,electronics_buyer,41,0.19590659536694655,19,Wyoming,2025-12-09,variant_a
U03075,hybrid,19,0.2174161252777535,28,Illinois,2026-02-03,variant_b
U03076,hybrid,52,0.15600042584095847,24,Wyoming,2024-11-01,variant_b
U03077,fashion_shopper,45,0.17887814094676613,18,Maine,2024-11-08,control
U03078,fashion_shopper,36,0.4888041299282385,9,Wyoming,2023-07-17,control
U03079,hybrid,50,0.3887785405215728,1,Maryland,2024-06-29,variant_b
U03080,electronics_buyer,38,0.7359047328906982,12,California,2024-07-21,variant_b
U03081,hybrid,27,0.8832174924223016,10,Wyoming,2025-09-20,variant_b
U03082,fashion_shopper,63,0.8062958828281459,7,North Dakota,2024-01-12,control
U03083,electronics_buyer,62,0.577573530999087,14,Pennsylvania,2025-07-23,variant_a
U03084,electronics_buyer,26,0.19219790460938807,26,Connecticut,2025-07-30,variant_b
U03085,electronics_buyer,55,0.7387905555473981,1,Colorado,2025-12-27,variant_b
U03086,fashion_shopper,23,0.4265458522541862,15,Rhode Island,2023-08-14,variant_a
U03087,fashion_shopper,59,0.17708535452386917,22,Florida,2025-10-19,control
U03088,electronics_buyer,52,0.8582197664913631,1,South Dakota,2026-01-29,variant_a
U03089,fashion_shopper,35,0.40439486546425507,13,Illinois,2023-06-26,control
U03090,electronics_buyer,36,0.2964239492604142,20,South Carolina,2025-09-09,variant_a
U03091,hybrid,22,0.8843068581569589,23,California,2025-05-07,variant_b
U03092,fashion_shopper,42,0.9119204816023044,2,Illinois,2024-12-24,variant_a
U03093,hybrid,28,0.40507375347240393,3,Mississippi,2026-02-18,variant_b
U03094,fashion_shopper,27,0.4193212773532361,4,Rhode Island,2024-07-05,control
U03095,electronics_buyer,34,0.6216656748248297,16,Washington,2025-01-06,variant_b
U03096,hybrid,53,0.7600973444295923,22,Pennsylvania,2025-12-24,variant_b
U03097,fashion_shopper,43,0.15683428171617714,29,Georgia,2026-01-28,control
U03098,fashion_shopper,48,0.6340092914696245,12,Wyoming,2025-06-10,control
U03099,fashion_shopper,49,0.9575380556052234,25,Missouri,2024-09-23,variant_a
U03100,fashion_shopper,38,0.3358845074619583,4,Florida,2024-10-10,control
U03101,electronics_buyer,35,0.9179444926872404,22,Idaho,2024-09-02,variant_b
U03102,hybrid,35,0.9551515066867843,12,Illinois,2026-04-23,variant_b
U03103,fashion_shopper,18,0.3422382768739808,7,Maine,2024-10-20,variant_a
U03104,fashion_shopper,31,0.7787816792968155,20,Minnesota,2025-05-09,control
U03105,fashion_shopper,25,0.31489750748760403,22,New York,2025-03-13,variant_a
U03106,electronics_buyer,19,0.7638500455589194,3,Iowa,2025-07-26,variant_b
U03107,fashion_shopper,32,0.8176779741599434,5,New York,2023-08-09,control
U03108,electronics_buyer,51,0.3224851333395845,12,Alabama,2025-03-17,variant_a
U03109,electronics_buyer,53,0.7442825892249114,12,Utah,2023-11-27,variant_a
U03110,electronics_buyer,18,0.8308940849776808,27,New York,2025-05-29,variant_a
U03111,fashion_shopper,38,0.42272098489622056,26,Pennsylvania,2024-02-14,control
U03112,electronics_buyer,59,0.25093249839075427,20,Indiana,2023-07-16,variant_b
U03113,fashion_shopper,18,0.1827681105857622,23,Illinois,2026-02-19,control
U03114,fashion_shopper,49,0.6178435332489477,22,New Jersey,2024-01-22,control
U03115,hybrid,37,0.9802883073841419,7,Pennsylvania,2024-09-03,variant_b
U03116,electronics_buyer,64,0.8406552880199946,22,Maine,2024-03-12,variant_b
U03117,fashion_shopper,53,0.4922556750410976,12,Idaho,2024-02-05,control
U03118,fashion_shopper,56,0.5829588125694627,2,Alabama,2023-11-26,control
U03119,fashion_shopper,47,0.35157509687063704,14,Colorado,2026-01-08,control
U03120,fashion_shopper,24,0.24675928062405722,23,Louisiana,2024-04-10,control
U03121,fashion_shopper,39,0.533873042409046,16,New Jersey,2024-07-24,control
U03122,fashion_shopper,62,0.5171514095504667,24,Tennessee,2025-11-08,control
U03123,electronics_buyer,27,0.5697369575233842,7,Connecticut,2025-05-28,variant_a
U03124,electronics_buyer,25,0.9575241270075466,4,Arizona,2025-06-23,variant_b
U03125,electronics_buyer,44,0.643505770130295,20,Maine,2026-03-18,variant_a
U03126,electronics_buyer,27,0.6451946529601363,28,Vermont,2024-04-27,variant_b
U03127,fashion_shopper,31,0.2152222865749691,5,Georgia,2024-12-15,control
U03128,hybrid,63,0.9968399795591384,14,Florida,2024-03-27,variant_b
U03129,hybrid,28,0.7955604498112017,9,Hawaii,2024-10-17,variant_b
U03130,hybrid,23,0.8894830096846044,5,New Jersey,2023-10-19,variant_b
U03131,hybrid,38,0.4728703706478947,2,New York,2026-01-31,variant_b
U03132,hybrid,50,0.5519152862070624,5,New Hampshire,2026-05-05,variant_b
U03133,electronics_buyer,36,0.5698754282460489,29,Rhode Island,2025-10-03,variant_a
U03134,fashion_shopper,56,0.2746850853606447,3,Arizona,2025-10-08,control
U03135,electronics_buyer,41,0.7205402406942615,10,Mississippi,2025-11-23,variant_a
U03136,electronics_buyer,35,0.9126790512557109,8,New Mexico,2025-05-22,variant_b
U03137,electronics_buyer,52,0.2473352363245771,26,New York,2024-06-17,variant_b
U03138,electronics_buyer,60,0.17768644613754805,10,Nevada,2025-10-22,variant_a
U03139,fashion_shopper,54,0.764397014986308,29,Arizona,2023-10-13,control
U03140,fashion_shopper,36,0.34588164850568387,2,North Dakota,2025-03-12,variant_a
U03141,hybrid,41,0.6614762874555964,14,Washington,2025-07-26,variant_b
U03142,electronics_buyer,51,0.7261825041929626,27,Hawaii,2023-12-25,variant_a
U03143,electronics_buyer,39,0.3897196872236396,4,Rhode Island,2026-03-23,variant_a
U03144,fashion_shopper,21,0.8336301376832059,21,Massachusetts,2023-08-01,control
U03145,fashion_shopper,27,0.5949900839027952,12,Nebraska,2024-03-06,variant_a
U03146,hybrid,19,0.8820994671566225,20,Rhode Island,2024-11-24,variant_b
U03147,electronics_buyer,25,0.7869641973030528,29,California,2024-01-15,variant_a
U03148,electronics_buyer,50,0.8817180688337084,14,Illinois,2025-02-26,variant_b
U03149,electronics_buyer,55,0.11814524390610469,16,Oklahoma,2023-09-29,variant_a
U03150,electronics_buyer,60,0.3191556346647353,5,Nevada,2024-11-20,variant_a
U03151,fashion_shopper,45,0.18100714640134477,26,Louisiana,2024-06-03,control
U03152,electronics_buyer,27,0.4978747154704143,16,Massachusetts,2023-11-18,variant_b
U03153,fashion_shopper,62,0.9009641094537864,27,Oregon,2024-07-19,variant_a
U03154,fashion_shopper,18,0.5207862360401823,29,Connecticut,2023-08-31,variant_a
U03155,electronics_buyer,51,0.8647417401223547,4,New Mexico,2023-12-18,variant_a
U03156,hybrid,20,0.3944604142173861,29,Alaska,2024-02-16,variant_b
U03157,fashion_shopper,26,0.4056130655247272,3,Georgia,2025-10-12,control
U03158,hybrid,22,0.9060055572941899,1,Arizona,2025-01-22,variant_b
U03159,fashion_shopper,59,0.4832354318605314,4,Arkansas,2024-08-29,control
U03160,fashion_shopper,27,0.8107889390151998,9,New York,2026-03-22,variant_a
U03161,fashion_shopper,29,0.31297919309371125,1,Hawaii,2025-01-13,control
U03162,fashion_shopper,35,0.9539207467098719,16,Hawaii,2023-08-12,control
U03163,electronics_buyer,38,0.617120421877514,23,South Dakota,2025-07-31,variant_a
U03164,fashion_shopper,38,0.7833912117205617,3,Colorado,2023-06-15,control
U03165,electronics_buyer,18,0.18056412981539693,24,Wyoming,2025-09-02,variant_a
U03166,hybrid,20,0.5433978032474759,6,Delaware,2026-02-14,variant_b
U03167,fashion_shopper,22,0.9109346479606208,13,Tennessee,2025-09-19,control
U03168,electronics_buyer,42,0.8893347661389741,17,Wisconsin,2024-05-27,variant_b
U03169,fashion_shopper,25,0.1421325615108048,15,Idaho,2025-08-20,variant_a
U03170,electronics_buyer,34,0.373328622216052,26,Arizona,2026-02-05,variant_a
U03171,fashion_shopper,26,0.4989880058311721,21,Mississippi,2023-07-04,control
U03172,fashion_shopper,49,0.2550383329202094,12,North Carolina,2024-03-27,control
U03173,fashion_shopper,23,0.7569984798909734,29,Oregon,2025-02-13,control
U03174,fashion_shopper,57,0.2660607960388404,8,Iowa,2024-05-29,control
U03175,fashion_shopper,38,0.4119757249328976,27,Indiana,2025-03-14,control
U03176,electronics_buyer,24,0.6969525731720364,16,Mississippi,2024-11-16,variant_a
U03177,hybrid,24,0.5338804100720319,3,Vermont,2024-11-22,variant_b
U03178,hybrid,64,0.7647139347714045,28,West Virginia,2025-10-04,variant_b
U03179,electronics_buyer,56,0.9650871111005738,28,Louisiana,2024-06-11,variant_b
U03180,fashion_shopper,44,0.20489201894367776,4,New Hampshire,2024-12-11,control
U03181,fashion_shopper,25,0.7386109447582548,7,Virginia,2024-07-31,control
U03182,fashion_shopper,26,0.3073097400689031,15,Kentucky,2024-06-15,control
U03183,fashion_shopper,45,0.47302905466681233,11,Hawaii,2023-12-09,control
U03184,electronics_buyer,32,0.12957645321562586,16,Illinois,2024-01-06,variant_a
U03185,electronics_buyer,19,0.22231664406342905,22,Florida,2024-01-08,variant_a
U03186,fashion_shopper,24,0.38779956014400974,14,Maryland,2023-06-23,variant_a
U03187,fashion_shopper,64,0.4077872247591865,23,Massachusetts,2024-02-29,variant_a
U03188,hybrid,35,0.9096266948158862,13,Michigan,2023-07-01,variant_b
U03189,electronics_buyer,39,0.7676316183398636,9,Vermont,2023-09-17,variant_b
U03190,fashion_shopper,27,0.974964671368337,25,Indiana,2023-08-03,control
U03191,hybrid,50,0.6391643593017164,18,South Carolina,2023-06-27,variant_b
U03192,hybrid,24,0.3175423588821862,3,Connecticut,2025-08-01,variant_b
U03193,fashion_shopper,20,0.39488952692947854,20,Colorado,2026-02-05,control
U03194,fashion_shopper,31,0.3878523309627704,22,Connecticut,2023-06-10,variant_a
U03195,electronics_buyer,61,0.3938448948969264,5,Missouri,2025-03-11,variant_a
U03196,hybrid,63,0.7056677558006341,22,New Mexico,2025-04-24,variant_b
U03197,hybrid,53,0.5777271352813746,27,Idaho,2026-01-20,variant_b
U03198,fashion_shopper,30,0.4468817602779799,24,Pennsylvania,2025-05-20,control
U03199,fashion_shopper,33,0.23418079185584495,2,New Hampshire,2025-07-02,variant_a
U03200,electronics_buyer,33,0.11992524664793132,22,Kentucky,2023-09-29,variant_a
U03201,electronics_buyer,22,0.2969512098289233,25,Maryland,2024-08-11,variant_a
U03202,fashion_shopper,42,0.19672426357181316,21,Michigan,2025-01-03,control
U03203,hybrid,55,0.8069005277670155,17,Massachusetts,2025-01-17,variant_b
U03204,electronics_buyer,55,0.20124816203249685,16,Alaska,2025-08-17,variant_b
U03205,hybrid,55,0.7518054135761525,29,Washington,2025-04-29,variant_b
U03206,hybrid,56,0.44709282079847434,24,Minnesota,2023-07-05,variant_b
U03207,electronics_buyer,58,0.1660405507693984,20,Arizona,2026-02-08,variant_b
U03208,fashion_shopper,43,0.8314570444884272,24,Montana,2023-12-18,variant_a
U03209,electronics_buyer,30,0.621667513212952,13,Colorado,2024-12-18,variant_a
U03210,fashion_shopper,61,0.31218536157721577,20,North Dakota,2025-07-24,control
U03211,electronics_buyer,43,0.9052130568994011,11,Maine,2024-07-10,variant_b
U03212,fashion_shopper,18,0.14073248248349632,8,Montana,2024-10-15,control
U03213,electronics_buyer,25,0.28163764737798663,25,New Jersey,2024-11-11,variant_b
U03214,fashion_shopper,21,0.7768422350252749,21,Colorado,2023-10-22,control
U03215,fashion_shopper,38,0.7384401372789002,5,Massachusetts,2025-03-07,control
U03216,fashion_shopper,39,0.36034452435203024,2,Louisiana,2023-12-04,control
U03217,fashion_shopper,54,0.15582238781750482,25,Maryland,2025-12-10,control
U03218,electronics_buyer,20,0.8722702650024494,27,Colorado,2024-05-10,variant_b
U03219,electronics_buyer,36,0.38232787426291237,4,New Mexico,2026-01-09,variant_b
U03220,electronics_buyer,18,0.27614207343543873,3,Indiana,2026-01-26,variant_a
U03221,fashion_shopper,46,0.5644556401248794,2,Wyoming,2024-10-17,control
U03222,fashion_shopper,40,0.9192044793542026,3,New York,2026-03-03,control
U03223,fashion_shopper,50,0.13919192005903783,16,Oklahoma,2024-01-30,control
U03224,fashion_shopper,58,0.7892236792277989,20,North Carolina,2024-11-25,control
U03225,hybrid,40,0.615225905144838,9,South Carolina,2024-08-24,variant_b
U03226,fashion_shopper,22,0.4829042048966352,6,Minnesota,2024-10-26,control
U03227,fashion_shopper,24,0.769672399694554,26,Mississippi,2024-07-13,variant_a
U03228,fashion_shopper,23,0.969241981997469,15,Indiana,2024-11-11,control
U03229,fashion_shopper,39,0.3062855900464219,5,Maine,2023-09-17,control
U03230,electronics_buyer,30,0.22928262856490766,29,New Mexico,2023-09-12,variant_a
U03231,electronics_buyer,29,0.9215935707004274,9,Rhode Island,2026-01-07,variant_a
U03232,fashion_shopper,21,0.7020577697115733,24,Utah,2025-10-21,control
U03233,fashion_shopper,25,0.4941874194057694,6,New Hampshire,2024-11-16,control
U03234,fashion_shopper,54,0.6159336132378548,3,Missouri,2024-06-25,variant_a
U03235,fashion_shopper,48,0.7710525146586197,23,North Carolina,2025-01-02,control
U03236,fashion_shopper,54,0.7957287088351455,13,North Carolina,2024-10-02,control
U03237,hybrid,62,0.9279047627370681,26,Massachusetts,2023-08-14,variant_b
U03238,electronics_buyer,43,0.48415851000606036,22,New Hampshire,2026-01-06,variant_a
U03239,electronics_buyer,60,0.3640698190174555,28,Idaho,2024-07-13,variant_a
U03240,fashion_shopper,25,0.6756978401108577,15,Massachusetts,2024-07-04,variant_a
U03241,fashion_shopper,57,0.47415510935157734,11,Idaho,2024-03-10,variant_a
U03242,electronics_buyer,50,0.6351386085540801,16,Louisiana,2024-05-09,variant_a
U03243,electronics_buyer,62,0.4779872186103552,15,Maryland,2025-02-15,variant_b
U03244,electronics_buyer,46,0.23769620801035704,24,Wisconsin,2023-10-10,variant_b
U03245,fashion_shopper,22,0.5224840764930626,28,Arkansas,2024-06-06,control
U03246,electronics_buyer,45,0.7218260397469295,6,Mississippi,2026-04-15,variant_a
U03247,fashion_shopper,57,0.8193554269008848,14,Arkansas,2024-04-14,variant_a
U03248,hybrid,34,0.5439936491168922,11,Vermont,2023-10-31,variant_b
U03249,electronics_buyer,40,0.24871410118936083,26,New York,2025-11-22,variant_a
U03250,electronics_buyer,62,0.4732189386844884,20,Iowa,2024-05-30,variant_a
U03251,fashion_shopper,26,0.8076645359575284,10,South Carolina,2025-07-29,control
U03252,electronics_buyer,19,0.4715733435553656,16,Louisiana,2025-11-07,variant_a
U03253,fashion_shopper,49,0.7268777142438001,12,Illinois,2023-10-13,control
U03254,fashion_shopper,48,0.5564923135102808,7,Idaho,2026-01-24,control
U03255,fashion_shopper,24,0.317100812598457,7,Virginia,2024-07-15,control
U03256,electronics_buyer,47,0.8165354572207668,27,Missouri,2026-02-02,variant_b
U03257,fashion_shopper,20,0.17579210866361833,24,New York,2025-05-04,control
U03258,fashion_shopper,26,0.5724012544796355,18,Massachusetts,2024-03-23,variant_a
U03259,hybrid,27,0.28800193081906444,15,Utah,2025-12-05,variant_b
U03260,fashion_shopper,63,0.1603590656872381,27,Missouri,2024-01-19,control
U03261,electronics_buyer,64,0.552640543374924,6,Oregon,2026-05-05,variant_a
U03262,fashion_shopper,43,0.5496059403414313,19,Minnesota,2024-04-22,variant_a
U03263,fashion_shopper,18,0.7362108115081487,8,Illinois,2024-07-02,control
U03264,electronics_buyer,47,0.7702756237467144,20,Indiana,2026-03-14,variant_b
U03265,fashion_shopper,55,0.755012339823607,15,Michigan,2025-12-20,control
U03266,electronics_buyer,32,0.4686028596250795,4,Indiana,2024-07-14,variant_a
U03267,electronics_buyer,42,0.6685208085039063,18,Wisconsin,2025-09-06,variant_a
U03268,electronics_buyer,23,0.6192507183795642,13,Wyoming,2025-01-17,variant_a
U03269,electronics_buyer,35,0.47940558050522764,22,Missouri,2023-10-30,variant_b
U03270,fashion_shopper,18,0.6374914247673938,22,New York,2024-02-13,control
U03271,fashion_shopper,20,0.9525230890356363,1,Connecticut,2023-05-30,control
U03272,electronics_buyer,34,0.2736043693132396,28,Connecticut,2026-01-18,variant_b
U03273,electronics_buyer,25,0.9151948862069736,8,Tennessee,2025-07-26,variant_a
U03274,hybrid,57,0.14810996258487855,19,Tennessee,2026-04-02,variant_b
U03275,hybrid,34,0.37755029161149456,17,Oregon,2023-07-01,variant_b
U03276,hybrid,42,0.35933072375037545,10,Nevada,2023-07-06,variant_b
U03277,electronics_buyer,58,0.6637285970928152,1,Alabama,2025-04-15,variant_a
U03278,fashion_shopper,29,0.2181024565995613,1,Maryland,2024-01-18,control
U03279,electronics_buyer,46,0.8941128506557784,21,Wyoming,2026-01-11,variant_b
U03280,electronics_buyer,42,0.8456962676185371,5,Kansas,2024-12-30,variant_a
U03281,fashion_shopper,53,0.68685923771675,1,West Virginia,2025-01-05,control
U03282,hybrid,42,0.512572448612978,21,Connecticut,2025-10-28,variant_b
U03283,hybrid,46,0.9396604379278706,23,Illinois,2024-11-18,variant_b
U03284,electronics_buyer,28,0.8476718992485003,21,Georgia,2023-05-28,variant_a
U03285,fashion_shopper,21,0.5493836332731205,25,Hawaii,2023-06-22,control
U03286,fashion_shopper,31,0.7316860190088801,20,Virginia,2024-06-14,variant_a
U03287,hybrid,63,0.6102369569617161,13,Georgia,2026-04-02,variant_b
U03288,hybrid,55,0.629148014549438,9,Tennessee,2023-10-08,variant_b
U03289,fashion_shopper,34,0.39787846249372416,16,Vermont,2025-07-03,control
U03290,fashion_shopper,19,0.5158761441624071,28,Maryland,2025-09-11,control
U03291,hybrid,25,0.1703092877107698,8,Illinois,2025-08-03,variant_b
U03292,fashion_shopper,53,0.4216138224981333,14,Mississippi,2024-10-11,variant_a
U03293,electronics_buyer,27,0.7262456638259368,29,California,2024-07-09,variant_a
U03294,hybrid,24,0.9578944274555676,17,Illinois,2025-01-25,variant_b
U03295,fashion_shopper,53,0.9667577014867182,29,Michigan,2024-09-06,control
U03296,electronics_buyer,33,0.6001505822124025,4,Massachusetts,2023-12-17,variant_a
U03297,fashion_shopper,31,0.6459600266286238,7,Colorado,2023-07-15,control
U03298,fashion_shopper,33,0.26714906695087076,17,Georgia,2026-02-28,variant_a
U03299,hybrid,42,0.7257772972841776,28,Georgia,2025-12-29,variant_b
U03300,fashion_shopper,58,0.16359291340694762,24,Montana,2024-08-24,variant_a
U03301,hybrid,21,0.3562171172195001,16,Alaska,2023-09-26,variant_b
U03302,electronics_buyer,46,0.701527012556898,14,Colorado,2025-10-27,variant_a
U03303,fashion_shopper,23,0.3792791183891404,16,Mississippi,2024-06-08,control
U03304,fashion_shopper,18,0.1448621867030089,27,Missouri,2023-11-21,control
U03305,fashion_shopper,56,0.8486833684158674,2,Missouri,2024-04-12,variant_a
U03306,fashion_shopper,18,0.37929700642110675,24,Oregon,2023-09-04,variant_a
U03307,fashion_shopper,57,0.1567947023728106,15,Nebraska,2024-07-19,control
U03308,fashion_shopper,20,0.1673093480525787,11,Florida,2023-08-30,variant_a
U03309,electronics_buyer,18,0.3265829189098783,13,South Carolina,2024-01-01,variant_a
U03310,electronics_buyer,18,0.26021435249937364,4,Iowa,2025-07-08,variant_b
U03311,electronics_buyer,56,0.7968701060021357,24,New Jersey,2024-05-16,variant_a
U03312,electronics_buyer,38,0.38951564200033095,1,Illinois,2023-09-19,variant_b
U03313,fashion_shopper,62,0.8242262065358492,15,Connecticut,2024-01-25,control
U03314,fashion_shopper,47,0.25646139804083756,12,South Carolina,2024-02-18,control
U03315,electronics_buyer,49,0.5435912615896754,21,Arkansas,2024-09-27,variant_a
U03316,electronics_buyer,50,0.7192334201978159,9,Mississippi,2023-11-08,variant_a
U03317,fashion_shopper,39,0.6867917684792694,7,Louisiana,2024-08-21,control
U03318,hybrid,47,0.6410164689372418,3,Michigan,2026-02-06,variant_b
U03319,electronics_buyer,63,0.9323394417380528,16,Arizona,2025-06-08,variant_b
U03320,electronics_buyer,21,0.30567263293606994,4,Florida,2025-12-29,variant_a
U03321,fashion_shopper,40,0.5443472840158948,26,Arizona,2025-06-27,control
U03322,electronics_buyer,61,0.8955932950651678,23,West Virginia,2024-05-19,variant_b
U03323,electronics_buyer,42,0.17010438903564135,14,Ohio,2024-11-15,variant_a
U03324,electronics_buyer,29,0.15029944142776774,22,Florida,2025-03-10,variant_b
U03325,electronics_buyer,34,0.30997205880246226,13,North Dakota,2023-06-17,variant_b
U03326,hybrid,32,0.6697190975842167,29,Vermont,2023-06-27,variant_b
U03327,electronics_buyer,27,0.3338916638048262,20,North Dakota,2025-03-01,variant_a
U03328,fashion_shopper,52,0.2712158954279191,19,Kansas,2024-07-27,control
U03329,electronics_buyer,46,0.5129220838224628,27,Louisiana,2024-11-18,variant_b
U03330,electronics_buyer,29,0.6522382618924704,2,Wisconsin,2024-02-05,variant_a
U03331,electronics_buyer,18,0.3237019363150664,10,South Carolina,2025-06-21,variant_b
U03332,fashion_shopper,18,0.3706220680513679,28,Virginia,2025-07-02,control
U03333,fashion_shopper,27,0.6522033743303625,25,Delaware,2024-10-27,control
U03334,hybrid,35,0.9511645797905074,19,Massachusetts,2025-08-17,variant_b
U03335,electronics_buyer,64,0.7072675546942794,15,Utah,2026-01-29,variant_b
U03336,hybrid,19,0.804613729226104,7,New Jersey,2026-01-13,variant_b
U03337,electronics_buyer,25,0.4301290852799219,15,Missouri,2024-10-20,variant_b
U03338,electronics_buyer,39,0.3450289234460195,17,Texas,2024-10-16,variant_a
U03339,electronics_buyer,39,0.5088409688823603,24,Iowa,2023-07-29,variant_a
U03340,hybrid,43,0.8264195458405064,16,Wisconsin,2025-01-08,variant_b
U03341,electronics_buyer,43,0.5106696776115003,17,Arkansas,2025-07-03,variant_a
U03342,electronics_buyer,26,0.8620528679108749,28,Vermont,2023-07-09,variant_a
U03343,fashion_shopper,38,0.9898947826256144,16,Connecticut,2025-05-30,control
U03344,electronics_buyer,48,0.16482399915730273,18,North Dakota,2025-08-14,variant_a
U03345,electronics_buyer,60,0.14086914047533333,17,Illinois,2025-04-05,variant_b
U03346,fashion_shopper,23,0.23463073262202566,4,New Jersey,2024-02-03,control
U03347,fashion_shopper,31,0.4459327081609116,2,Utah,2023-06-16,control
U03348,fashion_shopper,50,0.21793798823088917,17,North Dakota,2025-01-30,control
U03349,fashion_shopper,24,0.8835980298568804,17,Washington,2024-04-13,control
U03350,fashion_shopper,41,0.12083162592435742,2,Utah,2024-01-29,control
U03351,fashion_shopper,26,0.3842134447022403,22,Florida,2024-08-08,variant_a
U03352,hybrid,28,0.2662251665447848,2,Georgia,2024-04-02,variant_b
U03353,electronics_buyer,40,0.938385397141779,29,Arizona,2025-11-30,variant_a
U03354,fashion_shopper,19,0.7025329044010251,15,Montana,2024-11-04,control
U03355,fashion_shopper,32,0.9208272308062371,29,Virginia,2025-02-18,control
U03356,electronics_buyer,52,0.9750958392793541,28,Michigan,2026-03-15,variant_b
U03357,fashion_shopper,53,0.5473884193096323,28,North Carolina,2024-04-26,variant_a
U03358,hybrid,45,0.31088719724322367,16,Oregon,2023-12-28,variant_b
U03359,electronics_buyer,56,0.2743559075769304,11,Vermont,2024-05-21,variant_a
U03360,electronics_buyer,61,0.3006269755172565,29,Oklahoma,2023-07-31,variant_b
U03361,fashion_shopper,21,0.7377339768598026,2,Minnesota,2025-01-25,control
U03362,electronics_buyer,27,0.13640115531070068,8,Utah,2026-03-03,variant_b
U03363,fashion_shopper,23,0.14622496572944338,21,Indiana,2023-07-19,control
U03364,hybrid,47,0.647328648144835,24,Virginia,2023-09-09,variant_b
U03365,electronics_buyer,63,0.6778514320636659,12,Pennsylvania,2024-11-07,variant_a
U03366,fashion_shopper,52,0.6987366318902141,14,Virginia,2024-11-20,control
U03367,fashion_shopper,60,0.4346924541297321,28,New York,2025-05-10,control
U03368,fashion_shopper,27,0.8253503998427378,14,Florida,2023-07-30,control
U03369,electronics_buyer,49,0.5802621289539558,24,Hawaii,2024-09-08,variant_b
U03370,fashion_shopper,59,0.1949190670084775,12,Arkansas,2024-02-04,control
U03371,electronics_buyer,59,0.8173893763606107,2,Mississippi,2023-09-29,variant_a
U03372,fashion_shopper,20,0.9577610076434124,14,Wisconsin,2025-01-14,control
U03373,electronics_buyer,43,0.1540326817021228,23,West Virginia,2025-09-19,variant_a
U03374,hybrid,32,0.45221620483052194,25,Vermont,2025-09-12,variant_b
U03375,electronics_buyer,34,0.5387644403512729,12,North Dakota,2025-06-12,variant_b
U03376,electronics_buyer,44,0.23182368407048526,24,Maine,2023-08-07,variant_b
U03377,fashion_shopper,35,0.8809380530045894,29,Minnesota,2023-11-10,control
U03378,fashion_shopper,36,0.3557346804010396,9,New York,2024-06-03,control
U03379,electronics_buyer,29,0.804707685944344,29,Kansas,2026-01-04,variant_b
U03380,fashion_shopper,41,0.7038950338254845,8,Illinois,2023-09-09,variant_a
U03381,fashion_shopper,22,0.638241240220321,20,Mississippi,2025-10-14,variant_a
U03382,fashion_shopper,41,0.272928563826899,16,New York,2024-06-17,control
U03383,fashion_shopper,44,0.2986331684958151,10,Ohio,2024-09-09,control
U03384,fashion_shopper,47,0.1426135642719124,7,Massachusetts,2025-02-25,control
U03385,hybrid,32,0.31664118680403974,15,Florida,2024-09-19,variant_b
U03386,fashion_shopper,64,0.4108992485144627,25,South Carolina,2024-07-05,control
U03387,electronics_buyer,55,0.8498307734761829,9,South Dakota,2025-04-02,variant_a
U03388,fashion_shopper,61,0.42975340004332474,4,California,2023-09-19,control
U03389,electronics_buyer,51,0.7791596044890458,23,Texas,2026-02-07,variant_a
U03390,fashion_shopper,44,0.49549805316593887,6,Alabama,2024-07-12,control
U03391,hybrid,37,0.8063814807944996,28,Michigan,2025-11-29,variant_b
U03392,hybrid,58,0.9786444403933359,12,Connecticut,2025-09-14,variant_b
U03393,fashion_shopper,49,0.31585740225182213,15,Maine,2024-09-16,control
U03394,hybrid,21,0.8761074507674885,19,Louisiana,2025-08-10,variant_b
U03395,hybrid,22,0.6596416776751972,26,Idaho,2023-09-03,variant_b
U03396,hybrid,25,0.8355648354297893,22,Louisiana,2025-12-23,variant_b
U03397,hybrid,39,0.6864273120410247,24,Maryland,2025-06-21,variant_b
U03398,fashion_shopper,59,0.4815545565467352,2,Michigan,2023-11-13,control
U03399,electronics_buyer,24,0.3052674454976113,28,Wyoming,2024-02-21,variant_a
U03400,fashion_shopper,39,0.16303170279804852,19,Mississippi,2025-10-13,control
U03401,fashion_shopper,63,0.5819665280146453,24,California,2025-03-03,control
U03402,hybrid,47,0.991293485074179,20,New Hampshire,2024-12-23,variant_b
U03403,fashion_shopper,54,0.7642376245127857,20,Alaska,2026-02-12,control
U03404,electronics_buyer,33,0.3946109872591149,2,New Hampshire,2025-05-02,variant_b
U03405,hybrid,32,0.8444843200780617,15,Idaho,2026-04-13,variant_b
U03406,hybrid,22,0.792085600158766,27,Alaska,2025-10-05,variant_b
U03407,hybrid,20,0.35347221401811113,26,South Carolina,2024-02-05,variant_b
U03408,fashion_shopper,40,0.11287674081481122,12,Nebraska,2025-11-29,control
U03409,fashion_shopper,27,0.20634637468055464,29,Montana,2023-05-30,control
U03410,fashion_shopper,22,0.8895755712808519,1,New York,2024-04-27,variant_a
U03411,fashion_shopper,40,0.8529067317743846,23,Indiana,2026-02-17,control
U03412,fashion_shopper,32,0.36568810079052616,14,Arkansas,2024-05-03,control
U03413,fashion_shopper,35,0.35667588365597835,4,South Dakota,2025-08-23,variant_a
U03414,electronics_buyer,42,0.813578488392224,22,Louisiana,2024-10-21,variant_b
U03415,electronics_buyer,25,0.9439637229058798,24,Texas,2025-03-07,variant_a
U03416,fashion_shopper,48,0.80122353111784,11,Nevada,2023-08-12,control
U03417,electronics_buyer,38,0.6450208093276854,7,Montana,2023-06-22,variant_a
U03418,fashion_shopper,19,0.31840421529862406,13,Minnesota,2025-12-29,control
U03419,fashion_shopper,39,0.5731731226857346,14,Montana,2026-02-01,control
U03420,electronics_buyer,25,0.31016067273393816,7,Indiana,2025-06-07,variant_b
U03421,electronics_buyer,40,0.8272102780870962,22,New Hampshire,2025-08-15,variant_a
U03422,electronics_buyer,49,0.44826497156596357,11,Louisiana,2025-01-22,variant_b
U03423,fashion_shopper,25,0.8503274952946236,20,Iowa,2023-07-10,control
U03424,hybrid,21,0.4434482961844528,20,Hawaii,2025-08-18,variant_b
U03425,electronics_buyer,47,0.8417344646799022,25,Missouri,2026-05-19,variant_a
U03426,electronics_buyer,36,0.39998603364871776,11,Delaware,2024-12-16,variant_a
U03427,electronics_buyer,40,0.49611943415590287,21,Virginia,2023-12-15,variant_a
U03428,hybrid,35,0.6539395774083918,9,Delaware,2024-09-15,variant_b
U03429,electronics_buyer,46,0.1632588526269268,27,Colorado,2025-04-09,variant_a
U03430,electronics_buyer,40,0.9533863556339179,28,Utah,2025-11-21,variant_a
U03431,hybrid,50,0.6162452075114229,25,Florida,2023-08-29,variant_b
U03432,electronics_buyer,64,0.5570380132217221,4,Delaware,2023-11-28,variant_b
U03433,fashion_shopper,35,0.8554545740079209,2,Washington,2026-03-27,variant_a
U03434,electronics_buyer,61,0.8791864569071448,2,California,2024-07-15,variant_b
U03435,fashion_shopper,50,0.5700343640761144,25,Kansas,2023-11-10,variant_a
U03436,fashion_shopper,24,0.9345360932142736,9,Connecticut,2024-09-23,control
U03437,electronics_buyer,45,0.15826398946883258,19,Maine,2025-06-20,variant_a
U03438,hybrid,18,0.2019032130260958,15,Alaska,2023-12-14,variant_b
U03439,hybrid,56,0.6371094070129961,21,Ohio,2023-08-23,variant_b
U03440,fashion_shopper,51,0.41865927561422533,21,Illinois,2024-08-21,variant_a
U03441,electronics_buyer,56,0.517802649570279,18,Hawaii,2026-05-07,variant_a
U03442,fashion_shopper,36,0.39527129610744993,16,Connecticut,2024-07-03,control
U03443,hybrid,48,0.46425278030044204,2,Maryland,2025-03-22,variant_b
U03444,hybrid,30,0.8403817124316695,26,Maine,2025-10-31,variant_b
U03445,electronics_buyer,41,0.6341285798688742,12,Idaho,2025-05-18,variant_a
U03446,hybrid,22,0.9976100943551485,29,New Hampshire,2023-08-24,variant_b
U03447,electronics_buyer,40,0.8081912780388666,1,Maryland,2026-03-31,variant_b
U03448,electronics_buyer,36,0.346299628691644,2,Massachusetts,2026-02-02,variant_a
U03449,fashion_shopper,18,0.3379106059540266,14,South Carolina,2025-03-10,control
U03450,electronics_buyer,50,0.40230844310530645,27,Oklahoma,2025-05-18,variant_a
U03451,electronics_buyer,50,0.8589335325829685,7,New York,2025-07-26,variant_b
U03452,electronics_buyer,49,0.12455888558550904,17,South Carolina,2025-03-28,variant_b
U03453,fashion_shopper,45,0.30716315098413194,15,South Dakota,2023-10-01,variant_a
U03454,hybrid,54,0.9144265783098402,17,North Carolina,2025-06-22,variant_b
U03455,fashion_shopper,58,0.6759067924749268,9,Colorado,2025-08-25,control
U03456,electronics_buyer,29,0.3041623859509508,13,Maine,2025-01-30,variant_a
U03457,electronics_buyer,26,0.29723047140932235,2,Mississippi,2026-04-29,variant_b
U03458,electronics_buyer,28,0.8763562915834875,27,Hawaii,2026-04-14,variant_b
U03459,electronics_buyer,50,0.9043817574493418,15,New York,2025-08-17,variant_a
U03460,fashion_shopper,36,0.33051798186590375,20,Washington,2024-05-27,control
U03461,fashion_shopper,59,0.478459322268879,11,Alaska,2023-08-28,control
U03462,electronics_buyer,51,0.8511361647654855,19,Maine,2025-06-23,variant_a
U03463,electronics_buyer,24,0.7939066947488969,14,Virginia,2023-07-23,variant_a
U03464,fashion_shopper,48,0.8325244959094761,27,Indiana,2025-07-19,control
U03465,electronics_buyer,19,0.5665583717091719,4,Indiana,2026-05-01,variant_b
U03466,electronics_buyer,36,0.9203941434746559,27,New Jersey,2026-05-18,variant_a
U03467,electronics_buyer,55,0.39335638955899177,11,Tennessee,2024-06-26,variant_a
U03468,hybrid,49,0.24100492091276624,16,Michigan,2025-09-12,variant_b
U03469,fashion_shopper,27,0.7378590993083783,23,Massachusetts,2023-06-01,control
U03470,fashion_shopper,58,0.5854189744062067,26,South Dakota,2024-08-17,control
U03471,electronics_buyer,25,0.8691271919285329,2,Wisconsin,2025-06-29,variant_b
U03472,electronics_buyer,43,0.17304332421224344,2,North Dakota,2025-05-13,variant_a
U03473,electronics_buyer,47,0.8593231630942602,9,Ohio,2024-10-03,variant_b
U03474,hybrid,28,0.36396518788793997,22,Missouri,2024-12-09,variant_b
U03475,hybrid,58,0.6893701004513647,27,New Jersey,2026-05-16,variant_b
U03476,hybrid,37,0.13611591017043023,23,Pennsylvania,2024-05-19,variant_b
U03477,electronics_buyer,37,0.6486231666732406,21,Texas,2024-07-04,variant_a
U03478,electronics_buyer,26,0.7455445202686024,29,Maryland,2025-09-20,variant_a
U03479,fashion_shopper,25,0.4318751930550583,21,Nevada,2024-08-15,variant_a
U03480,fashion_shopper,32,0.2938696347359262,4,New York,2025-09-28,control
U03481,electronics_buyer,51,0.5838676089431906,8,California,2024-07-27,variant_a
U03482,fashion_shopper,41,0.8498717239920819,23,Washington,2025-06-03,control
U03483,hybrid,50,0.3911926224669857,26,Idaho,2026-01-11,variant_b
U03484,electronics_buyer,58,0.3272223677691516,18,South Dakota,2024-11-15,variant_a
U03485,electronics_buyer,58,0.3510417777739189,15,Alaska,2024-04-05,variant_a
U03486,fashion_shopper,62,0.954218937624998,2,Maryland,2025-05-03,variant_a
U03487,fashion_shopper,57,0.4233492241881037,22,New Hampshire,2024-03-18,control
U03488,fashion_shopper,44,0.10324381589945847,28,Tennessee,2026-03-16,control
U03489,fashion_shopper,38,0.8035130871636578,11,Arizona,2025-02-09,variant_a
U03490,fashion_shopper,22,0.7293473158018512,17,Pennsylvania,2025-03-06,control
U03491,electronics_buyer,52,0.21571143814267202,7,Mississippi,2024-03-28,variant_a
U03492,hybrid,38,0.9864138242214212,8,Wyoming,2024-07-11,variant_b
U03493,hybrid,21,0.6472560567746001,10,Kansas,2026-03-28,variant_b
U03494,electronics_buyer,33,0.5507015418465413,24,Tennessee,2025-07-16,variant_a
U03495,fashion_shopper,48,0.44399734086060194,3,Wyoming,2025-07-27,control
U03496,hybrid,43,0.9088054800072741,13,New Hampshire,2024-08-25,variant_b
U03497,hybrid,52,0.31956713327670694,23,Alabama,2025-04-06,variant_b
U03498,fashion_shopper,23,0.3571920101979117,17,Pennsylvania,2025-10-31,control
U03499,electronics_buyer,50,0.21016972601791023,13,Missouri,2025-01-19,variant_b
U03500,fashion_shopper,38,0.7832071860258341,27,South Dakota,2023-07-11,control
U03501,hybrid,33,0.635994352365268,19,Illinois,2025-11-22,variant_b
U03502,hybrid,64,0.6481595523290484,29,Kansas,2023-07-24,variant_b
U03503,fashion_shopper,56,0.2966233879175173,22,Kentucky,2023-08-13,control
U03504,hybrid,51,0.6860515502143755,9,Alaska,2025-01-31,variant_b
U03505,electronics_buyer,59,0.7889126025221775,21,Massachusetts,2025-08-06,variant_a
U03506,hybrid,32,0.4220996776531204,29,Connecticut,2024-02-21,variant_b
U03507,electronics_buyer,23,0.821212429565541,16,California,2024-08-27,variant_a
U03508,hybrid,19,0.41391152967881883,5,Illinois,2023-09-08,variant_b
U03509,fashion_shopper,41,0.7823246153583588,9,South Carolina,2026-03-19,control
U03510,fashion_shopper,45,0.1303570967119471,28,Nebraska,2024-08-15,control
U03511,fashion_shopper,18,0.5960481413262874,9,Oregon,2026-01-12,control
U03512,hybrid,18,0.972573904575898,6,Idaho,2025-07-30,variant_b
U03513,hybrid,45,0.9831201406141516,21,Washington,2025-04-11,variant_b
U03514,hybrid,53,0.3535773205075665,10,Oklahoma,2023-07-05,variant_b
U03515,hybrid,37,0.4972591819723199,18,Utah,2023-10-20,variant_b
U03516,fashion_shopper,25,0.15668011718796976,11,Maine,2025-06-07,control
U03517,fashion_shopper,18,0.8860071768441398,24,Florida,2023-08-27,variant_a
U03518,fashion_shopper,43,0.6117149378261927,28,Missouri,2026-04-07,control
U03519,fashion_shopper,60,0.44659061104646536,24,Washington,2023-10-27,control
U03520,fashion_shopper,42,0.20149350264023777,15,Wisconsin,2025-11-02,control
U03521,electronics_buyer,27,0.9520905569472002,7,New Hampshire,2024-07-29,variant_a
U03522,fashion_shopper,29,0.5771971430388944,14,Kentucky,2024-11-15,control
U03523,fashion_shopper,58,0.3546351361746135,8,Alabama,2024-09-12,control
U03524,fashion_shopper,24,0.41519361711835856,19,Tennessee,2023-10-23,control
U03525,fashion_shopper,29,0.34362746282993295,15,Massachusetts,2024-04-07,control
U03526,hybrid,64,0.6416288279712826,19,Texas,2024-01-23,variant_b
U03527,electronics_buyer,57,0.9369672182024589,18,South Dakota,2024-05-07,variant_b
U03528,hybrid,34,0.8710244229939079,17,Tennessee,2025-08-18,variant_b
U03529,fashion_shopper,22,0.5143427878833797,3,Connecticut,2025-06-21,variant_a
U03530,fashion_shopper,31,0.8438494260709071,3,West Virginia,2024-08-25,control
U03531,electronics_buyer,51,0.4807949331486969,7,Arizona,2023-07-23,variant_b
U03532,fashion_shopper,34,0.32707642668277426,28,North Carolina,2024-02-23,control
U03533,fashion_shopper,52,0.9850736037397851,10,Arizona,2023-09-01,control
U03534,fashion_shopper,18,0.3734988111737396,25,Pennsylvania,2025-08-20,control
U03535,fashion_shopper,53,0.39135180788821755,28,Oregon,2025-10-12,control
U03536,fashion_shopper,32,0.99072358100787,17,Rhode Island,2024-03-28,control
U03537,fashion_shopper,36,0.2205347438490894,15,Mississippi,2023-10-07,variant_a
U03538,electronics_buyer,59,0.7844805892087255,8,Utah,2024-08-17,variant_b
U03539,fashion_shopper,22,0.9422314826344539,17,California,2024-01-24,control
U03540,fashion_shopper,36,0.5606154948478768,3,Virginia,2025-01-30,control
U03541,hybrid,60,0.10226958553253804,4,Massachusetts,2024-10-17,variant_b
U03542,fashion_shopper,56,0.43755304970179565,27,Montana,2025-10-28,control
U03543,fashion_shopper,22,0.2004120931463444,8,Maine,2024-03-08,variant_a
U03544,hybrid,29,0.47456889484032616,13,North Carolina,2025-06-03,variant_b
U03545,fashion_shopper,36,0.8110240854780563,1,Arizona,2026-03-13,control
U03546,fashion_shopper,64,0.49484039399542046,28,Mississippi,2024-10-09,control
U03547,electronics_buyer,29,0.4887326092113303,18,Pennsylvania,2024-11-21,variant_a
U03548,fashion_shopper,53,0.601110529226962,11,Hawaii,2023-12-18,control
U03549,electronics_buyer,29,0.6235215262729121,21,New Mexico,2023-10-20,variant_a
U03550,hybrid,35,0.8706666779190742,6,Mississippi,2024-10-13,variant_b
U03551,fashion_shopper,60,0.37751989530605634,16,New York,2025-04-16,control
U03552,electronics_buyer,51,0.8395041379312144,21,South Dakota,2023-06-07,variant_a
U03553,electronics_buyer,50,0.6093403738228426,29,Delaware,2024-07-04,variant_a
U03554,fashion_shopper,35,0.37047659474543226,19,Kansas,2025-05-22,control
U03555,electronics_buyer,46,0.36561343960546944,26,Iowa,2026-02-10,variant_a
U03556,fashion_shopper,62,0.4250237653951521,23,Montana,2024-12-07,control
U03557,electronics_buyer,22,0.660423918357978,28,Florida,2024-07-14,variant_a
U03558,fashion_shopper,42,0.30773055822395423,17,Arizona,2026-04-18,control
U03559,electronics_buyer,41,0.9283002055050407,18,Michigan,2025-03-14,variant_a
U03560,fashion_shopper,46,0.6174213257601103,11,Nebraska,2024-04-17,control
U03561,hybrid,55,0.928014199296406,14,North Carolina,2023-07-06,variant_b
U03562,fashion_shopper,50,0.14176392272123925,12,North Dakota,2025-07-11,control
U03563,fashion_shopper,27,0.40835023341532606,25,Arkansas,2024-09-19,variant_a
U03564,electronics_buyer,54,0.12052689461886078,20,North Carolina,2024-02-02,variant_a
U03565,electronics_buyer,50,0.34502663358817287,24,Kansas,2025-04-06,variant_b
U03566,electronics_buyer,40,0.8758058250417293,25,New Hampshire,2024-01-31,variant_a
U03567,electronics_buyer,28,0.13294874425798078,7,South Dakota,2025-05-09,variant_a
U03568,electronics_buyer,41,0.49253238992417037,17,Missouri,2025-08-25,variant_b
U03569,hybrid,41,0.20581036342590503,5,Texas,2024-03-13,variant_b
U03570,fashion_shopper,24,0.475156593334331,22,Iowa,2025-01-27,control
U03571,electronics_buyer,38,0.8549664258379396,14,Connecticut,2023-12-29,variant_a
U03572,hybrid,37,0.6607639300622672,27,Idaho,2025-11-16,variant_b
U03573,hybrid,27,0.7630807107982809,24,Minnesota,2025-10-19,variant_b
U03574,hybrid,42,0.41419370390462285,26,Texas,2023-08-23,variant_b
U03575,fashion_shopper,64,0.9499579255091273,13,West Virginia,2023-12-13,variant_a
U03576,fashion_shopper,53,0.7383358844015501,24,South Carolina,2024-07-19,control
U03577,electronics_buyer,64,0.47961893735607786,29,Michigan,2023-09-25,variant_a
U03578,electronics_buyer,32,0.48381832020434945,12,Missouri,2025-12-13,variant_b
U03579,electronics_buyer,61,0.9268157601489678,14,Alabama,2023-09-16,variant_a
U03580,electronics_buyer,57,0.6187642240918526,25,West Virginia,2024-11-19,variant_a
U03581,hybrid,57,0.7357412889127375,9,Alabama,2026-05-15,variant_b
U03582,fashion_shopper,23,0.4753317020618537,4,Vermont,2025-08-07,variant_a
U03583,hybrid,54,0.30132348828824274,22,New Hampshire,2024-02-02,variant_b
U03584,fashion_shopper,19,0.7512033627949767,19,Nevada,2024-11-03,variant_a
U03585,fashion_shopper,29,0.647041394927249,1,New Jersey,2023-11-05,control
U03586,electronics_buyer,21,0.5512085923823015,29,Nevada,2023-07-24,variant_a
U03587,electronics_buyer,40,0.6616188459950174,13,Arkansas,2026-04-30,variant_b
U03588,fashion_shopper,30,0.2874570274578103,6,Illinois,2023-10-09,control
U03589,fashion_shopper,34,0.8145448358787607,1,Maine,2025-01-29,control
U03590,hybrid,48,0.9533465245182752,25,Oregon,2025-05-09,variant_b
U03591,fashion_shopper,33,0.9019928297509324,27,West Virginia,2025-05-03,control
U03592,electronics_buyer,58,0.3892921707763154,22,Texas,2025-10-23,variant_a
U03593,electronics_buyer,43,0.4654051959538683,17,Missouri,2023-12-26,variant_a
U03594,electronics_buyer,45,0.827562069817805,27,Arizona,2024-02-03,variant_a
U03595,electronics_buyer,18,0.6356054177421434,29,Oregon,2023-09-21,variant_a
U03596,fashion_shopper,64,0.5931229993089843,3,Montana,2024-12-30,control
U03597,electronics_buyer,29,0.9339777707801007,17,Rhode Island,2025-10-13,variant_a
U03598,fashion_shopper,54,0.5824224648793457,2,Nebraska,2024-10-14,variant_a
U03599,electronics_buyer,37,0.563444811628579,22,Illinois,2024-03-23,variant_a
U03600,fashion_shopper,19,0.1378167321397237,7,California,2025-04-22,control
U03601,electronics_buyer,53,0.1624752627311239,1,Alaska,2026-05-08,variant_a
U03602,fashion_shopper,32,0.10667827709258516,26,Connecticut,2025-03-20,control
U03603,fashion_shopper,55,0.9219198032052702,21,Maine,2023-11-07,control
U03604,fashion_shopper,39,0.4675479940159306,22,Rhode Island,2025-03-25,control
U03605,fashion_shopper,61,0.5217052385200713,15,Alaska,2023-08-08,control
U03606,hybrid,49,0.8608482528332159,4,Nevada,2024-07-01,variant_b
U03607,fashion_shopper,37,0.6483216793382002,6,Georgia,2025-08-05,control
U03608,hybrid,53,0.6485514367515229,21,North Dakota,2023-12-17,variant_b
U03609,hybrid,50,0.3668809864193312,13,Hawaii,2023-07-22,variant_b
U03610,electronics_buyer,32,0.8505175365320673,29,Alaska,2025-05-14,variant_a
U03611,fashion_shopper,63,0.24924697843554441,27,New Mexico,2025-07-11,control
U03612,fashion_shopper,20,0.14783463295565313,23,Michigan,2025-10-11,variant_a
U03613,electronics_buyer,46,0.2724430217666791,13,Virginia,2023-10-05,variant_b
U03614,fashion_shopper,64,0.34096349689710825,20,Oregon,2026-05-14,variant_a
U03615,fashion_shopper,44,0.35407995206878606,1,Iowa,2024-12-30,control
U03616,electronics_buyer,22,0.7034622387568908,2,New Jersey,2025-08-07,variant_a
U03617,hybrid,48,0.29604212859577916,6,North Carolina,2026-04-20,variant_b
U03618,electronics_buyer,39,0.708992474045486,29,Virginia,2024-11-17,variant_b
U03619,fashion_shopper,52,0.18201895591041978,26,Wyoming,2024-01-06,control
U03620,electronics_buyer,24,0.23248221498811814,29,Georgia,2025-07-16,variant_b
U03621,fashion_shopper,23,0.5579393036418955,11,New Hampshire,2026-03-19,control
U03622,fashion_shopper,43,0.9297062223189784,18,California,2026-01-14,control
U03623,hybrid,18,0.8736108299300025,13,South Carolina,2023-07-20,variant_b
U03624,fashion_shopper,36,0.9718780981985228,21,Illinois,2025-11-06,control
U03625,fashion_shopper,24,0.6854311587503538,12,Rhode Island,2024-01-11,control
U03626,fashion_shopper,53,0.7082333797744828,20,Hawaii,2024-07-30,control
U03627,hybrid,29,0.6625206990383429,7,Montana,2025-08-21,variant_b
U03628,electronics_buyer,37,0.6605370305723776,20,Washington,2025-07-23,variant_b
U03629,electronics_buyer,40,0.2324083105608262,7,Hawaii,2025-12-26,variant_a
U03630,electronics_buyer,42,0.5893650605475358,27,Iowa,2025-12-23,variant_b
U03631,fashion_shopper,47,0.44746114010655313,24,Wisconsin,2024-07-20,control
U03632,electronics_buyer,46,0.4982834941995641,7,New Hampshire,2024-11-03,variant_a
U03633,fashion_shopper,48,0.5712405157533136,2,North Dakota,2024-06-14,variant_a
U03634,fashion_shopper,35,0.21555655462202644,11,California,2024-05-17,control
U03635,electronics_buyer,58,0.42353896046690787,1,Massachusetts,2023-07-16,variant_a
U03636,hybrid,36,0.15710460478894323,21,Florida,2023-09-13,variant_b
U03637,fashion_shopper,21,0.9817013173801592,29,Kansas,2024-11-07,control
U03638,fashion_shopper,18,0.20667522593811355,13,Utah,2024-06-23,control
U03639,fashion_shopper,58,0.3326722646904591,12,Utah,2024-08-18,control
U03640,fashion_shopper,32,0.9021636340330574,13,Idaho,2025-09-24,control
U03641,hybrid,25,0.5344390416152277,7,West Virginia,2025-04-17,variant_b
U03642,electronics_buyer,32,0.22207348136856728,12,Wisconsin,2024-01-27,variant_a
U03643,electronics_buyer,32,0.44580748423541405,17,Maryland,2026-05-19,variant_a
U03644,electronics_buyer,56,0.20428119477224727,27,Montana,2023-06-18,variant_b
U03645,fashion_shopper,39,0.2801943973760516,8,Mississippi,2024-09-27,control
U03646,electronics_buyer,35,0.14682686225486052,3,Oregon,2025-06-11,variant_a
U03647,fashion_shopper,33,0.49440474509418997,7,Ohio,2026-02-19,variant_a
U03648,electronics_buyer,19,0.8259725095527338,19,New Mexico,2023-10-12,variant_a
U03649,hybrid,53,0.6273722608299059,20,North Dakota,2024-12-08,variant_b
U03650,electronics_buyer,37,0.6457107749361506,8,New Mexico,2023-10-20,variant_b
U03651,fashion_shopper,33,0.2805256270749163,14,Indiana,2026-04-12,variant_a
U03652,hybrid,20,0.40950445892712983,14,Maryland,2024-05-29,variant_b
U03653,fashion_shopper,47,0.8607178934567488,2,New Hampshire,2025-11-10,control
U03654,fashion_shopper,19,0.1790705658938631,6,Vermont,2023-12-21,control
U03655,fashion_shopper,52,0.8721375883016803,16,Utah,2024-09-24,control
U03656,fashion_shopper,43,0.5353210236383071,26,Delaware,2024-08-07,variant_a
U03657,electronics_buyer,22,0.8534326881926055,9,Minnesota,2025-08-21,variant_a
U03658,electronics_buyer,19,0.3862057774549603,26,Missouri,2024-04-14,variant_a
U03659,hybrid,37,0.40495865642471873,25,Nevada,2025-04-27,variant_b
U03660,electronics_buyer,51,0.7764443814908285,21,North Dakota,2026-02-04,variant_a
U03661,electronics_buyer,51,0.8064965560529982,15,Alabama,2025-07-19,variant_a
U03662,fashion_shopper,37,0.3066802101911321,19,New Mexico,2024-02-26,control
U03663,fashion_shopper,42,0.9755841923397149,15,New Mexico,2023-11-01,control
U03664,electronics_buyer,37,0.17604109382034605,22,Illinois,2025-03-20,variant_a
U03665,fashion_shopper,42,0.1616526667919178,12,Vermont,2025-03-25,variant_a
U03666,hybrid,31,0.6359537937574925,9,Wisconsin,2026-01-02,variant_b
U03667,fashion_shopper,64,0.7504666909944593,16,Washington,2024-02-01,control
U03668,fashion_shopper,61,0.9647975163024765,6,New Jersey,2025-09-29,control
U03669,fashion_shopper,60,0.46445120271897544,20,South Carolina,2025-11-15,variant_a
U03670,fashion_shopper,60,0.12276226809066981,28,New Jersey,2025-12-07,control
U03671,fashion_shopper,56,0.6426067055017662,27,Louisiana,2025-04-03,control
U03672,electronics_buyer,29,0.36072641853889464,15,Illinois,2025-05-30,variant_b
U03673,fashion_shopper,22,0.48965240907586205,13,Texas,2024-06-09,control
U03674,electronics_buyer,19,0.5396225340249418,21,Iowa,2024-07-24,variant_a
U03675,fashion_shopper,33,0.15806134966423047,23,Georgia,2025-11-12,control
U03676,fashion_shopper,47,0.5373836061076925,10,Nebraska,2023-12-07,control
U03677,fashion_shopper,64,0.4836877001238833,14,New Hampshire,2025-01-21,variant_a
U03678,hybrid,60,0.7412898387579339,29,Virginia,2025-01-29,variant_b
U03679,fashion_shopper,55,0.6810993200911102,3,Maryland,2023-09-19,variant_a
U03680,electronics_buyer,62,0.2666941463355049,12,Vermont,2025-04-23,variant_b
U03681,fashion_shopper,59,0.2855250263893573,25,Georgia,2023-06-10,control
U03682,electronics_buyer,41,0.32590556089693595,1,Washington,2024-04-16,variant_b
U03683,fashion_shopper,47,0.2610553962674596,24,Illinois,2023-11-08,control
U03684,electronics_buyer,54,0.6914918797016204,21,Colorado,2024-08-30,variant_b
U03685,electronics_buyer,56,0.9949871612802434,16,Nebraska,2023-06-13,variant_a
U03686,hybrid,28,0.6868975064643429,10,Missouri,2024-04-08,variant_b
U03687,fashion_shopper,31,0.6460133915721621,9,Georgia,2026-05-10,variant_a
U03688,fashion_shopper,40,0.46893514001596526,18,Georgia,2024-09-04,control
U03689,fashion_shopper,33,0.38132223297378465,1,Vermont,2026-01-30,control
U03690,hybrid,38,0.9199663812158313,10,Delaware,2023-08-05,variant_b
U03691,electronics_buyer,21,0.9721016867279377,7,Idaho,2025-05-05,variant_a
U03692,electronics_buyer,50,0.547098558028955,10,Pennsylvania,2025-07-27,variant_b
U03693,fashion_shopper,64,0.3611804459559017,12,West Virginia,2026-05-19,control
U03694,fashion_shopper,31,0.7931099869027909,11,Maine,2023-11-07,variant_a
U03695,fashion_shopper,36,0.2192111117801906,9,Massachusetts,2025-01-20,control
U03696,hybrid,22,0.7890294138793134,5,Nevada,2026-04-19,variant_b
U03697,electronics_buyer,53,0.8370535368802048,27,Minnesota,2023-08-16,variant_a
U03698,hybrid,48,0.21241355016445063,4,Georgia,2023-10-08,variant_b
U03699,fashion_shopper,62,0.9791753219169074,20,Arizona,2023-12-10,control
U03700,electronics_buyer,35,0.9869610613496306,28,Texas,2025-11-24,variant_a
U03701,electronics_buyer,61,0.9430475313946161,13,California,2024-12-28,variant_b
U03702,fashion_shopper,48,0.5464313284656379,8,Kentucky,2024-07-11,control
U03703,hybrid,47,0.3214667280491456,16,North Carolina,2024-08-13,variant_b
U03704,hybrid,38,0.6238083527937216,1,Missouri,2026-04-13,variant_b
U03705,hybrid,64,0.47794045462429213,17,Iowa,2024-01-31,variant_b
U03706,electronics_buyer,47,0.2853537802454774,15,Montana,2026-05-01,variant_b
U03707,fashion_shopper,58,0.48130876865606287,24,New Hampshire,2024-09-03,control
U03708,fashion_shopper,21,0.6975008521098315,15,South Carolina,2024-04-29,control
U03709,hybrid,22,0.16382197970739196,18,Nebraska,2026-01-05,variant_b
U03710,fashion_shopper,58,0.40007620130141486,26,Rhode Island,2026-04-10,control
U03711,electronics_buyer,62,0.11601540101154267,6,Nevada,2024-12-09,variant_b
U03712,electronics_buyer,27,0.774545954915508,2,Louisiana,2024-11-16,variant_b
U03713,electronics_buyer,44,0.6766221408550307,5,Minnesota,2025-12-30,variant_a
U03714,hybrid,33,0.1564049212317693,19,Ohio,2025-07-16,variant_b
U03715,fashion_shopper,47,0.968263803641771,7,Oklahoma,2025-10-26,control
U03716,fashion_shopper,30,0.12035940141439061,9,South Carolina,2024-09-30,control
U03717,fashion_shopper,53,0.6309645818284797,2,Minnesota,2025-09-16,control
U03718,fashion_shopper,38,0.7987307156191502,7,Wyoming,2023-09-10,variant_a
U03719,fashion_shopper,62,0.8091066817402507,29,North Dakota,2023-09-21,control
U03720,fashion_shopper,57,0.1308566220338834,29,Alabama,2024-07-22,variant_a
U03721,hybrid,62,0.9157736193763953,24,West Virginia,2024-09-10,variant_b
U03722,hybrid,32,0.92660650473441,14,California,2024-06-30,variant_b
U03723,fashion_shopper,37,0.6052513358389354,26,Nebraska,2025-07-25,control
U03724,fashion_shopper,37,0.5338748789984316,24,Nebraska,2024-06-27,variant_a
U03725,hybrid,62,0.14038071675633984,23,Washington,2025-07-30,variant_b
U03726,fashion_shopper,22,0.6057587282588818,15,North Carolina,2024-04-30,control
U03727,fashion_shopper,49,0.4684411735932077,12,South Carolina,2024-03-06,control
U03728,fashion_shopper,23,0.7955257666677905,20,West Virginia,2023-10-11,control
U03729,electronics_buyer,47,0.4634952101974791,4,Kentucky,2025-02-01,variant_a
U03730,fashion_shopper,43,0.7152227499922388,26,Louisiana,2026-01-23,control
U03731,hybrid,54,0.19126733161377774,13,West Virginia,2025-07-16,variant_b
U03732,fashion_shopper,30,0.21965704368937025,29,Massachusetts,2024-10-13,variant_a
U03733,electronics_buyer,46,0.22573917158424253,9,Massachusetts,2025-04-23,variant_a
U03734,fashion_shopper,22,0.14097294981976918,12,Mississippi,2024-05-04,control
U03735,electronics_buyer,42,0.5871959733428235,10,Iowa,2025-01-16,variant_a
U03736,electronics_buyer,30,0.8145709534392723,9,New Mexico,2025-09-27,variant_a
U03737,electronics_buyer,41,0.6493700833242995,21,Massachusetts,2025-04-08,variant_b
U03738,electronics_buyer,48,0.6174593969975706,23,Massachusetts,2024-06-29,variant_b
U03739,electronics_buyer,37,0.7125615355624628,7,California,2025-06-05,variant_a
U03740,hybrid,25,0.40568079076481334,25,Iowa,2023-11-07,variant_b
U03741,hybrid,26,0.42575866448340605,12,Michigan,2024-10-09,variant_b
U03742,electronics_buyer,38,0.3828430883988303,16,Illinois,2023-08-29,variant_b
U03743,fashion_shopper,37,0.740898039568218,15,New Jersey,2023-09-08,control
U03744,fashion_shopper,32,0.24547630210369686,7,Maine,2024-01-30,control
U03745,fashion_shopper,43,0.11172275228163195,8,North Carolina,2024-02-04,control
U03746,electronics_buyer,59,0.6365768020502431,7,Wyoming,2026-05-04,variant_a
U03747,fashion_shopper,28,0.9481432282607849,11,Vermont,2024-05-18,variant_a
U03748,fashion_shopper,54,0.6484671252966743,4,Washington,2025-03-03,variant_a
U03749,hybrid,58,0.8046294876468056,28,Rhode Island,2025-01-11,variant_b
U03750,hybrid,28,0.7055116385194271,18,Indiana,2023-10-08,variant_b
U03751,hybrid,44,0.5476929881707147,19,Nebraska,2025-09-02,variant_b
U03752,fashion_shopper,47,0.7465531616054614,7,Colorado,2024-07-29,control
U03753,electronics_buyer,36,0.8416937114696996,27,Virginia,2024-11-28,variant_b
U03754,fashion_shopper,51,0.30225847975452824,27,New York,2026-03-12,control
U03755,fashion_shopper,55,0.40251743243483096,13,New Hampshire,2026-05-15,control
U03756,fashion_shopper,40,0.30135315925295547,9,North Dakota,2023-08-05,control
U03757,fashion_shopper,18,0.5069556600313969,29,Alabama,2023-07-20,variant_a
U03758,fashion_shopper,20,0.8965580958250008,27,Maryland,2025-12-19,variant_a
U03759,hybrid,20,0.41068639075179914,18,Illinois,2024-05-25,variant_b
U03760,fashion_shopper,45,0.4370202002174981,7,Michigan,2025-10-19,control
U03761,electronics_buyer,31,0.8743305112047386,20,New Jersey,2024-05-30,variant_b
U03762,electronics_buyer,47,0.5638368976702077,16,West Virginia,2025-01-04,variant_a
U03763,fashion_shopper,22,0.581904099682691,23,Michigan,2024-02-07,control
U03764,electronics_buyer,32,0.8747210829989915,28,Colorado,2025-08-04,variant_a
U03765,fashion_shopper,55,0.5414740633229259,5,Tennessee,2024-08-28,control
U03766,electronics_buyer,31,0.7134017811664557,7,Washington,2026-01-15,variant_a
U03767,fashion_shopper,31,0.17708019928665464,6,Massachusetts,2025-12-29,variant_a
U03768,fashion_shopper,25,0.2607685418141968,29,Virginia,2024-11-17,control
U03769,fashion_shopper,25,0.463938580644621,2,Virginia,2024-04-10,control
U03770,electronics_buyer,36,0.5453551610378874,28,Maryland,2023-12-17,variant_a
U03771,hybrid,49,0.9691603311126066,7,Texas,2024-08-31,variant_b
U03772,fashion_shopper,48,0.973586469743011,21,Nevada,2025-01-28,variant_a
U03773,electronics_buyer,46,0.8660773787308855,9,Maine,2024-03-17,variant_b
U03774,electronics_buyer,58,0.3840389517570171,13,Virginia,2025-07-16,variant_a
U03775,hybrid,28,0.9676254617491957,29,Rhode Island,2024-12-20,variant_b
U03776,hybrid,62,0.7204067782085913,27,Alaska,2026-03-05,variant_b
U03777,electronics_buyer,30,0.4536461150356603,17,Missouri,2024-03-12,variant_a
U03778,electronics_buyer,44,0.7315074252862898,17,Michigan,2024-01-28,variant_a
U03779,hybrid,36,0.11487045680787393,15,Alabama,2024-06-01,variant_b
U03780,fashion_shopper,43,0.23153921404679223,18,Georgia,2025-06-18,variant_a
U03781,fashion_shopper,54,0.846717140400731,24,Arizona,2024-04-07,control
U03782,fashion_shopper,26,0.681016273185854,15,Wyoming,2025-02-19,control
U03783,hybrid,45,0.42777523116269567,11,Montana,2023-08-07,variant_b
U03784,hybrid,49,0.5505999762004469,25,Maine,2024-11-29,variant_b
U03785,fashion_shopper,20,0.9146279346811903,27,Connecticut,2023-09-20,control
U03786,electronics_buyer,49,0.6684202985311779,27,Kentucky,2024-01-30,variant_a
U03787,electronics_buyer,22,0.4583343555408972,12,Illinois,2024-05-29,variant_a
U03788,fashion_shopper,25,0.2082939916577815,23,North Carolina,2025-04-28,control
U03789,hybrid,31,0.3643721214630049,17,Indiana,2025-12-05,variant_b
U03790,fashion_shopper,20,0.980506209516925,12,Missouri,2025-02-18,control
U03791,fashion_shopper,41,0.4936267565665998,7,Idaho,2025-01-30,control
U03792,electronics_buyer,30,0.5246555174603748,29,Massachusetts,2024-05-26,variant_a
U03793,electronics_buyer,60,0.5487382291573139,24,Florida,2025-04-09,variant_b
U03794,fashion_shopper,46,0.89569362065339,7,Minnesota,2025-02-06,control
U03795,electronics_buyer,25,0.6435354559467789,29,North Dakota,2024-05-22,variant_a
U03796,electronics_buyer,59,0.7243093328067299,28,Michigan,2024-06-23,variant_a
U03797,fashion_shopper,48,0.45047218829419355,21,Montana,2025-11-19,control
U03798,fashion_shopper,43,0.12617885673007692,28,Rhode Island,2025-02-16,control
U03799,electronics_buyer,35,0.9378756228185599,23,Wisconsin,2025-08-24,variant_a
U03800,fashion_shopper,35,0.9542149128247658,10,Vermont,2024-10-11,control
U03801,hybrid,24,0.954237748013246,16,North Dakota,2026-01-07,variant_b
U03802,hybrid,55,0.9493183779820449,11,Louisiana,2023-06-23,variant_b
U03803,hybrid,33,0.8337177469626049,16,Alaska,2023-12-25,variant_b
U03804,fashion_shopper,50,0.7161364451046942,2,Arizona,2023-07-13,control
U03805,hybrid,20,0.860058926440557,25,Texas,2026-04-13,variant_b
U03806,fashion_shopper,55,0.6404916151009326,2,Rhode Island,2026-01-13,variant_a
U03807,fashion_shopper,21,0.22093265250282126,18,Connecticut,2023-10-27,variant_a
U03808,fashion_shopper,53,0.452096348537279,5,Arkansas,2025-02-14,control
U03809,fashion_shopper,21,0.9741654207756437,14,Idaho,2023-07-29,control
U03810,electronics_buyer,59,0.41602403223609075,8,North Carolina,2024-07-07,variant_b
U03811,electronics_buyer,26,0.8810451223582325,6,West Virginia,2025-05-20,variant_a
U03812,fashion_shopper,57,0.18389032369738262,28,Alaska,2024-01-18,control
U03813,electronics_buyer,34,0.40076545813792264,9,Wyoming,2026-02-25,variant_a
U03814,fashion_shopper,34,0.4158579922546417,6,Ohio,2024-10-21,control
U03815,electronics_buyer,50,0.14644228879808216,21,Maine,2024-05-16,variant_a
U03816,fashion_shopper,37,0.20718489716807947,17,Louisiana,2025-12-17,variant_a
U03817,hybrid,31,0.2738486900095939,8,Nevada,2024-12-02,variant_b
U03818,hybrid,39,0.8540340317291016,3,Montana,2024-01-05,variant_b
U03819,electronics_buyer,44,0.15706179094582576,12,Minnesota,2023-12-28,variant_a
U03820,fashion_shopper,60,0.36883081120994854,13,North Carolina,2023-11-19,variant_a
U03821,fashion_shopper,20,0.10915750233034077,18,Arkansas,2025-10-18,variant_a
U03822,hybrid,41,0.7260649708627223,23,Washington,2024-03-31,variant_b
U03823,fashion_shopper,47,0.6582727810390419,11,Missouri,2025-01-25,control
U03824,fashion_shopper,25,0.6804840358478276,2,Connecticut,2025-08-05,control
U03825,fashion_shopper,39,0.43694450624315684,14,Delaware,2023-06-01,control
U03826,electronics_buyer,42,0.28744103914081215,1,Pennsylvania,2023-12-10,variant_a
U03827,electronics_buyer,27,0.74828819195743,27,Hawaii,2024-04-27,variant_a
U03828,hybrid,46,0.8300060854666256,15,Illinois,2023-11-02,variant_b
U03829,fashion_shopper,57,0.2247413482883816,29,Michigan,2025-09-01,control
U03830,fashion_shopper,18,0.5381464851436792,18,Montana,2026-03-18,variant_a
U03831,hybrid,38,0.3238441137809763,22,Maryland,2026-02-20,variant_b
U03832,hybrid,56,0.2512961750855204,18,California,2025-02-21,variant_b
U03833,fashion_shopper,41,0.7608927821454992,17,Georgia,2023-06-23,variant_a
U03834,electronics_buyer,26,0.5842872419255533,1,Maine,2026-04-14,variant_a
U03835,fashion_shopper,61,0.294566799140801,14,Idaho,2024-11-30,control
U03836,hybrid,43,0.37900001009039064,20,Nevada,2023-12-11,variant_b
U03837,fashion_shopper,26,0.9699883041949682,24,Maryland,2024-05-30,control
U03838,hybrid,37,0.863811608237701,22,Washington,2025-10-20,variant_b
U03839,electronics_buyer,52,0.8919520685858155,16,New Jersey,2023-10-31,variant_b
U03840,electronics_buyer,53,0.5140108873726372,4,North Dakota,2024-08-04,variant_a
U03841,fashion_shopper,59,0.6614265375287876,22,Nevada,2025-05-14,control
U03842,electronics_buyer,53,0.4390909661839705,6,Florida,2024-05-30,variant_a
U03843,fashion_shopper,26,0.1699407781200015,25,Massachusetts,2024-06-06,variant_a
U03844,fashion_shopper,39,0.4609623795911043,16,Maine,2025-04-05,control
U03845,electronics_buyer,18,0.6345826778864302,20,California,2024-12-06,variant_a
U03846,hybrid,22,0.35842984369131825,6,Vermont,2025-10-17,variant_b
U03847,electronics_buyer,26,0.8631555172546742,15,Arkansas,2025-01-01,variant_a
U03848,electronics_buyer,54,0.23599014325713877,26,Arkansas,2024-02-12,variant_b
U03849,fashion_shopper,55,0.43041618049322794,1,South Carolina,2023-06-18,control
U03850,fashion_shopper,36,0.21241351479178264,7,Kansas,2026-04-25,variant_a
U03851,fashion_shopper,25,0.46434892058670285,23,Kansas,2025-11-23,control
U03852,electronics_buyer,59,0.13569517447684343,11,Oklahoma,2026-05-03,variant_a
U03853,hybrid,60,0.3452944555554809,1,Oregon,2025-03-24,variant_b
U03854,electronics_buyer,49,0.46066172960231533,8,Virginia,2025-05-21,variant_a
U03855,fashion_shopper,30,0.5303488269490224,14,Colorado,2024-12-07,control
U03856,fashion_shopper,37,0.5893267226276276,5,Tennessee,2023-07-23,variant_a
U03857,electronics_buyer,53,0.347492016810927,13,Kansas,2024-11-26,variant_a
U03858,fashion_shopper,60,0.5707372011533851,15,Michigan,2025-02-22,variant_a
U03859,hybrid,61,0.5581041594058539,9,Ohio,2025-03-16,variant_b
U03860,hybrid,54,0.3845602457885876,8,Oregon,2025-07-27,variant_b
U03861,electronics_buyer,47,0.8471802975908305,19,Connecticut,2024-10-29,variant_a
U03862,fashion_shopper,27,0.5910770139342086,17,Washington,2026-01-03,variant_a
U03863,fashion_shopper,48,0.39904274687189045,19,West Virginia,2024-05-19,control
U03864,fashion_shopper,42,0.9526046608726988,18,Texas,2024-12-25,control
U03865,fashion_shopper,46,0.8606011717640449,18,Virginia,2025-07-16,variant_a
U03866,fashion_shopper,41,0.9843290303966208,27,Maine,2025-03-21,variant_a
U03867,electronics_buyer,56,0.7230104871808787,4,Maryland,2023-07-22,variant_b
U03868,electronics_buyer,38,0.44040061495544225,2,Georgia,2024-12-02,variant_a
U03869,fashion_shopper,58,0.35277460001111116,24,Maryland,2024-04-03,control
U03870,fashion_shopper,26,0.6969860593070328,5,Mississippi,2023-08-09,variant_a
U03871,fashion_shopper,59,0.9827349242457734,17,South Dakota,2024-07-23,control
U03872,fashion_shopper,59,0.6640435720934639,22,New Hampshire,2025-12-15,control
U03873,hybrid,19,0.8934534468908544,28,Pennsylvania,2025-02-13,variant_b
U03874,fashion_shopper,21,0.3961930879429918,7,Indiana,2023-07-19,control
U03875,fashion_shopper,25,0.46625840422683007,29,Ohio,2026-03-25,variant_a
U03876,fashion_shopper,49,0.9156477156304179,16,Iowa,2024-11-01,control
U03877,hybrid,31,0.7811800317620369,1,Connecticut,2024-11-28,variant_b
U03878,electronics_buyer,30,0.9832692883311152,29,Rhode Island,2025-02-07,variant_a
U03879,fashion_shopper,38,0.7972877887590177,12,Ohio,2025-12-22,control
U03880,electronics_buyer,41,0.5036641364964086,19,Arizona,2024-09-23,variant_a
U03881,electronics_buyer,35,0.5779612178401268,9,Vermont,2023-12-23,variant_b
U03882,hybrid,62,0.910463943216823,16,Wyoming,2024-12-08,variant_b
U03883,fashion_shopper,57,0.5964820624882432,29,Michigan,2025-04-23,control
U03884,hybrid,43,0.32985763674800067,7,Ohio,2026-03-18,variant_b
U03885,hybrid,49,0.49205783149295446,29,California,2024-09-11,variant_b
U03886,hybrid,61,0.5646843899642061,15,Missouri,2024-08-16,variant_b
U03887,electronics_buyer,50,0.1870478501960166,12,Wisconsin,2025-06-24,variant_a
U03888,electronics_buyer,48,0.7693864068276012,4,Florida,2025-06-14,variant_a
U03889,fashion_shopper,35,0.19841854001947573,6,Nebraska,2025-08-03,variant_a
U03890,electronics_buyer,52,0.4644259420319251,6,Kentucky,2025-09-13,variant_b
U03891,electronics_buyer,29,0.824160197386364,15,Pennsylvania,2023-08-23,variant_a
U03892,electronics_buyer,42,0.5208133254519672,28,Maryland,2024-09-20,variant_b
U03893,fashion_shopper,62,0.8578139677466572,3,North Dakota,2025-11-17,variant_a
U03894,electronics_buyer,48,0.4076931898505035,2,South Dakota,2024-11-16,variant_b
U03895,hybrid,27,0.9618726645985919,5,Kansas,2025-08-07,variant_b
U03896,fashion_shopper,64,0.288521588624712,8,Michigan,2024-02-08,control
U03897,hybrid,51,0.1344377304903712,19,Michigan,2026-05-04,variant_b
U03898,electronics_buyer,20,0.8851838886913767,21,Utah,2023-11-13,variant_a
U03899,hybrid,63,0.7769824443553673,16,Nevada,2026-05-13,variant_b
U03900,fashion_shopper,56,0.30878545336063556,19,New Jersey,2024-06-10,variant_a
U03901,fashion_shopper,25,0.9862674464230066,23,Arizona,2026-02-08,variant_a
U03902,hybrid,49,0.5520521163416751,16,Massachusetts,2023-10-31,variant_b
U03903,fashion_shopper,60,0.9559588961297472,6,Connecticut,2024-04-26,control
U03904,hybrid,46,0.5545258942482993,22,Mississippi,2025-04-18,variant_b
U03905,electronics_buyer,39,0.524687128094162,1,Pennsylvania,2024-03-08,variant_a
U03906,electronics_buyer,37,0.5042246834300186,18,Maine,2024-04-05,variant_a
U03907,fashion_shopper,23,0.4013877485196552,22,Arkansas,2025-12-21,control
U03908,electronics_buyer,60,0.5803313474588966,8,North Carolina,2024-03-29,variant_a
U03909,fashion_shopper,46,0.5072991957537111,5,Colorado,2026-02-03,control
U03910,fashion_shopper,59,0.13307218896119874,12,Alabama,2026-01-25,control
U03911,fashion_shopper,34,0.33439171008115226,18,Hawaii,2023-08-10,control
U03912,fashion_shopper,48,0.2918105200950026,5,Delaware,2023-09-11,control
U03913,hybrid,51,0.8806920420889599,25,New York,2023-11-28,variant_b
U03914,hybrid,55,0.6389829795041573,22,Delaware,2023-12-01,variant_b
U03915,fashion_shopper,54,0.7873147904047547,29,Illinois,2023-12-31,variant_a
U03916,electronics_buyer,21,0.9611434339743525,13,Maryland,2025-04-10,variant_b
U03917,fashion_shopper,19,0.679635345273769,21,Ohio,2024-02-13,variant_a
U03918,electronics_buyer,29,0.98434899226427,26,Indiana,2023-07-23,variant_b
U03919,hybrid,52,0.3805876464869167,22,California,2024-08-31,variant_b
U03920,hybrid,23,0.26764046408160447,29,Georgia,2024-08-24,variant_b
U03921,fashion_shopper,63,0.46297889919362034,12,Nebraska,2025-12-05,variant_a
U03922,electronics_buyer,25,0.5237194734422272,16,Mississippi,2025-07-09,variant_b
U03923,fashion_shopper,38,0.9058253885673265,14,Washington,2026-03-03,control
U03924,hybrid,63,0.6039463951330087,11,North Carolina,2023-06-07,variant_b
U03925,fashion_shopper,52,0.3629628994762153,28,New Mexico,2024-07-13,control
U03926,electronics_buyer,32,0.7683708545807688,9,Georgia,2025-09-10,variant_a
U03927,electronics_buyer,24,0.5552487434251638,23,New York,2023-11-20,variant_a
U03928,electronics_buyer,32,0.24591875074765315,10,Arizona,2026-02-12,variant_b
U03929,fashion_shopper,62,0.619137808832127,16,Vermont,2025-01-29,control
U03930,hybrid,23,0.9202550831265555,19,New York,2023-11-18,variant_b
U03931,fashion_shopper,64,0.8583603557282381,10,Kansas,2024-09-13,control
U03932,electronics_buyer,34,0.628128975371798,26,Colorado,2026-04-24,variant_a
U03933,fashion_shopper,21,0.43937485649648933,21,West Virginia,2025-10-26,control
U03934,fashion_shopper,39,0.17828087595779005,4,Tennessee,2024-05-15,control
U03935,electronics_buyer,49,0.5226840309984614,27,Kentucky,2025-04-01,variant_a
U03936,fashion_shopper,39,0.7768714937766212,21,Pennsylvania,2024-12-28,variant_a
U03937,fashion_shopper,44,0.4242463477597096,8,Wisconsin,2023-10-28,control
U03938,fashion_shopper,63,0.311902142996498,11,California,2024-08-16,control
U03939,fashion_shopper,32,0.9382417473438581,6,Wisconsin,2025-06-14,variant_a
U03940,electronics_buyer,61,0.8394001304121932,4,New York,2025-05-02,variant_b
U03941,hybrid,39,0.6744480574781302,21,South Dakota,2024-11-19,variant_b
U03942,fashion_shopper,45,0.22310500952846746,27,Indiana,2026-05-18,control
U03943,fashion_shopper,59,0.23041795636555573,23,New Mexico,2023-11-20,variant_a
U03944,fashion_shopper,55,0.19289763231020107,24,West Virginia,2024-06-23,control
U03945,fashion_shopper,26,0.6546670002034689,5,Nebraska,2024-07-10,control
U03946,electronics_buyer,51,0.2040065168260024,18,Illinois,2025-08-15,variant_a
U03947,electronics_buyer,53,0.8583644789763697,22,Missouri,2025-03-04,variant_a
U03948,fashion_shopper,26,0.99366850163739,25,Kansas,2024-07-04,control
U03949,fashion_shopper,32,0.42971336623779877,3,New York,2026-01-16,control
U03950,fashion_shopper,62,0.5083028622703877,7,Indiana,2024-11-02,control
U03951,hybrid,37,0.7405004592871108,24,Alaska,2026-01-12,variant_b
U03952,hybrid,25,0.9434377056931892,22,Mississippi,2026-03-28,variant_b
U03953,fashion_shopper,45,0.9046843962007466,12,Rhode Island,2025-09-25,control
U03954,fashion_shopper,36,0.15183264587486373,3,Michigan,2026-04-22,control
U03955,hybrid,33,0.2521646223010885,17,Hawaii,2023-10-31,variant_b
U03956,hybrid,28,0.779137478702013,3,Minnesota,2025-08-18,variant_b
U03957,fashion_shopper,59,0.7200037972292026,11,Montana,2023-08-13,variant_a
U03958,fashion_shopper,25,0.21989673463611092,6,Nevada,2025-08-25,control
U03959,fashion_shopper,50,0.551858123801411,11,Massachusetts,2024-06-03,control
U03960,electronics_buyer,27,0.802733167976766,4,Kentucky,2024-01-01,variant_a
U03961,fashion_shopper,35,0.29690261403642426,17,Pennsylvania,2023-08-28,variant_a
U03962,fashion_shopper,52,0.8841588721611996,22,Rhode Island,2025-04-17,control
U03963,electronics_buyer,60,0.1476745973383312,1,Arizona,2026-02-26,variant_a
U03964,fashion_shopper,20,0.8039755765612665,12,New Hampshire,2025-10-17,control
U03965,electronics_buyer,57,0.6542370098108832,24,Georgia,2024-12-04,variant_b
U03966,fashion_shopper,44,0.3836794119889142,3,Missouri,2024-06-10,control
U03967,fashion_shopper,45,0.7488392935077202,16,South Carolina,2025-07-26,control
U03968,electronics_buyer,63,0.8041292156360437,3,Montana,2026-01-06,variant_a
U03969,fashion_shopper,23,0.9405090741735723,14,South Carolina,2024-12-23,variant_a
U03970,hybrid,64,0.4309972049388373,17,Delaware,2026-03-25,variant_b
U03971,electronics_buyer,31,0.7174150623819594,19,Arizona,2024-10-19,variant_a
U03972,fashion_shopper,24,0.6423546492412218,7,North Dakota,2025-10-23,control
U03973,electronics_buyer,27,0.5726854625113796,26,North Dakota,2024-08-29,variant_b
U03974,fashion_shopper,32,0.9013748267395341,24,South Carolina,2024-01-26,control
U03975,hybrid,48,0.1028505827245603,11,Tennessee,2023-08-31,variant_b
U03976,fashion_shopper,46,0.35390044549323785,16,New Jersey,2024-03-20,variant_a
U03977,electronics_buyer,59,0.5844495155903471,24,Virginia,2025-01-25,variant_a
U03978,fashion_shopper,34,0.26046393547289715,19,Virginia,2023-05-30,control
U03979,fashion_shopper,46,0.9170798803594824,5,West Virginia,2024-01-01,variant_a
U03980,hybrid,61,0.6828356058517138,1,Delaware,2025-06-30,variant_b
U03981,hybrid,32,0.5300946951687909,25,New Hampshire,2026-02-14,variant_b
U03982,fashion_shopper,43,0.8332315831599891,24,Georgia,2024-11-10,control
U03983,fashion_shopper,29,0.5057975723185935,10,Iowa,2024-07-28,control
U03984,hybrid,42,0.6027877107370085,18,Mississippi,2024-07-22,variant_b
U03985,hybrid,58,0.10247589599852891,10,Louisiana,2026-01-22,variant_b
U03986,fashion_shopper,22,0.4291304771755662,1,Massachusetts,2025-11-28,control
U03987,electronics_buyer,21,0.22491142511587278,29,Washington,2024-11-26,variant_a
U03988,fashion_shopper,61,0.720719812596062,13,Connecticut,2025-01-23,control
U03989,hybrid,58,0.5311242630781604,4,Rhode Island,2023-10-19,variant_b
U03990,fashion_shopper,48,0.3715818015252077,25,Colorado,2024-03-09,control
U03991,fashion_shopper,20,0.5210491054345682,12,Virginia,2025-07-13,control
U03992,electronics_buyer,20,0.2886668991562116,24,Louisiana,2024-03-18,variant_b
U03993,fashion_shopper,43,0.9325779692375264,16,Rhode Island,2024-10-24,control
U03994,electronics_buyer,34,0.1485753692958217,19,Oklahoma,2025-12-14,variant_a
U03995,fashion_shopper,27,0.8788753317665083,26,North Carolina,2024-07-28,variant_a
U03996,fashion_shopper,19,0.5602229098600159,12,Connecticut,2024-01-01,control
U03997,fashion_shopper,41,0.6570518465249355,6,Alaska,2026-01-04,variant_a
U03998,electronics_buyer,28,0.3723450588178334,16,Nevada,2026-01-28,variant_a
U03999,fashion_shopper,41,0.9700278551148892,12,Kentucky,2023-08-07,control
U04000,electronics_buyer,52,0.35366586266754085,25,Louisiana,2026-01-30,variant_a
U04001,hybrid,40,0.6299901974262738,26,Kansas,2025-06-03,variant_b
U04002,electronics_buyer,49,0.994075034596416,24,Colorado,2024-05-24,variant_b
U04003,fashion_shopper,40,0.8929849567451011,10,Mississippi,2023-11-04,control
U04004,fashion_shopper,51,0.5826968427574954,5,Mississippi,2025-12-26,control
U04005,fashion_shopper,58,0.9913370706704908,28,Hawaii,2025-04-18,control
U04006,fashion_shopper,36,0.7312328755593531,29,Nevada,2023-08-11,variant_a
U04007,fashion_shopper,19,0.2878303745276284,28,Mississippi,2024-02-03,variant_a
U04008,electronics_buyer,19,0.4650365893922258,25,Kansas,2024-08-08,variant_b
U04009,fashion_shopper,32,0.4010440006103959,25,South Dakota,2023-06-24,control
U04010,fashion_shopper,38,0.4096123374440702,19,Alaska,2024-06-30,control
U04011,fashion_shopper,52,0.7844107954238797,12,Missouri,2025-01-08,variant_a
U04012,electronics_buyer,22,0.6258366345455142,8,Ohio,2024-07-16,variant_b
U04013,fashion_shopper,60,0.1342834404305757,4,Wisconsin,2024-04-05,control
U04014,electronics_buyer,44,0.8897036352858785,26,South Dakota,2025-07-02,variant_a
U04015,fashion_shopper,41,0.3671165264321481,7,Oregon,2024-01-10,control
U04016,hybrid,24,0.9973673892218293,26,North Carolina,2025-07-25,variant_b
U04017,hybrid,23,0.9587716573013072,24,Wyoming,2023-10-25,variant_b
U04018,fashion_shopper,63,0.9464776450137686,23,California,2023-05-31,control
U04019,fashion_shopper,50,0.8300148436575763,5,Idaho,2026-05-19,control
U04020,fashion_shopper,34,0.2985519985151883,11,Colorado,2025-11-08,variant_a
U04021,fashion_shopper,63,0.5793694696259039,17,Ohio,2023-09-19,control
U04022,electronics_buyer,59,0.30187236414247715,28,New Mexico,2025-05-30,variant_b
U04023,hybrid,47,0.3337079100300543,24,Utah,2023-09-07,variant_b
U04024,electronics_buyer,25,0.6498565924926496,21,Wyoming,2023-07-30,variant_b
U04025,hybrid,57,0.13675019081775705,3,Wyoming,2026-01-25,variant_b
U04026,fashion_shopper,63,0.9725127101386368,2,Louisiana,2025-01-01,variant_a
U04027,fashion_shopper,24,0.926805855320168,19,Minnesota,2024-06-13,control
U04028,electronics_buyer,23,0.44269081494194784,29,Washington,2024-11-22,variant_b
U04029,fashion_shopper,21,0.5638802032062218,25,Maine,2024-03-13,variant_a
U04030,electronics_buyer,18,0.5195074773409831,2,Kansas,2026-05-17,variant_b
U04031,fashion_shopper,32,0.8939798007557228,14,New York,2026-01-27,control
U04032,fashion_shopper,48,0.7197416886845,26,Wyoming,2024-10-21,control
U04033,hybrid,42,0.3503001226819208,1,Vermont,2025-02-08,variant_b
U04034,fashion_shopper,64,0.5021571290187672,16,Massachusetts,2024-11-27,control
U04035,hybrid,50,0.48606937811808737,15,New York,2025-11-22,variant_b
U04036,hybrid,52,0.9634016514555268,18,Florida,2023-11-12,variant_b
U04037,electronics_buyer,22,0.2577798194631757,29,Vermont,2026-04-19,variant_b
U04038,electronics_buyer,22,0.18061870356498616,2,Tennessee,2023-07-12,variant_a
U04039,electronics_buyer,53,0.8925569489455212,28,Washington,2024-05-03,variant_a
U04040,hybrid,34,0.9070173905552837,11,New York,2025-08-08,variant_b
U04041,fashion_shopper,31,0.8845651791209482,21,Louisiana,2026-02-25,control
U04042,electronics_buyer,46,0.5598792240630007,17,New Jersey,2024-10-06,variant_a
U04043,electronics_buyer,25,0.6937699854425144,13,Oregon,2024-05-28,variant_a
U04044,fashion_shopper,51,0.6070267428048854,12,Alabama,2023-10-11,variant_a
U04045,fashion_shopper,57,0.16250304344896083,26,Montana,2025-05-08,variant_a
U04046,fashion_shopper,18,0.6362514072106502,24,Wisconsin,2025-06-13,control
U04047,electronics_buyer,46,0.1122527325304908,2,West Virginia,2024-03-12,variant_a
U04048,hybrid,53,0.39248866860137754,22,Oregon,2025-07-18,variant_b
U04049,fashion_shopper,54,0.9390633182858503,21,Kansas,2026-04-03,control
U04050,hybrid,46,0.3736407426722268,18,New Jersey,2023-08-24,variant_b
U04051,electronics_buyer,22,0.945843978379823,10,Arkansas,2024-12-17,variant_b
U04052,hybrid,49,0.32512056143431983,12,Wyoming,2026-04-05,variant_b
U04053,electronics_buyer,41,0.3831060164153792,17,New Hampshire,2024-11-03,variant_a
U04054,electronics_buyer,36,0.6655667467946982,22,Alabama,2023-08-31,variant_b
U04055,fashion_shopper,29,0.7854642755103654,14,Alabama,2026-01-19,control
U04056,hybrid,18,0.5512489912043956,22,Oklahoma,2023-07-07,variant_b
U04057,fashion_shopper,24,0.8939041184747399,19,Missouri,2025-12-11,control
U04058,hybrid,34,0.13621637944955733,13,Nevada,2024-05-25,variant_b
U04059,hybrid,51,0.9299753547709335,24,Illinois,2023-11-12,variant_b
U04060,fashion_shopper,60,0.27667701990586724,25,Delaware,2025-11-05,control
U04061,fashion_shopper,24,0.8958148705761904,3,Indiana,2026-05-05,control
U04062,electronics_buyer,34,0.46077686153774244,25,Missouri,2024-06-28,variant_b
U04063,fashion_shopper,20,0.8494813502839339,8,Arizona,2026-04-06,control
U04064,hybrid,46,0.7044989948233256,5,Georgia,2025-02-07,variant_b
U04065,fashion_shopper,39,0.25834746923043594,22,Georgia,2023-07-18,control
U04066,fashion_shopper,55,0.9262428128933036,28,Alaska,2023-12-15,control
U04067,hybrid,60,0.3209656514396137,28,Illinois,2025-08-24,variant_b
U04068,electronics_buyer,46,0.3197261068254992,12,Oklahoma,2023-07-13,variant_b
U04069,hybrid,59,0.8327610069736424,1,Alaska,2024-10-24,variant_b
U04070,fashion_shopper,22,0.19528593001526895,21,Massachusetts,2023-09-18,control
U04071,electronics_buyer,47,0.2998323157334143,26,South Dakota,2025-12-07,variant_b
U04072,electronics_buyer,40,0.5533098160789561,16,Ohio,2026-04-24,variant_a
U04073,electronics_buyer,38,0.8474293258179619,26,Alaska,2024-07-14,variant_a
U04074,electronics_buyer,43,0.23273557726354074,12,Florida,2025-05-06,variant_b
U04075,electronics_buyer,64,0.5929014110611117,23,Indiana,2026-02-20,variant_a
U04076,fashion_shopper,38,0.7401165326226455,17,Alabama,2025-06-16,variant_a
U04077,fashion_shopper,37,0.8745357022443562,26,Arkansas,2025-06-18,control
U04078,electronics_buyer,40,0.9420090041819976,9,South Carolina,2023-11-08,variant_b
U04079,fashion_shopper,21,0.8061759230220392,13,Delaware,2024-09-17,control
U04080,electronics_buyer,38,0.6875455583998017,23,California,2025-08-24,variant_b
U04081,fashion_shopper,38,0.49025807678148925,4,Maine,2026-03-18,control
U04082,electronics_buyer,18,0.20089913876957766,27,Kentucky,2026-05-17,variant_a
U04083,electronics_buyer,32,0.7387634732729691,4,Arizona,2026-05-18,variant_b
U04084,fashion_shopper,34,0.9934635740279382,27,Hawaii,2023-11-07,control
U04085,fashion_shopper,31,0.7630845352588899,15,Maine,2025-08-18,control
U04086,fashion_shopper,36,0.11503998436395366,10,Mississippi,2024-11-18,control
U04087,electronics_buyer,51,0.5466339802376549,23,Arizona,2023-12-17,variant_a
U04088,hybrid,23,0.6531819692346135,6,Hawaii,2025-04-30,variant_b
U04089,fashion_shopper,62,0.7207067809925587,3,Rhode Island,2024-06-06,control
U04090,electronics_buyer,23,0.7477532520406377,25,Maryland,2024-05-17,variant_b
U04091,fashion_shopper,22,0.6022975970948716,15,Florida,2024-10-02,variant_a
U04092,electronics_buyer,24,0.30102429946081627,6,South Dakota,2023-09-12,variant_a
U04093,hybrid,50,0.947980595328892,11,Texas,2024-01-08,variant_b
U04094,fashion_shopper,30,0.7269998208972958,2,New Hampshire,2024-08-26,control
U04095,electronics_buyer,18,0.31315603318246854,26,Louisiana,2024-12-05,variant_a
U04096,fashion_shopper,30,0.3900896490432456,28,Iowa,2025-03-05,control
U04097,fashion_shopper,60,0.9297349035673328,2,Iowa,2026-02-27,control
U04098,fashion_shopper,44,0.8987366680366022,1,Georgia,2024-11-15,control
U04099,fashion_shopper,24,0.46463179452228065,11,Pennsylvania,2024-11-12,control
U04100,electronics_buyer,20,0.1344764997923059,5,Vermont,2025-04-04,variant_a
U04101,fashion_shopper,42,0.1436476320045444,26,North Dakota,2025-06-19,variant_a
U04102,electronics_buyer,50,0.3555264618265501,6,Mississippi,2025-02-16,variant_a
U04103,fashion_shopper,57,0.6662099974050996,3,New York,2023-09-18,control
U04104,fashion_shopper,34,0.6257751718011056,20,Pennsylvania,2025-07-17,control
U04105,electronics_buyer,62,0.6704450082495484,5,Arizona,2025-04-22,variant_a
U04106,hybrid,31,0.745554674738896,20,New Hampshire,2026-01-09,variant_b
U04107,fashion_shopper,54,0.11712902823346458,9,Vermont,2025-11-27,control
U04108,hybrid,40,0.19457703565519857,28,New Mexico,2025-09-07,variant_b
U04109,electronics_buyer,41,0.42353510664449134,19,Montana,2023-06-30,variant_a
U04110,electronics_buyer,46,0.23937399776942359,5,Arkansas,2024-07-10,variant_a
U04111,electronics_buyer,55,0.16778803829009875,23,Missouri,2023-09-16,variant_a
U04112,fashion_shopper,44,0.6768679563975987,12,Nevada,2025-06-23,control
U04113,fashion_shopper,55,0.8338028297419892,12,Nevada,2025-12-02,control
U04114,electronics_buyer,57,0.7773639916908542,16,Montana,2023-11-14,variant_a
U04115,fashion_shopper,62,0.8353358007482613,7,Kansas,2025-07-22,variant_a
U04116,hybrid,40,0.6992708896520895,14,Kentucky,2023-10-20,variant_b
U04117,fashion_shopper,48,0.7618107896327819,22,Wisconsin,2025-09-16,variant_a
U04118,fashion_shopper,53,0.3446008967874712,9,New Jersey,2025-02-13,control
U04119,electronics_buyer,34,0.9937072326557479,15,Virginia,2023-09-30,variant_b
U04120,fashion_shopper,54,0.26484908904449844,23,Massachusetts,2024-03-07,control
U04121,electronics_buyer,20,0.29304448695044427,11,Oklahoma,2024-10-24,variant_a
U04122,electronics_buyer,53,0.36002964863426223,4,New Jersey,2023-10-06,variant_b
U04123,hybrid,22,0.977799187095921,11,Utah,2026-02-01,variant_b
U04124,electronics_buyer,63,0.9894597304185154,26,Indiana,2023-12-29,variant_b
U04125,electronics_buyer,32,0.8154043747358477,9,North Dakota,2024-09-18,variant_b
U04126,electronics_buyer,23,0.6661518387036703,6,New York,2024-04-28,variant_b
U04127,hybrid,27,0.568056317666152,17,Arkansas,2025-01-07,variant_b
U04128,fashion_shopper,49,0.9735587611181611,9,Kentucky,2025-12-16,control
U04129,fashion_shopper,40,0.7260605225724227,27,Alaska,2024-02-22,control
U04130,fashion_shopper,34,0.9502571154934272,23,Minnesota,2025-07-20,control
U04131,fashion_shopper,63,0.38489571952986146,6,Indiana,2024-02-14,control
U04132,electronics_buyer,37,0.40039731304260906,6,Tennessee,2026-02-10,variant_a
U04133,electronics_buyer,61,0.869252134706592,4,South Dakota,2023-10-26,variant_a
U04134,electronics_buyer,58,0.23486942852676496,20,Missouri,2023-08-02,variant_a
U04135,fashion_shopper,32,0.9513350751664682,11,Alaska,2025-02-05,control
U04136,electronics_buyer,61,0.5567269191970667,3,Rhode Island,2025-04-16,variant_b
U04137,fashion_shopper,63,0.933772490725328,24,Ohio,2023-07-29,control
U04138,electronics_buyer,39,0.4031135098532318,24,Vermont,2025-08-22,variant_a
U04139,electronics_buyer,23,0.7443630137254573,18,Missouri,2025-05-12,variant_a
U04140,fashion_shopper,21,0.5345876097754207,16,New York,2025-11-16,variant_a
U04141,fashion_shopper,40,0.6641232672209257,21,Oregon,2024-09-02,control
U04142,fashion_shopper,61,0.5539352438252371,16,Michigan,2024-08-01,control
U04143,hybrid,62,0.9704040556342253,29,Rhode Island,2023-08-22,variant_b
U04144,hybrid,36,0.7228948580325255,25,New Hampshire,2025-09-13,variant_b
U04145,electronics_buyer,62,0.3261870717636839,12,Alabama,2024-10-12,variant_a
U04146,fashion_shopper,48,0.918709229714576,14,Tennessee,2025-07-24,control
U04147,fashion_shopper,61,0.36462676433959396,9,Louisiana,2025-09-20,variant_a
U04148,electronics_buyer,20,0.4344445893707707,7,Nevada,2026-05-12,variant_b
U04149,electronics_buyer,45,0.19191132821819204,14,Wisconsin,2024-01-08,variant_b
U04150,fashion_shopper,20,0.9099698678165717,20,Nevada,2024-08-30,control
U04151,fashion_shopper,31,0.35750082090507673,20,West Virginia,2023-09-14,control
U04152,electronics_buyer,35,0.3330258561382441,10,California,2024-11-09,variant_b
U04153,fashion_shopper,44,0.9282363381954585,11,Delaware,2023-07-18,variant_a
U04154,fashion_shopper,27,0.8249741761645301,7,Illinois,2025-06-13,control
U04155,fashion_shopper,32,0.22697102936743696,19,Georgia,2023-11-10,control
U04156,electronics_buyer,36,0.7923920535133127,19,Rhode Island,2026-03-28,variant_a
U04157,hybrid,26,0.9217297882484117,21,Nebraska,2025-10-23,variant_b
U04158,hybrid,21,0.17066009638966953,11,Maryland,2023-08-17,variant_b
U04159,electronics_buyer,32,0.8426934954141158,29,Michigan,2024-07-14,variant_a
U04160,electronics_buyer,25,0.5926780466857504,6,Wyoming,2023-10-08,variant_a
U04161,fashion_shopper,18,0.7022777044409206,8,Georgia,2025-03-23,control
U04162,electronics_buyer,24,0.5435689050144432,1,Nevada,2023-07-14,variant_a
U04163,fashion_shopper,48,0.7280227764147508,23,Minnesota,2024-04-14,variant_a
U04164,electronics_buyer,35,0.1306880755000779,8,Wyoming,2024-06-11,variant_a
U04165,fashion_shopper,29,0.7864360509009554,5,Florida,2024-06-06,variant_a
U04166,fashion_shopper,47,0.13000932807306256,28,Kentucky,2024-05-03,control
U04167,fashion_shopper,50,0.5097698629726091,10,New Jersey,2024-10-18,control
U04168,fashion_shopper,64,0.2358684938172654,2,Mississippi,2025-02-15,control
U04169,fashion_shopper,24,0.8412168496161765,4,Indiana,2026-03-20,control
U04170,fashion_shopper,45,0.38229481825810174,22,Illinois,2026-03-15,control
U04171,hybrid,20,0.5086841901438992,25,Illinois,2026-02-24,variant_b
U04172,fashion_shopper,60,0.4858756671684804,2,Maryland,2024-05-25,variant_a
U04173,electronics_buyer,23,0.7952517691162359,15,Iowa,2025-01-20,variant_a
U04174,hybrid,48,0.5330299238163779,20,Connecticut,2026-04-07,variant_b
U04175,hybrid,55,0.8100625015093115,10,Michigan,2024-04-16,variant_b
U04176,electronics_buyer,32,0.1661574491224077,21,New Mexico,2023-08-28,variant_a
U04177,hybrid,24,0.2724345711126956,24,Delaware,2025-08-09,variant_b
U04178,fashion_shopper,60,0.5963808246817246,24,Alaska,2024-03-28,control
U04179,fashion_shopper,47,0.9523794922774255,2,Nevada,2023-09-21,control
U04180,fashion_shopper,44,0.16728206204960228,6,New Hampshire,2025-11-08,variant_a
U04181,electronics_buyer,34,0.1387757945411779,22,Maryland,2023-05-26,variant_b
U04182,electronics_buyer,35,0.24089560743507013,29,West Virginia,2025-12-31,variant_b
U04183,fashion_shopper,39,0.6770378159741408,14,Nevada,2024-11-21,control
U04184,fashion_shopper,43,0.4590936250032225,5,Wyoming,2025-08-15,control
U04185,electronics_buyer,44,0.8429971414759176,24,New Mexico,2026-03-14,variant_a
U04186,fashion_shopper,57,0.16473983633322925,26,North Carolina,2026-03-30,control
U04187,electronics_buyer,41,0.276772678133231,2,Florida,2023-11-26,variant_a
U04188,electronics_buyer,25,0.37002376491840616,14,Pennsylvania,2025-04-14,variant_b
U04189,electronics_buyer,38,0.6640570780199068,13,New Hampshire,2025-01-19,variant_b
U04190,electronics_buyer,46,0.7166554212713925,2,Wyoming,2023-06-07,variant_b
U04191,hybrid,60,0.21178296456739645,23,Idaho,2024-01-02,variant_b
U04192,electronics_buyer,38,0.9494242380925656,9,Delaware,2025-10-28,variant_a
U04193,electronics_buyer,20,0.4069397216711883,3,Maryland,2026-04-21,variant_b
U04194,electronics_buyer,48,0.7418518867002548,15,Wyoming,2023-09-15,variant_a
U04195,fashion_shopper,44,0.571786947052929,23,North Carolina,2023-07-26,control
U04196,fashion_shopper,63,0.30048230219239597,3,New Mexico,2023-12-10,control
U04197,fashion_shopper,44,0.8616054908038699,12,Tennessee,2023-07-11,control
U04198,fashion_shopper,26,0.8364142253727369,6,Minnesota,2025-04-08,variant_a
U04199,electronics_buyer,50,0.4564646685250211,19,Illinois,2024-01-12,variant_a
U04200,hybrid,50,0.6297468271244698,17,Missouri,2023-05-21,variant_b
U04201,fashion_shopper,43,0.3320431263423458,6,Indiana,2023-09-09,control
U04202,fashion_shopper,45,0.7208664658716714,27,Massachusetts,2025-11-29,control
U04203,hybrid,61,0.3781241313583883,19,Maryland,2025-10-13,variant_b
U04204,fashion_shopper,60,0.8596708609440115,17,Vermont,2025-04-25,control
U04205,electronics_buyer,48,0.2956465938495469,16,Missouri,2024-10-14,variant_a
U04206,electronics_buyer,18,0.11332308053661773,21,New Hampshire,2023-11-22,variant_a
U04207,electronics_buyer,37,0.3416572377711266,8,Iowa,2025-11-22,variant_a
U04208,fashion_shopper,29,0.271947237813538,24,Texas,2023-07-31,control
U04209,fashion_shopper,34,0.5574577957524318,24,Alabama,2025-06-04,control
U04210,fashion_shopper,32,0.28333296249091866,19,Maine,2026-02-14,control
U04211,electronics_buyer,51,0.7868708836475452,8,Florida,2023-11-13,variant_a
U04212,electronics_buyer,33,0.31723357420360354,20,Idaho,2024-03-14,variant_a
U04213,fashion_shopper,21,0.7362713619213901,15,New Mexico,2024-05-13,control
U04214,electronics_buyer,25,0.6206238307123516,8,Rhode Island,2024-09-06,variant_a
U04215,hybrid,51,0.9876248708246959,3,Connecticut,2025-01-22,variant_b
U04216,fashion_shopper,63,0.9999108793083085,16,Nevada,2025-08-17,control
U04217,electronics_buyer,42,0.8825734749855969,3,Colorado,2025-01-01,variant_a
U04218,electronics_buyer,32,0.783985032368876,1,Idaho,2024-09-25,variant_b
U04219,fashion_shopper,45,0.4478107726005164,8,Texas,2024-08-29,control
U04220,fashion_shopper,26,0.7779490544181732,24,Rhode Island,2023-11-14,control
U04221,electronics_buyer,19,0.9610079833715416,9,Pennsylvania,2024-05-27,variant_a
U04222,hybrid,34,0.12103981785589975,22,South Dakota,2025-07-15,variant_b
U04223,hybrid,27,0.584123230177965,12,Florida,2025-01-06,variant_b
U04224,electronics_buyer,26,0.29619847394959115,18,Washington,2026-03-21,variant_a
U04225,electronics_buyer,48,0.6020886842819654,17,Florida,2023-09-13,variant_b
U04226,fashion_shopper,19,0.519802380783002,8,Mississippi,2023-08-17,variant_a
U04227,electronics_buyer,41,0.618191723397056,26,California,2024-05-16,variant_a
U04228,electronics_buyer,36,0.5958659992768518,20,Georgia,2024-05-07,variant_a
U04229,fashion_shopper,34,0.9640963352517058,11,Pennsylvania,2025-11-20,control
U04230,electronics_buyer,60,0.5969674980412625,27,South Carolina,2024-03-26,variant_b
U04231,electronics_buyer,27,0.8616088793123805,7,South Carolina,2025-05-26,variant_a
U04232,fashion_shopper,45,0.3878382581207619,14,Hawaii,2024-07-28,variant_a
U04233,hybrid,55,0.494290619911944,10,Colorado,2024-01-24,variant_b
U04234,fashion_shopper,45,0.5233721284403289,15,Kansas,2025-03-31,control
U04235,fashion_shopper,18,0.3508552390018418,12,Utah,2023-07-25,control
U04236,fashion_shopper,20,0.44181123533015976,20,Indiana,2026-05-13,control
U04237,electronics_buyer,32,0.6386617715200977,17,Alaska,2024-12-13,variant_b
U04238,electronics_buyer,27,0.6221689869740791,8,California,2025-02-27,variant_b
U04239,fashion_shopper,38,0.6727918101161324,26,North Dakota,2024-04-09,control
U04240,electronics_buyer,54,0.416636123878127,14,Washington,2025-06-20,variant_b
U04241,fashion_shopper,32,0.38424834563775134,25,Nevada,2024-01-07,variant_a
U04242,electronics_buyer,40,0.6504560944787467,26,New York,2023-08-31,variant_b
U04243,electronics_buyer,31,0.21957557358477248,15,Louisiana,2025-03-29,variant_a
U04244,fashion_shopper,32,0.327728389178926,25,Alaska,2025-06-16,variant_a
U04245,hybrid,27,0.1379149632576957,25,Wyoming,2026-02-17,variant_b
U04246,fashion_shopper,26,0.1653497673364721,28,Idaho,2024-08-25,control
U04247,fashion_shopper,61,0.319044951334548,28,Michigan,2025-10-28,control
U04248,electronics_buyer,56,0.11757635226722712,27,Montana,2024-08-02,variant_a
U04249,hybrid,22,0.3208695328787154,11,Wisconsin,2023-07-09,variant_b
U04250,fashion_shopper,42,0.6894786907558235,12,Alabama,2023-10-31,variant_a
U04251,fashion_shopper,59,0.15499637062203975,20,North Carolina,2024-04-18,control
U04252,fashion_shopper,43,0.49306301001517694,16,Wisconsin,2025-12-08,control
U04253,electronics_buyer,25,0.9217979082275944,25,Montana,2024-12-25,variant_a
U04254,fashion_shopper,39,0.8121563460328609,27,Michigan,2025-02-14,control
U04255,electronics_buyer,42,0.37489375206537157,20,Utah,2024-05-14,variant_a
U04256,hybrid,29,0.9323249312724823,18,Massachusetts,2025-04-07,variant_b
U04257,electronics_buyer,26,0.3966818470729524,10,Colorado,2024-08-26,variant_a
U04258,fashion_shopper,27,0.16526394670380623,19,North Carolina,2025-05-04,variant_a
U04259,fashion_shopper,27,0.9946503610913022,18,West Virginia,2023-07-24,variant_a
U04260,fashion_shopper,26,0.8830202744702546,1,North Carolina,2024-08-23,control
U04261,hybrid,43,0.5193395049709831,27,Utah,2025-04-26,variant_b
U04262,fashion_shopper,52,0.6997388717731635,22,North Carolina,2024-11-03,variant_a
U04263,fashion_shopper,44,0.7041052700710031,4,Kansas,2024-03-02,variant_a
U04264,electronics_buyer,48,0.2750340076574143,23,Washington,2025-02-21,variant_a
U04265,fashion_shopper,36,0.28004376983826906,7,Virginia,2024-11-01,variant_a
U04266,electronics_buyer,60,0.5226226330166432,26,Louisiana,2025-04-19,variant_a
U04267,fashion_shopper,55,0.9204158261239281,1,Kansas,2025-05-04,control
U04268,hybrid,23,0.10899439737271371,28,Indiana,2023-07-06,variant_b
U04269,hybrid,32,0.8042550723544234,29,Alabama,2023-12-24,variant_b
U04270,electronics_buyer,46,0.15177410534318875,25,Vermont,2026-04-21,variant_a
U04271,hybrid,64,0.530399903394806,8,Washington,2024-08-26,variant_b
U04272,fashion_shopper,62,0.6740855497661288,26,Tennessee,2023-09-15,control
U04273,electronics_buyer,22,0.7180833403742183,17,Maryland,2025-07-25,variant_a
U04274,electronics_buyer,31,0.15263133725432027,29,Mississippi,2025-01-02,variant_a
U04275,electronics_buyer,19,0.4767432556455714,8,Alabama,2024-03-26,variant_a
U04276,fashion_shopper,40,0.6254535344520922,5,Rhode Island,2026-03-23,variant_a
U04277,fashion_shopper,61,0.15944098357540626,1,New Hampshire,2025-10-12,control
U04278,fashion_shopper,63,0.22158510093577882,15,South Dakota,2023-10-05,control
U04279,fashion_shopper,36,0.6972840905536346,4,Kentucky,2023-09-27,variant_a
U04280,fashion_shopper,41,0.5694743769315865,7,Montana,2025-11-07,control
U04281,electronics_buyer,37,0.2456457951414615,14,Minnesota,2025-03-09,variant_b
U04282,fashion_shopper,64,0.5817154032232601,12,Indiana,2024-12-19,control
U04283,fashion_shopper,44,0.9214231360999742,21,Wyoming,2025-03-02,control
U04284,electronics_buyer,41,0.11402882629782754,27,Alaska,2026-04-26,variant_a
U04285,electronics_buyer,34,0.6783703961372691,3,Montana,2025-10-16,variant_a
U04286,hybrid,42,0.16628539114480773,28,Kansas,2026-04-19,variant_b
U04287,electronics_buyer,63,0.10580449866823077,27,Delaware,2024-05-16,variant_a
U04288,fashion_shopper,48,0.23558903979457044,20,Iowa,2025-05-19,variant_a
U04289,hybrid,45,0.4806159686685274,18,Montana,2026-03-06,variant_b
U04290,electronics_buyer,45,0.8221095990837577,8,Louisiana,2024-04-07,variant_a
U04291,fashion_shopper,39,0.3536069469441028,28,South Carolina,2024-10-16,control
U04292,electronics_buyer,22,0.6631058911498827,2,Louisiana,2025-12-14,variant_a
U04293,hybrid,61,0.47004097415977597,29,North Carolina,2024-01-04,variant_b
U04294,fashion_shopper,59,0.31089861276940717,27,North Carolina,2023-11-14,variant_a
U04295,fashion_shopper,25,0.5628224028545727,6,New Jersey,2023-06-10,control
U04296,fashion_shopper,55,0.8177180413353609,7,New York,2025-10-22,control
U04297,fashion_shopper,45,0.8492431330505298,7,South Carolina,2023-08-29,control
U04298,fashion_shopper,64,0.861867578689513,13,Mississippi,2024-05-07,variant_a
U04299,electronics_buyer,29,0.40470203129948146,1,Indiana,2024-01-15,variant_a
U04300,fashion_shopper,42,0.8141104582441777,8,Georgia,2024-05-06,control
U04301,hybrid,55,0.29096060959801706,25,Iowa,2025-03-15,variant_b
U04302,electronics_buyer,61,0.764582591118595,23,North Dakota,2024-04-25,variant_b
U04303,electronics_buyer,32,0.953545983645355,13,North Dakota,2024-11-05,variant_a
U04304,hybrid,61,0.11236945122186148,24,New Hampshire,2025-11-21,variant_b
U04305,fashion_shopper,58,0.4963275380609182,20,Massachusetts,2024-10-04,control
U04306,electronics_buyer,51,0.6829938895726041,28,Missouri,2025-04-12,variant_a
U04307,electronics_buyer,62,0.7315981934387977,24,Oklahoma,2024-03-30,variant_a
U04308,hybrid,30,0.25847898244228196,19,Massachusetts,2025-04-22,variant_b
U04309,electronics_buyer,25,0.9749649477147335,29,Georgia,2025-03-11,variant_b
U04310,fashion_shopper,30,0.6537388311738757,17,Michigan,2024-05-19,control
U04311,hybrid,53,0.247906541105441,13,Kentucky,2025-03-04,variant_b
U04312,fashion_shopper,23,0.11847026054126376,29,Indiana,2024-07-15,control
U04313,hybrid,55,0.8049377789107983,16,South Carolina,2025-08-08,variant_b
U04314,hybrid,49,0.1717342655009132,24,Louisiana,2024-02-22,variant_b
U04315,fashion_shopper,38,0.2269458289632129,15,Mississippi,2025-08-09,control
U04316,electronics_buyer,61,0.6173470241701215,11,Pennsylvania,2024-12-24,variant_b
U04317,fashion_shopper,61,0.6431549531046578,12,Alabama,2024-11-27,control
U04318,fashion_shopper,24,0.7181984067331586,22,California,2026-02-15,variant_a
U04319,electronics_buyer,43,0.45416261139725866,25,Illinois,2024-09-01,variant_a
U04320,electronics_buyer,32,0.7965088020701406,3,Louisiana,2024-12-09,variant_a
U04321,hybrid,59,0.9769227396542998,24,Kentucky,2025-06-14,variant_b
U04322,electronics_buyer,40,0.34398544877189474,25,Vermont,2024-10-07,variant_b
U04323,electronics_buyer,55,0.7327257548841513,9,Massachusetts,2026-03-08,variant_a
U04324,hybrid,58,0.9356217871556411,28,Minnesota,2026-02-07,variant_b
U04325,hybrid,32,0.7176580863553385,14,West Virginia,2025-12-15,variant_b
U04326,fashion_shopper,57,0.7129985487798336,7,Rhode Island,2024-10-24,control
U04327,hybrid,33,0.3013953121766859,28,Ohio,2025-05-23,variant_b
U04328,fashion_shopper,49,0.5816171802877237,11,Nebraska,2024-07-13,control
U04329,hybrid,54,0.6062705592441221,10,New Jersey,2026-04-20,variant_b
U04330,fashion_shopper,35,0.7301166062103576,3,Louisiana,2023-12-05,control
U04331,fashion_shopper,37,0.9971393049065643,19,New Mexico,2024-02-09,control
U04332,fashion_shopper,63,0.13027944028938587,2,Texas,2024-11-30,variant_a
U04333,electronics_buyer,19,0.15870939514073817,17,Nevada,2023-08-19,variant_a
U04334,fashion_shopper,40,0.17015506248782689,29,Kansas,2025-06-30,variant_a
U04335,fashion_shopper,47,0.7686812210400611,2,Florida,2024-07-10,control
U04336,electronics_buyer,20,0.22271841559968175,21,Florida,2024-12-19,variant_a
U04337,hybrid,63,0.6602066870413107,16,Delaware,2025-11-11,variant_b
U04338,fashion_shopper,56,0.3922019901041126,17,Nevada,2023-10-31,variant_a
U04339,fashion_shopper,64,0.5115879605896398,10,Minnesota,2026-05-04,control
U04340,fashion_shopper,18,0.29409684383567253,4,Oklahoma,2024-03-19,variant_a
U04341,fashion_shopper,58,0.8794959051740879,11,New Hampshire,2025-08-02,control
U04342,hybrid,39,0.6275352917467237,26,Indiana,2023-06-04,variant_b
U04343,hybrid,46,0.9501069372240274,26,Nebraska,2025-09-21,variant_b
U04344,electronics_buyer,31,0.6171366247338966,17,Hawaii,2023-09-17,variant_a
U04345,fashion_shopper,45,0.211517227537252,28,Vermont,2026-01-21,variant_a
U04346,electronics_buyer,38,0.25378339045462794,26,Nevada,2024-01-20,variant_b
U04347,electronics_buyer,62,0.9901665787310625,24,North Carolina,2025-04-14,variant_a
U04348,hybrid,49,0.753008677597781,12,New York,2024-04-21,variant_b
U04349,electronics_buyer,23,0.1443508750261807,21,New Mexico,2024-06-12,variant_a
U04350,electronics_buyer,18,0.7334029045311983,10,Pennsylvania,2024-01-09,variant_b
U04351,electronics_buyer,38,0.47095574212865055,16,Michigan,2023-05-29,variant_a
U04352,fashion_shopper,21,0.3764875481408715,4,Hawaii,2025-01-23,variant_a
U04353,hybrid,20,0.23865471435748087,3,Virginia,2024-06-01,variant_b
U04354,electronics_buyer,47,0.855913559100909,9,Illinois,2024-10-24,variant_a
U04355,electronics_buyer,48,0.15745724109019063,6,Nebraska,2023-09-25,variant_a
U04356,fashion_shopper,51,0.36085191614167633,12,Connecticut,2024-02-25,control
U04357,electronics_buyer,36,0.37574460444313396,1,Georgia,2024-11-07,variant_a
U04358,electronics_buyer,37,0.24481475556715032,14,West Virginia,2025-08-08,variant_a
U04359,fashion_shopper,40,0.5573663949581833,24,New York,2024-12-05,control
U04360,fashion_shopper,57,0.11053236412980337,10,Washington,2025-07-17,control
U04361,electronics_buyer,42,0.3708779638693682,18,West Virginia,2023-12-14,variant_a
U04362,electronics_buyer,32,0.9402664996297576,13,Vermont,2025-05-01,variant_b
U04363,electronics_buyer,55,0.37947661240780517,9,Delaware,2024-05-14,variant_a
U04364,fashion_shopper,40,0.42441344839607653,27,Tennessee,2025-04-16,control
U04365,electronics_buyer,19,0.5258485434106644,23,Wyoming,2026-04-17,variant_a
U04366,fashion_shopper,32,0.6055240373663273,19,North Carolina,2026-03-29,control
U04367,fashion_shopper,61,0.8278377803386696,4,Wisconsin,2025-12-05,variant_a
U04368,fashion_shopper,52,0.2712891008404159,3,Washington,2023-09-28,control
U04369,fashion_shopper,27,0.8845717394733015,6,Nebraska,2025-08-07,control
U04370,fashion_shopper,31,0.7817944214295004,9,Tennessee,2024-12-11,control
U04371,fashion_shopper,44,0.7503853011953997,10,Oregon,2023-08-30,variant_a
U04372,fashion_shopper,31,0.1781241163431717,9,Oklahoma,2024-06-11,control
U04373,fashion_shopper,52,0.11947662097712622,17,California,2025-08-09,variant_a
U04374,electronics_buyer,50,0.6346114308172756,10,Nebraska,2023-07-06,variant_a
U04375,electronics_buyer,18,0.876820566270845,6,Missouri,2025-01-02,variant_a
U04376,fashion_shopper,51,0.6259973177265723,16,Washington,2025-08-25,variant_a
U04377,hybrid,36,0.29191137890097774,17,Nebraska,2024-11-30,variant_b
U04378,fashion_shopper,41,0.18146790815429192,11,Kansas,2025-10-01,control
U04379,electronics_buyer,59,0.7296368075359615,20,Louisiana,2026-02-07,variant_a
U04380,fashion_shopper,21,0.7495932495860286,7,South Carolina,2025-06-17,control
U04381,fashion_shopper,53,0.2552785306183978,4,Minnesota,2025-04-17,control
U04382,electronics_buyer,30,0.12537128394688266,25,Colorado,2025-08-04,variant_a
U04383,electronics_buyer,49,0.4674551619008773,10,Arkansas,2024-01-21,variant_a
U04384,hybrid,26,0.62444683191972,21,Minnesota,2024-08-07,variant_b
U04385,electronics_buyer,56,0.735402168610472,14,Minnesota,2024-09-25,variant_a
U04386,hybrid,33,0.8289505082376125,25,New Jersey,2024-05-26,variant_b
U04387,fashion_shopper,20,0.6494836845760591,17,Washington,2026-02-09,control
U04388,fashion_shopper,37,0.19979254773863653,29,Oklahoma,2025-04-23,control
U04389,fashion_shopper,27,0.7143235049281733,28,North Carolina,2024-09-06,control
U04390,fashion_shopper,39,0.9857589786053939,14,Utah,2023-06-20,control
U04391,electronics_buyer,20,0.9150261261376634,20,Iowa,2025-02-07,variant_a
U04392,electronics_buyer,28,0.8845020183425614,23,Illinois,2025-10-07,variant_a
U04393,fashion_shopper,42,0.37195313802250674,13,Montana,2024-09-28,control
U04394,hybrid,59,0.7757093588086006,2,Kansas,2023-08-03,variant_b
U04395,hybrid,25,0.865993101368631,9,Vermont,2024-11-29,variant_b
U04396,fashion_shopper,26,0.7104935841681368,3,Delaware,2023-10-23,control
U04397,fashion_shopper,32,0.3255055809111825,4,Alaska,2024-01-02,control
U04398,fashion_shopper,49,0.9584505746874625,12,Montana,2025-03-27,control
U04399,fashion_shopper,20,0.5057374703128084,15,West Virginia,2025-05-27,control
U04400,fashion_shopper,21,0.21682500279929146,20,Wisconsin,2026-03-01,control
U04401,electronics_buyer,47,0.19880010555165278,8,Florida,2026-03-08,variant_a
U04402,fashion_shopper,30,0.6827670885691411,18,Oregon,2025-06-28,control
U04403,fashion_shopper,61,0.4939386817750653,5,Massachusetts,2023-08-17,variant_a
U04404,hybrid,38,0.18503548766106725,2,South Dakota,2025-09-12,variant_b
U04405,electronics_buyer,58,0.7663281149404851,28,Maine,2025-01-02,variant_b
U04406,hybrid,63,0.8193926505327577,22,Washington,2025-10-09,variant_b
U04407,fashion_shopper,36,0.7528740677078062,9,Washington,2025-03-27,control
U04408,fashion_shopper,56,0.2820347899156116,28,Nevada,2025-09-20,variant_a
U04409,electronics_buyer,39,0.7207979103964625,25,Mississippi,2026-01-10,variant_a
U04410,fashion_shopper,37,0.1096505226049466,14,West Virginia,2025-01-16,control
U04411,fashion_shopper,54,0.37460092571056836,1,Maryland,2025-06-21,control
U04412,electronics_buyer,48,0.4589393782667893,20,Connecticut,2024-07-01,variant_b
U04413,electronics_buyer,27,0.8517222539969513,4,South Carolina,2024-05-25,variant_a
U04414,fashion_shopper,35,0.4513549357624639,17,Oklahoma,2025-12-08,variant_a
U04415,electronics_buyer,60,0.11014250157045846,10,Montana,2026-05-08,variant_a
U04416,fashion_shopper,56,0.41711177064520844,2,Texas,2024-08-18,variant_a
U04417,fashion_shopper,63,0.5490316885233585,6,North Dakota,2024-03-25,control
U04418,fashion_shopper,37,0.9541043080054961,26,Idaho,2026-04-06,control
U04419,fashion_shopper,35,0.9469308734105903,19,Texas,2024-12-07,control
U04420,fashion_shopper,28,0.2627866343992704,9,Oregon,2023-07-20,control
U04421,hybrid,39,0.2666318875655064,19,Wyoming,2025-02-27,variant_b
U04422,electronics_buyer,61,0.24704331081809544,19,Minnesota,2025-10-27,variant_a
U04423,electronics_buyer,35,0.8100297391726929,9,Georgia,2025-11-09,variant_b
U04424,fashion_shopper,51,0.10541983633156574,3,North Dakota,2024-12-06,control
U04425,fashion_shopper,40,0.2144594783726896,6,Alabama,2023-11-11,variant_a
U04426,fashion_shopper,18,0.5841636684796891,6,New York,2025-06-01,control
U04427,fashion_shopper,27,0.322805860198089,17,North Carolina,2025-02-25,control
U04428,fashion_shopper,18,0.1831208124153359,13,Michigan,2024-08-26,control
U04429,electronics_buyer,55,0.4238902111004509,13,New Jersey,2024-02-14,variant_b
U04430,electronics_buyer,56,0.3467868445542203,7,Nevada,2025-08-14,variant_b
U04431,electronics_buyer,26,0.5599938758628561,9,Arizona,2026-05-10,variant_a
U04432,electronics_buyer,48,0.9813102344471762,25,Wisconsin,2024-01-30,variant_a
U04433,hybrid,24,0.2118741731334266,25,North Carolina,2023-08-22,variant_b
U04434,fashion_shopper,34,0.43545403435068486,18,Delaware,2024-02-05,control
U04435,fashion_shopper,52,0.9387865160852272,1,New Jersey,2025-11-22,control
U04436,fashion_shopper,54,0.8891857391444403,22,Alabama,2024-11-12,variant_a
U04437,electronics_buyer,35,0.45484393130585254,22,Illinois,2023-09-07,variant_b
U04438,hybrid,50,0.7290579380677629,20,New Hampshire,2024-11-22,variant_b
U04439,fashion_shopper,21,0.17907131222321102,13,South Carolina,2023-06-02,control
U04440,hybrid,40,0.7412869499892536,8,Colorado,2025-11-05,variant_b
U04441,hybrid,28,0.9755719565362673,21,Kansas,2023-10-01,variant_b
U04442,fashion_shopper,26,0.5837393375507725,23,South Dakota,2024-06-21,control
U04443,fashion_shopper,47,0.5486412043309729,9,Connecticut,2025-05-14,variant_a
U04444,fashion_shopper,25,0.2685867577317193,29,West Virginia,2026-03-21,variant_a
U04445,hybrid,57,0.6704093790165627,1,Wyoming,2024-09-02,variant_b
U04446,fashion_shopper,22,0.6313935527010234,9,Texas,2025-12-22,control
U04447,electronics_buyer,29,0.6867397535281755,29,Connecticut,2025-04-24,variant_b
U04448,fashion_shopper,18,0.12347495801624964,29,Nevada,2026-04-23,control
U04449,electronics_buyer,32,0.5938511395141662,20,New Hampshire,2025-05-15,variant_b
U04450,fashion_shopper,42,0.6354413591476357,23,Nevada,2023-10-31,variant_a
U04451,electronics_buyer,35,0.286777121871522,11,Alabama,2023-10-04,variant_a
U04452,hybrid,55,0.28749957173968244,20,Colorado,2024-05-11,variant_b
U04453,hybrid,59,0.34859635165985486,4,Washington,2024-02-09,variant_b
U04454,hybrid,63,0.7405494325545138,29,Texas,2023-06-08,variant_b
U04455,fashion_shopper,43,0.6456394571791345,16,Wisconsin,2026-04-19,control
U04456,electronics_buyer,57,0.8611863815060241,14,South Carolina,2024-03-29,variant_b
U04457,fashion_shopper,20,0.36609271465878834,20,Indiana,2025-11-07,control
U04458,fashion_shopper,39,0.9208612538994865,22,West Virginia,2024-08-31,variant_a
U04459,electronics_buyer,43,0.7693355457850225,21,Oklahoma,2026-04-25,variant_a
U04460,fashion_shopper,36,0.4555105030123273,18,Alabama,2024-12-30,variant_a
U04461,electronics_buyer,61,0.18573585906291035,25,Pennsylvania,2025-01-04,variant_a
U04462,hybrid,61,0.33128529623873426,27,West Virginia,2026-02-18,variant_b
U04463,fashion_shopper,64,0.9610913954933652,22,South Dakota,2024-06-19,control
U04464,electronics_buyer,56,0.3793270382956715,26,West Virginia,2023-10-19,variant_b
U04465,fashion_shopper,53,0.396910864134158,22,Washington,2024-03-29,variant_a
U04466,fashion_shopper,38,0.2706300379879453,9,South Dakota,2024-01-04,control
U04467,fashion_shopper,58,0.8261655410248888,1,Oklahoma,2025-03-14,control
U04468,hybrid,43,0.34807980721804965,23,Nevada,2024-08-09,variant_b
U04469,hybrid,30,0.3972324235319701,3,New Hampshire,2024-04-07,variant_b
U04470,hybrid,53,0.472913297588464,20,North Carolina,2025-09-15,variant_b
U04471,hybrid,41,0.4903554517971488,1,Connecticut,2023-06-18,variant_b
U04472,fashion_shopper,58,0.47020671137351955,3,Pennsylvania,2026-03-22,control
U04473,fashion_shopper,43,0.5533693258372557,14,Illinois,2024-01-03,variant_a
U04474,electronics_buyer,38,0.8330615916547629,14,Delaware,2024-06-12,variant_a
U04475,electronics_buyer,35,0.8373565366678198,23,Wisconsin,2023-09-10,variant_a
U04476,fashion_shopper,32,0.8184818203870122,22,West Virginia,2025-01-29,variant_a
U04477,fashion_shopper,32,0.19101235520483878,13,Louisiana,2023-11-04,variant_a
U04478,electronics_buyer,23,0.8197109229473327,1,Nebraska,2024-12-25,variant_a
U04479,electronics_buyer,60,0.2082265961379191,15,Alaska,2024-12-15,variant_a
U04480,fashion_shopper,48,0.2122513930470322,25,Arizona,2024-05-24,control
U04481,electronics_buyer,45,0.9530764944714647,20,Arizona,2023-10-22,variant_a
U04482,electronics_buyer,25,0.8374580602349871,7,Delaware,2024-05-24,variant_a
U04483,electronics_buyer,46,0.5971694201812078,16,Arizona,2023-12-03,variant_a
U04484,fashion_shopper,38,0.8874731840300759,20,Washington,2025-01-23,control
U04485,electronics_buyer,34,0.9904281782966765,23,Minnesota,2025-01-04,variant_b
U04486,fashion_shopper,41,0.6495778599685998,21,Massachusetts,2024-05-13,control
U04487,fashion_shopper,53,0.6516085932833662,1,Connecticut,2024-07-07,variant_a
U04488,electronics_buyer,48,0.7789843262439352,15,North Dakota,2025-04-14,variant_b
U04489,electronics_buyer,64,0.3089250571287995,20,Alaska,2023-07-21,variant_a
U04490,fashion_shopper,51,0.2504123753669194,15,North Carolina,2023-11-29,control
U04491,electronics_buyer,19,0.7836226750135653,19,Connecticut,2025-11-23,variant_b
U04492,electronics_buyer,59,0.4104143154946921,6,Michigan,2023-08-28,variant_a
U04493,electronics_buyer,20,0.22156332067534062,6,Massachusetts,2023-09-19,variant_b
U04494,electronics_buyer,47,0.3833899533259748,1,Arizona,2024-06-14,variant_b
U04495,electronics_buyer,25,0.4227731810871178,16,Vermont,2023-07-15,variant_a
U04496,electronics_buyer,24,0.9687048935551216,27,South Dakota,2026-04-09,variant_a
U04497,fashion_shopper,29,0.7281637399791309,18,Tennessee,2024-10-05,control
U04498,fashion_shopper,36,0.5777706856597605,13,Tennessee,2025-10-04,control
U04499,fashion_shopper,43,0.9719858248143445,12,Georgia,2025-04-21,variant_a
U04500,electronics_buyer,45,0.9128257664267626,18,Kentucky,2024-10-08,variant_a
U04501,electronics_buyer,32,0.5608007709527437,28,Wisconsin,2023-07-28,variant_a
U04502,fashion_shopper,31,0.9151116718392827,10,Oregon,2024-08-15,control
U04503,fashion_shopper,31,0.4638741922563909,14,South Carolina,2024-04-23,control
U04504,electronics_buyer,20,0.3073785988209622,20,Vermont,2023-06-07,variant_a
U04505,fashion_shopper,46,0.30941035913987663,29,Alaska,2024-05-31,control
U04506,electronics_buyer,23,0.696083971997914,25,Massachusetts,2025-10-22,variant_b
U04507,fashion_shopper,40,0.5509632886365494,11,Ohio,2023-06-08,control
U04508,electronics_buyer,45,0.6930557623049021,18,South Dakota,2026-03-10,variant_a
U04509,hybrid,31,0.7174683678359529,27,Wyoming,2023-12-20,variant_b
U04510,fashion_shopper,31,0.12009058560794586,24,Tennessee,2025-04-28,control
U04511,electronics_buyer,37,0.14863563311311212,27,Alabama,2023-11-19,variant_a
U04512,fashion_shopper,30,0.5794099539321249,12,Utah,2025-03-07,control
U04513,electronics_buyer,44,0.27193192998406923,17,Oregon,2024-11-19,variant_a
U04514,electronics_buyer,52,0.6692803919239957,28,New Hampshire,2025-12-19,variant_a
U04515,fashion_shopper,62,0.5969671652535833,24,Texas,2023-12-18,variant_a
U04516,electronics_buyer,19,0.6271843225338021,3,Pennsylvania,2024-08-09,variant_a
U04517,hybrid,58,0.3722098418479096,21,New Mexico,2024-10-29,variant_b
U04518,fashion_shopper,62,0.675859155650107,1,Arizona,2024-05-07,control
U04519,fashion_shopper,57,0.8465433728365207,1,Georgia,2026-01-13,control
U04520,hybrid,41,0.9982641282330135,6,Idaho,2026-04-02,variant_b
U04521,electronics_buyer,46,0.8545999475549928,19,South Carolina,2025-08-23,variant_a
U04522,hybrid,20,0.6017488837119527,24,New Mexico,2023-07-14,variant_b
U04523,electronics_buyer,62,0.2740866325119609,4,Ohio,2023-12-05,variant_a
U04524,hybrid,21,0.7133012885078388,22,Massachusetts,2024-04-04,variant_b
U04525,fashion_shopper,19,0.9438884070021804,13,New York,2024-01-22,variant_a
U04526,electronics_buyer,37,0.29067988575907217,26,Mississippi,2025-01-22,variant_b
U04527,hybrid,32,0.3303960584739194,12,Missouri,2025-09-04,variant_b
U04528,electronics_buyer,49,0.23410768907048604,25,South Dakota,2023-06-18,variant_a
U04529,fashion_shopper,59,0.7630494792637615,8,Louisiana,2024-02-21,control
U04530,fashion_shopper,18,0.4659053530812933,20,Missouri,2024-05-04,control
U04531,fashion_shopper,55,0.1564260749977457,26,Texas,2024-10-05,control
U04532,fashion_shopper,52,0.8874549923412521,24,Nebraska,2025-12-11,control
U04533,fashion_shopper,24,0.60190471423231,7,Georgia,2023-08-16,control
U04534,electronics_buyer,62,0.3979848628003202,21,Delaware,2026-02-15,variant_a
U04535,electronics_buyer,30,0.40958467845498725,7,South Carolina,2025-04-15,variant_a
U04536,fashion_shopper,18,0.36122609817181606,7,Alabama,2024-11-10,variant_a
U04537,electronics_buyer,31,0.5099321551533776,14,Pennsylvania,2023-09-07,variant_a
U04538,fashion_shopper,46,0.4033375196393305,29,Massachusetts,2025-04-27,control
U04539,fashion_shopper,20,0.5931516736635485,26,Wyoming,2025-09-03,control
U04540,fashion_shopper,63,0.7961655270441648,18,New York,2026-02-20,control
U04541,electronics_buyer,41,0.7070151550999362,23,Mississippi,2025-08-12,variant_a
U04542,fashion_shopper,18,0.3650112034787054,19,New Jersey,2024-04-07,control
U04543,fashion_shopper,27,0.5758669103858014,24,New Hampshire,2026-04-27,control
U04544,fashion_shopper,30,0.8561135439210257,24,Alabama,2024-05-19,variant_a
U04545,hybrid,53,0.16138561126845294,25,Washington,2023-11-14,variant_b
U04546,fashion_shopper,26,0.1704675402882143,27,Vermont,2025-10-23,control
U04547,electronics_buyer,31,0.6005530612447781,20,New York,2025-04-24,variant_a
U04548,electronics_buyer,53,0.6752036155508229,26,Maryland,2025-02-21,variant_a
U04549,electronics_buyer,27,0.2902717141983137,19,Montana,2025-03-11,variant_b
U04550,hybrid,57,0.7706981140223662,25,Ohio,2024-02-19,variant_b
U04551,fashion_shopper,40,0.6816370393366546,25,Idaho,2023-12-08,control
U04552,fashion_shopper,52,0.9309603414126578,18,Minnesota,2023-06-01,control
U04553,hybrid,24,0.25205878167268303,6,Oregon,2024-09-27,variant_b
U04554,electronics_buyer,59,0.7762368388222096,16,Nevada,2024-10-03,variant_a
U04555,electronics_buyer,52,0.1752787815249403,3,Connecticut,2026-05-07,variant_a
U04556,electronics_buyer,19,0.6087631685661078,21,Maine,2026-03-30,variant_a
U04557,electronics_buyer,32,0.5967056255492312,2,Arizona,2025-08-23,variant_b
U04558,hybrid,26,0.4495465401820665,15,South Dakota,2023-08-09,variant_b
U04559,hybrid,64,0.8601140329017105,20,Idaho,2024-10-10,variant_b
U04560,electronics_buyer,34,0.10393358030741101,11,New York,2025-08-10,variant_b
U04561,fashion_shopper,56,0.5681614617086687,19,Montana,2024-01-18,control
U04562,hybrid,35,0.29543819485166867,18,Oklahoma,2024-06-27,variant_b
U04563,fashion_shopper,32,0.7691487572047896,22,West Virginia,2026-02-13,control
U04564,fashion_shopper,35,0.13876068367548747,11,North Dakota,2026-03-13,control
U04565,hybrid,41,0.8483992193634199,3,Oklahoma,2025-08-08,variant_b
U04566,fashion_shopper,40,0.8542830040362563,4,Tennessee,2025-10-25,control
U04567,fashion_shopper,29,0.8495794111631526,6,Illinois,2025-05-11,control
U04568,fashion_shopper,40,0.23731167405940287,12,Utah,2024-08-02,control
U04569,hybrid,38,0.6673658667049404,29,West Virginia,2025-03-28,variant_b
U04570,electronics_buyer,43,0.11293062326505066,28,Louisiana,2023-10-08,variant_a
U04571,electronics_buyer,25,0.8631663321602798,21,Georgia,2024-11-19,variant_b
U04572,fashion_shopper,47,0.7506776741577584,4,Kansas,2023-11-29,control
U04573,electronics_buyer,51,0.5780383578093274,29,New Hampshire,2026-04-08,variant_b
U04574,electronics_buyer,19,0.7575322897869554,12,Massachusetts,2025-09-21,variant_b
U04575,fashion_shopper,22,0.184891686986595,4,Nevada,2024-07-10,control
U04576,fashion_shopper,48,0.5757902489591706,2,West Virginia,2025-03-09,variant_a
U04577,fashion_shopper,50,0.36214884263480096,12,Hawaii,2023-05-23,control
U04578,hybrid,21,0.9753575169006757,13,Wisconsin,2024-02-08,variant_b
U04579,electronics_buyer,23,0.8714061555615116,26,Ohio,2024-12-10,variant_a
U04580,hybrid,40,0.7599481262505792,29,New Hampshire,2023-09-29,variant_b
U04581,fashion_shopper,62,0.9403728717247587,16,Kentucky,2025-08-05,control
U04582,electronics_buyer,36,0.41215897410892643,4,New Hampshire,2025-02-26,variant_b
U04583,electronics_buyer,60,0.9107919090893631,28,Minnesota,2024-07-02,variant_b
U04584,electronics_buyer,62,0.39271440889603926,8,New Hampshire,2025-01-17,variant_b
U04585,hybrid,25,0.7595170477220377,5,Nevada,2024-01-08,variant_b
U04586,fashion_shopper,56,0.7627752205988042,14,Louisiana,2025-05-09,variant_a
U04587,fashion_shopper,30,0.11651488880868413,15,Wyoming,2026-02-21,control
U04588,electronics_buyer,18,0.4249537284503757,11,Vermont,2025-07-15,variant_b
U04589,electronics_buyer,23,0.11748940516764811,10,Georgia,2024-11-21,variant_b
U04590,electronics_buyer,24,0.9973828158492237,10,California,2024-01-02,variant_a
U04591,fashion_shopper,44,0.2099770856463142,24,Missouri,2025-02-04,control
U04592,electronics_buyer,32,0.5885298060832984,6,West Virginia,2024-11-03,variant_a
U04593,fashion_shopper,51,0.8115006148863735,16,South Dakota,2025-08-17,control
U04594,fashion_shopper,40,0.2811372420348032,28,New Mexico,2025-07-19,variant_a
U04595,electronics_buyer,41,0.5365474012859254,26,California,2024-04-05,variant_a
U04596,electronics_buyer,32,0.6466858848290358,21,Maine,2023-11-11,variant_b
U04597,fashion_shopper,52,0.24418427895599085,4,Michigan,2024-06-09,control
U04598,fashion_shopper,21,0.8006999139203846,26,Michigan,2025-07-17,variant_a
U04599,fashion_shopper,61,0.36940281147042875,9,Ohio,2025-06-08,control
U04600,fashion_shopper,54,0.2899207687049563,10,California,2023-07-04,control
U04601,electronics_buyer,34,0.6024598717936752,5,Oklahoma,2024-07-16,variant_b
U04602,hybrid,48,0.4692822648786441,10,Virginia,2025-09-20,variant_b
U04603,fashion_shopper,55,0.928257350172776,16,Maine,2024-04-04,variant_a
U04604,electronics_buyer,27,0.8920564283783385,11,New Hampshire,2023-09-11,variant_b
U04605,hybrid,44,0.5350155970499949,6,New Hampshire,2023-10-23,variant_b
U04606,hybrid,59,0.4233373972530379,7,New Hampshire,2023-12-21,variant_b
U04607,fashion_shopper,23,0.3929661834681387,27,Kentucky,2023-10-21,control
U04608,hybrid,23,0.34080726077335666,12,Florida,2024-09-15,variant_b
U04609,fashion_shopper,32,0.5900930683412295,27,Maryland,2025-01-05,variant_a
U04610,fashion_shopper,21,0.8244807442610892,13,North Dakota,2026-03-01,control
U04611,fashion_shopper,57,0.379680947383202,17,North Carolina,2023-12-05,control
U04612,electronics_buyer,24,0.2710846807192734,9,Vermont,2023-10-21,variant_a
U04613,fashion_shopper,62,0.5279354255649581,28,Colorado,2024-05-30,control
U04614,fashion_shopper,64,0.1621309751178999,8,Maryland,2023-07-24,control
U04615,fashion_shopper,43,0.7311511055167361,28,Illinois,2023-06-30,control
U04616,hybrid,48,0.5665224396717402,27,California,2025-12-12,variant_b
U04617,hybrid,19,0.5467373271755688,16,Vermont,2024-12-05,variant_b
U04618,fashion_shopper,45,0.3704008415950203,21,Florida,2024-06-12,control
U04619,hybrid,59,0.914206093778563,3,Alabama,2023-11-03,variant_b
U04620,hybrid,30,0.18143766266459743,5,Nevada,2025-12-05,variant_b
U04621,electronics_buyer,35,0.8828416079983282,21,North Carolina,2024-02-26,variant_b
U04622,fashion_shopper,47,0.4390346821743304,25,Massachusetts,2024-10-02,control
U04623,electronics_buyer,28,0.8925611643775201,23,Alaska,2023-06-12,variant_b
U04624,hybrid,30,0.7558853124991453,13,Nebraska,2025-05-04,variant_b
U04625,electronics_buyer,41,0.1937536539958345,18,New Hampshire,2025-10-28,variant_b
U04626,fashion_shopper,46,0.8483826578584183,21,Tennessee,2025-08-14,control
U04627,electronics_buyer,22,0.7139591503295546,16,Alabama,2024-04-22,variant_a
U04628,electronics_buyer,52,0.1290717216238136,25,New Hampshire,2026-04-12,variant_a
U04629,electronics_buyer,36,0.22033241389870295,14,Michigan,2024-08-04,variant_a
U04630,fashion_shopper,30,0.6720652502521256,11,Oregon,2026-03-19,control
U04631,fashion_shopper,22,0.6963404525922564,29,Rhode Island,2024-12-14,control
U04632,hybrid,61,0.7719862895538355,18,Georgia,2024-02-17,variant_b
U04633,hybrid,31,0.7482208606974837,8,Rhode Island,2023-06-24,variant_b
U04634,fashion_shopper,55,0.6935679592029594,12,Pennsylvania,2024-02-15,control
U04635,hybrid,39,0.7896150115717803,19,South Dakota,2025-12-04,variant_b
U04636,fashion_shopper,26,0.6175771353031355,20,Minnesota,2025-05-04,control
U04637,electronics_buyer,57,0.3347122469720094,2,Texas,2025-04-08,variant_a
U04638,electronics_buyer,43,0.9211389523576464,9,Ohio,2023-09-10,variant_b
U04639,hybrid,62,0.11639262783878014,22,Indiana,2026-02-11,variant_b
U04640,hybrid,22,0.4299055478843412,9,Georgia,2025-06-06,variant_b
U04641,fashion_shopper,46,0.755983263787447,14,North Dakota,2023-07-19,control
U04642,hybrid,39,0.48444043703470685,15,North Carolina,2024-06-28,variant_b
U04643,fashion_shopper,20,0.12235096673201289,11,Washington,2026-03-15,control
U04644,electronics_buyer,45,0.15938281280459188,29,North Carolina,2026-02-02,variant_b
U04645,electronics_buyer,55,0.6837736322244597,13,Wisconsin,2024-05-25,variant_b
U04646,electronics_buyer,31,0.9683781394647697,24,Nevada,2024-10-13,variant_b
U04647,fashion_shopper,64,0.596677272251049,28,Wyoming,2023-06-03,control
U04648,hybrid,31,0.5560820362213922,25,New Hampshire,2026-02-13,variant_b
U04649,fashion_shopper,60,0.3864926917506406,5,Washington,2023-12-11,control
U04650,fashion_shopper,28,0.33102160647945683,6,North Carolina,2025-02-22,control
U04651,electronics_buyer,26,0.11888648358065625,23,Pennsylvania,2023-12-17,variant_b
U04652,electronics_buyer,55,0.34565938087642406,5,Arkansas,2025-04-25,variant_a
U04653,hybrid,64,0.5041993967787272,1,New York,2025-05-13,variant_b
U04654,fashion_shopper,61,0.2781548047440552,25,Missouri,2024-10-10,variant_a
U04655,fashion_shopper,23,0.17861318963328632,18,North Carolina,2026-03-01,control
U04656,hybrid,18,0.7459550805291423,23,Pennsylvania,2025-07-02,variant_b
U04657,electronics_buyer,42,0.9051582421612604,28,Texas,2024-01-19,variant_a
U04658,fashion_shopper,33,0.9430948627183771,24,Arkansas,2026-01-02,control
U04659,electronics_buyer,32,0.6561988556472904,8,Vermont,2025-10-14,variant_b
U04660,electronics_buyer,51,0.14749712433935364,17,Missouri,2024-08-15,variant_a
U04661,electronics_buyer,34,0.766776366965596,26,Missouri,2025-04-09,variant_a
U04662,electronics_buyer,20,0.19908577473569775,23,Texas,2025-03-06,variant_a
U04663,hybrid,20,0.7027733059190415,25,Arizona,2026-03-18,variant_b
U04664,hybrid,54,0.8014292521730881,11,Wyoming,2026-05-11,variant_b
U04665,electronics_buyer,34,0.7532782397438255,11,Mississippi,2024-07-09,variant_b
U04666,fashion_shopper,55,0.9566954251850176,3,California,2023-07-29,control
U04667,hybrid,18,0.7643316560206508,8,South Carolina,2025-09-24,variant_b
U04668,electronics_buyer,24,0.7238888001836277,8,Oregon,2024-11-21,variant_b
U04669,electronics_buyer,43,0.33556885496479216,25,Wyoming,2023-10-12,variant_b
U04670,fashion_shopper,64,0.9322918177923115,24,Oklahoma,2024-05-29,variant_a
U04671,hybrid,56,0.2615894837147502,21,Ohio,2025-12-22,variant_b
U04672,electronics_buyer,36,0.9144069503258138,21,Mississippi,2024-12-24,variant_b
U04673,fashion_shopper,47,0.3813962890113194,3,Rhode Island,2024-09-01,control
U04674,fashion_shopper,60,0.21714723448990186,28,Nebraska,2025-11-03,variant_a
U04675,hybrid,31,0.8440147245440537,22,Ohio,2023-10-30,variant_b
U04676,fashion_shopper,30,0.10224590824074624,10,Illinois,2024-06-30,control
U04677,hybrid,37,0.8488794859127476,19,Nevada,2025-04-21,variant_b
U04678,electronics_buyer,43,0.3360806578413783,14,Florida,2025-09-13,variant_b
U04679,electronics_buyer,44,0.8962491454800592,18,Vermont,2024-03-25,variant_a
U04680,fashion_shopper,42,0.7223312640174212,23,Ohio,2024-07-27,control
U04681,fashion_shopper,26,0.6995649995655311,26,Kansas,2024-10-12,control
U04682,hybrid,58,0.42878760684835904,3,New York,2025-01-24,variant_b
U04683,fashion_shopper,29,0.1534626765016939,29,North Dakota,2023-12-04,control
U04684,electronics_buyer,27,0.8470657883850196,20,South Carolina,2023-07-21,variant_b
U04685,fashion_shopper,23,0.25381341565887516,14,New Jersey,2023-07-03,variant_a
U04686,fashion_shopper,51,0.43503277770527704,11,Missouri,2026-02-13,control
U04687,fashion_shopper,58,0.6403192169581736,10,Alaska,2023-08-17,control
U04688,electronics_buyer,36,0.5340283647045595,24,New Mexico,2023-07-05,variant_a
U04689,hybrid,23,0.27879457165418625,14,Vermont,2024-02-04,variant_b
U04690,fashion_shopper,19,0.22655472119405554,1,Vermont,2025-02-28,variant_a
U04691,fashion_shopper,32,0.21092164502526156,16,Washington,2023-10-16,variant_a
U04692,fashion_shopper,34,0.8767070933492809,25,Connecticut,2025-09-02,variant_a
U04693,electronics_buyer,33,0.12840359415520028,6,Kansas,2025-05-08,variant_a
U04694,fashion_shopper,45,0.9793128336399048,18,Wisconsin,2023-11-30,variant_a
U04695,hybrid,38,0.2786758213468727,16,Maine,2025-01-07,variant_b
U04696,electronics_buyer,25,0.19929006719117032,19,Connecticut,2024-08-23,variant_a
U04697,electronics_buyer,27,0.6192744892991157,16,Kansas,2023-09-13,variant_a
U04698,fashion_shopper,27,0.17198736214662697,5,Ohio,2023-10-28,control
U04699,hybrid,27,0.6422079368472354,27,Arizona,2025-01-01,variant_b
U04700,fashion_shopper,26,0.8655639803322518,12,Alaska,2026-03-07,control
U04701,fashion_shopper,45,0.14310821932068235,6,Minnesota,2026-01-16,control
U04702,electronics_buyer,41,0.8198817440756897,25,Hawaii,2025-03-29,variant_a
U04703,electronics_buyer,36,0.4550296968839068,2,Delaware,2023-09-16,variant_a
U04704,fashion_shopper,50,0.243541570448089,16,Arkansas,2023-12-12,variant_a
U04705,fashion_shopper,21,0.25848683224071317,21,Illinois,2023-10-22,variant_a
U04706,electronics_buyer,20,0.9268880893248036,23,Louisiana,2026-05-01,variant_b
U04707,fashion_shopper,59,0.19954517674659802,11,Montana,2023-06-10,control
U04708,hybrid,29,0.8801045084040914,12,North Dakota,2024-10-02,variant_b
U04709,electronics_buyer,35,0.5898201588852532,11,Rhode Island,2025-06-13,variant_a
U04710,fashion_shopper,40,0.1351505609347952,23,Nebraska,2026-05-07,variant_a
U04711,electronics_buyer,37,0.5180285311456045,20,South Carolina,2025-11-07,variant_a
U04712,fashion_shopper,23,0.8357045630286706,19,New York,2025-11-08,control
U04713,electronics_buyer,51,0.7535825088751904,29,Georgia,2025-04-19,variant_b
U04714,electronics_buyer,59,0.5399041759162461,8,Wisconsin,2023-11-24,variant_a
U04715,fashion_shopper,19,0.8740448917265954,29,Montana,2025-08-19,control
U04716,electronics_buyer,47,0.20832828560220673,18,Vermont,2026-03-10,variant_a
U04717,hybrid,26,0.9189469480531319,5,North Carolina,2023-10-17,variant_b
U04718,fashion_shopper,44,0.861797087635014,12,Ohio,2023-06-19,variant_a
U04719,hybrid,59,0.7374491430915124,10,Hawaii,2024-02-17,variant_b
U04720,fashion_shopper,51,0.8360989679158743,15,Utah,2025-04-11,variant_a
U04721,fashion_shopper,57,0.5894339561583994,5,Texas,2025-06-14,control
U04722,fashion_shopper,41,0.7076461861879002,17,New Jersey,2024-05-01,control
U04723,fashion_shopper,34,0.604538263637001,23,Nevada,2024-12-03,variant_a
U04724,fashion_shopper,46,0.41988567745715444,4,Pennsylvania,2024-04-07,control
U04725,fashion_shopper,53,0.6119747176250598,26,Maryland,2025-05-18,control
U04726,hybrid,29,0.33171879927873316,12,Maine,2024-10-14,variant_b
U04727,hybrid,48,0.49625125375670676,18,Idaho,2026-05-15,variant_b
U04728,electronics_buyer,26,0.35269786653421886,8,Kansas,2025-02-25,variant_b
U04729,fashion_shopper,36,0.2105990105152501,20,Missouri,2025-11-09,control
U04730,fashion_shopper,63,0.3896756707509156,17,Arizona,2025-06-13,control
U04731,fashion_shopper,63,0.8667884963662935,8,Texas,2026-02-13,control
U04732,electronics_buyer,34,0.4429726935780751,13,Tennessee,2025-10-06,variant_b
U04733,hybrid,19,0.7732032840719821,27,Kansas,2024-09-28,variant_b
U04734,fashion_shopper,57,0.25767806881434513,23,Washington,2024-09-06,variant_a
U04735,fashion_shopper,22,0.48197724325087743,3,Maine,2025-07-14,control
U04736,electronics_buyer,56,0.2033704624016589,3,Florida,2024-02-29,variant_a
U04737,fashion_shopper,33,0.22475895703074072,7,New Jersey,2024-05-09,variant_a
U04738,fashion_shopper,34,0.6556927419010622,18,Idaho,2023-11-08,variant_a
U04739,electronics_buyer,44,0.64673363570411,21,Vermont,2023-06-01,variant_a
U04740,electronics_buyer,24,0.292034716619376,7,Maine,2023-07-09,variant_b
U04741,fashion_shopper,25,0.5269808748599188,22,Nebraska,2026-03-17,control
U04742,fashion_shopper,25,0.8769755502801532,26,Massachusetts,2025-07-25,control
U04743,hybrid,40,0.2567813578088346,23,Maryland,2023-07-21,variant_b
U04744,fashion_shopper,49,0.11728947976616336,2,North Dakota,2024-11-08,control
U04745,fashion_shopper,60,0.686795626597215,7,Maryland,2026-01-28,control
U04746,fashion_shopper,64,0.1481483872798165,2,Wyoming,2023-12-16,control
U04747,fashion_shopper,35,0.9819462147152014,7,Rhode Island,2025-04-02,control
U04748,fashion_shopper,55,0.6486582554189929,14,North Dakota,2025-07-05,variant_a
U04749,hybrid,29,0.5233567175595751,15,Maine,2025-09-19,variant_b
U04750,fashion_shopper,32,0.4869932860218761,16,Kentucky,2024-07-04,variant_a
U04751,fashion_shopper,45,0.6157635926652383,24,Iowa,2024-07-20,variant_a
U04752,electronics_buyer,55,0.18156199304819343,26,Washington,2026-02-25,variant_b
U04753,electronics_buyer,48,0.9370171529375462,8,Missouri,2023-05-26,variant_a
U04754,hybrid,26,0.66307786169669,16,Utah,2025-06-19,variant_b
U04755,hybrid,25,0.26558064784981794,21,Florida,2025-02-17,variant_b
U04756,fashion_shopper,63,0.6063229483881966,7,Alaska,2024-07-28,control
U04757,electronics_buyer,36,0.21993085524971046,11,North Dakota,2024-06-18,variant_b
U04758,electronics_buyer,25,0.11579744580248091,24,California,2025-03-13,variant_a
U04759,hybrid,51,0.6674652866925982,4,Massachusetts,2025-08-19,variant_b
U04760,electronics_buyer,21,0.683635007683115,18,Wisconsin,2025-04-23,variant_a
U04761,hybrid,48,0.6253269245230739,23,North Carolina,2026-04-02,variant_b
U04762,electronics_buyer,55,0.2651348839240208,13,Maine,2025-01-10,variant_b
U04763,fashion_shopper,20,0.6430868726452903,17,Wisconsin,2023-07-09,control
U04764,electronics_buyer,52,0.15085984683206782,12,North Dakota,2023-07-08,variant_a
U04765,hybrid,36,0.6483145200147301,18,Virginia,2025-02-20,variant_b
U04766,hybrid,60,0.5986153171968569,10,Massachusetts,2023-09-26,variant_b
U04767,fashion_shopper,46,0.6897293477551896,7,Florida,2025-10-19,control
U04768,electronics_buyer,27,0.9059280451771544,12,New Mexico,2023-07-12,variant_b
U04769,fashion_shopper,29,0.865322294715583,12,Nebraska,2024-10-06,variant_a
U04770,fashion_shopper,63,0.9825887724062848,26,South Carolina,2024-09-06,control
U04771,fashion_shopper,47,0.9786169296429176,13,Massachusetts,2024-12-24,variant_a
U04772,fashion_shopper,47,0.7950877240363774,1,Illinois,2026-04-14,control
U04773,hybrid,35,0.9607776599599552,7,Massachusetts,2024-01-03,variant_b
U04774,fashion_shopper,41,0.8805554973002008,16,Illinois,2023-07-25,control
U04775,hybrid,49,0.7548242049054756,16,New Hampshire,2024-10-23,variant_b
U04776,fashion_shopper,26,0.16784582917937968,21,Minnesota,2025-01-11,control
U04777,fashion_shopper,64,0.144144899442899,16,Kentucky,2026-01-29,control
U04778,fashion_shopper,41,0.8538396107551932,16,Alaska,2023-11-01,control
U04779,fashion_shopper,43,0.5406902720845285,14,Rhode Island,2023-09-22,control
U04780,fashion_shopper,20,0.8331460159374288,11,Louisiana,2024-02-01,control
U04781,fashion_shopper,40,0.38162644358969744,19,Nebraska,2025-12-31,control
U04782,electronics_buyer,28,0.4578848724907115,11,Wisconsin,2025-02-07,variant_a
U04783,fashion_shopper,27,0.7301680489107387,2,New Mexico,2024-06-07,control
U04784,fashion_shopper,53,0.9237940632388839,7,Michigan,2024-06-30,variant_a
U04785,fashion_shopper,30,0.17898532703099734,9,Nebraska,2025-02-21,variant_a
U04786,hybrid,46,0.8753303301711456,9,Ohio,2025-09-15,variant_b
U04787,hybrid,55,0.8137114523914287,14,Ohio,2025-04-26,variant_b
U04788,electronics_buyer,30,0.3839853436568692,26,Ohio,2025-08-06,variant_a
U04789,fashion_shopper,43,0.4196949527184036,10,Colorado,2025-08-07,control
U04790,fashion_shopper,37,0.14181532949971867,16,Nebraska,2025-04-20,control
U04791,hybrid,22,0.11416655000504619,24,Maine,2026-03-01,variant_b
U04792,fashion_shopper,37,0.5293055137219562,18,Massachusetts,2025-01-02,control
U04793,fashion_shopper,31,0.1859856809475795,1,Indiana,2025-07-20,control
U04794,fashion_shopper,62,0.2746016329736917,24,Colorado,2024-08-30,control
U04795,fashion_shopper,31,0.8620904795739972,2,Arkansas,2025-07-24,control
U04796,fashion_shopper,25,0.6139255521254072,20,Minnesota,2024-05-19,control
U04797,electronics_buyer,30,0.6702691935395021,28,Massachusetts,2025-10-04,variant_b
U04798,fashion_shopper,41,0.268731397748728,4,Arkansas,2024-10-13,control
U04799,electronics_buyer,32,0.8457956240089776,2,Arizona,2025-09-08,variant_a
U04800,fashion_shopper,18,0.8811817951957728,4,Delaware,2025-01-19,control
U04801,fashion_shopper,39,0.570994834341739,23,West Virginia,2025-12-28,control
U04802,hybrid,51,0.9213019946907939,6,New Hampshire,2025-03-24,variant_b
U04803,fashion_shopper,57,0.8603457624591235,26,Indiana,2025-07-17,control
U04804,hybrid,20,0.7581917590069942,22,Washington,2024-08-27,variant_b
U04805,electronics_buyer,43,0.7606683241242658,4,Alabama,2024-05-26,variant_a
U04806,fashion_shopper,31,0.19485412655577697,18,North Carolina,2026-02-22,control
U04807,hybrid,58,0.3437524339260992,5,Rhode Island,2025-06-10,variant_b
U04808,fashion_shopper,25,0.16016249783590847,11,Massachusetts,2026-03-12,control
U04809,hybrid,33,0.1078130883036778,13,Delaware,2024-01-10,variant_b
U04810,fashion_shopper,59,0.24247857824551913,3,California,2025-06-10,control
U04811,hybrid,38,0.892438464382246,19,North Carolina,2023-08-20,variant_b
U04812,fashion_shopper,27,0.31588665313244635,20,Minnesota,2025-03-01,control
U04813,electronics_buyer,42,0.9731385663325496,11,Pennsylvania,2025-02-19,variant_a
U04814,electronics_buyer,55,0.6375618996050855,11,Ohio,2026-01-01,variant_b
U04815,hybrid,39,0.31353263887122135,21,Rhode Island,2025-05-22,variant_b
U04816,hybrid,64,0.5474177231357915,27,South Dakota,2024-11-17,variant_b
U04817,hybrid,63,0.29718534043010386,2,North Dakota,2025-11-05,variant_b
U04818,hybrid,21,0.9855762023641365,22,Maryland,2025-10-04,variant_b
U04819,fashion_shopper,21,0.8625384855144674,15,Massachusetts,2025-09-09,control
U04820,fashion_shopper,47,0.1236149099040962,22,Rhode Island,2024-06-14,control
U04821,fashion_shopper,19,0.952998428320724,8,Montana,2024-12-25,control
U04822,fashion_shopper,46,0.7489585965725986,2,Minnesota,2026-02-17,variant_a
U04823,fashion_shopper,60,0.1741431268191505,8,Rhode Island,2024-04-04,variant_a
U04824,electronics_buyer,53,0.703573971693801,24,Iowa,2026-01-05,variant_a
U04825,fashion_shopper,38,0.6822340281691169,20,Utah,2025-02-22,control
U04826,electronics_buyer,38,0.2969098712268251,23,Colorado,2025-12-14,variant_b
U04827,fashion_shopper,38,0.782602030006818,15,Ohio,2024-05-01,control
U04828,fashion_shopper,21,0.17835823298167042,16,Arkansas,2023-10-15,control
U04829,electronics_buyer,18,0.5405006631081231,13,West Virginia,2023-09-14,variant_a
U04830,electronics_buyer,43,0.10893088644677913,23,Illinois,2025-06-28,variant_b
U04831,electronics_buyer,19,0.9718637400052718,17,Utah,2026-05-14,variant_b
U04832,electronics_buyer,26,0.7764072685992184,14,New York,2025-01-06,variant_a
U04833,fashion_shopper,62,0.24296686854369043,29,Iowa,2023-11-24,control
U04834,electronics_buyer,35,0.40750663595615466,14,Wyoming,2026-03-06,variant_a
U04835,fashion_shopper,59,0.24450614002735865,1,Utah,2024-06-14,control
U04836,fashion_shopper,58,0.7899557177163832,24,West Virginia,2025-06-09,variant_a
U04837,fashion_shopper,28,0.15300669288494367,27,Kansas,2025-10-12,variant_a
U04838,fashion_shopper,42,0.8563659900073428,1,Wisconsin,2025-06-11,control
U04839,fashion_shopper,43,0.9479767049521568,3,Montana,2025-02-26,control
U04840,hybrid,53,0.7089651485256699,22,Massachusetts,2023-11-30,variant_b
U04841,hybrid,59,0.2916689050012908,24,New Jersey,2024-03-31,variant_b
U04842,fashion_shopper,52,0.42408108623219576,15,California,2024-02-13,variant_a
U04843,fashion_shopper,55,0.5295158873280381,5,New Jersey,2024-09-29,control
U04844,fashion_shopper,20,0.6441622949820284,5,Hawaii,2025-08-02,control
U04845,fashion_shopper,58,0.7017967808305187,4,Georgia,2023-07-24,variant_a
U04846,hybrid,52,0.5987932437869945,14,Minnesota,2025-06-19,variant_b
U04847,fashion_shopper,57,0.4161825287396702,20,Minnesota,2025-02-25,control
U04848,electronics_buyer,39,0.9018255525084128,7,Rhode Island,2026-04-16,variant_b
U04849,fashion_shopper,25,0.17325285221616243,22,Connecticut,2025-10-29,control
U04850,hybrid,32,0.5196304488191456,24,Oregon,2025-12-09,variant_b
U04851,fashion_shopper,62,0.7980083546207326,15,Georgia,2024-09-28,variant_a
U04852,electronics_buyer,24,0.15478539876226083,11,New Mexico,2024-01-10,variant_b
U04853,fashion_shopper,36,0.734801695130171,14,Connecticut,2025-04-20,variant_a
U04854,electronics_buyer,57,0.8377404604779924,6,Hawaii,2024-02-03,variant_a
U04855,fashion_shopper,59,0.694748168674347,27,Rhode Island,2024-10-17,control
U04856,fashion_shopper,34,0.1116432030478204,10,Illinois,2024-02-05,control
U04857,hybrid,18,0.26212332441898567,7,Texas,2023-11-25,variant_b
U04858,hybrid,62,0.4079017710027557,10,Pennsylvania,2025-12-13,variant_b
U04859,hybrid,46,0.31032103207424133,14,Indiana,2024-08-07,variant_b
U04860,electronics_buyer,30,0.9663869262046847,26,Oregon,2024-03-19,variant_a
U04861,hybrid,46,0.6864345227024142,5,Rhode Island,2023-08-24,variant_b
U04862,fashion_shopper,58,0.3672738616164133,22,Indiana,2023-07-02,control
U04863,fashion_shopper,59,0.9367277487989011,1,Maine,2025-03-02,control
U04864,fashion_shopper,23,0.7665347795285682,19,Louisiana,2024-03-06,control
U04865,electronics_buyer,22,0.3561464906443378,28,Wisconsin,2025-12-23,variant_a
U04866,fashion_shopper,51,0.4409934124617598,8,Missouri,2023-05-28,variant_a
U04867,fashion_shopper,28,0.2794859724735611,19,Delaware,2024-06-23,control
U04868,electronics_buyer,26,0.9739665984392397,17,Louisiana,2024-04-15,variant_a
U04869,hybrid,55,0.5655668463010659,19,Indiana,2024-06-26,variant_b
U04870,fashion_shopper,57,0.9064510187481861,28,Oklahoma,2024-02-08,variant_a
U04871,fashion_shopper,58,0.41184979391516296,16,Texas,2023-08-27,control
U04872,fashion_shopper,26,0.8747574427877282,4,Kentucky,2026-04-02,control
U04873,fashion_shopper,25,0.14849816358444756,8,Utah,2025-10-05,control
U04874,fashion_shopper,61,0.9838812857718592,25,Montana,2023-10-30,control
U04875,electronics_buyer,57,0.9208309303299724,4,Connecticut,2023-10-28,variant_a
U04876,electronics_buyer,20,0.4268826502989894,13,South Dakota,2024-08-18,variant_a
U04877,electronics_buyer,30,0.7972499487831196,28,Maine,2025-02-25,variant_b
U04878,fashion_shopper,36,0.7770321338264434,7,Massachusetts,2026-02-08,variant_a
U04879,hybrid,51,0.9111293173926385,1,Arkansas,2025-12-05,variant_b
U04880,fashion_shopper,49,0.37652948301593003,9,California,2024-01-25,control
U04881,electronics_buyer,33,0.5189680047827345,27,Arizona,2025-12-14,variant_a
U04882,hybrid,53,0.8784996513454477,28,North Dakota,2025-07-09,variant_b
U04883,fashion_shopper,35,0.8007215087216945,4,Nebraska,2023-11-21,control
U04884,fashion_shopper,31,0.4541200468662513,14,Arkansas,2023-10-30,control
U04885,hybrid,47,0.8611527096209098,9,Georgia,2025-09-15,variant_b
U04886,fashion_shopper,19,0.14225863530916136,3,Texas,2024-11-25,variant_a
U04887,electronics_buyer,30,0.8038416726666912,15,Arizona,2026-04-27,variant_b
U04888,fashion_shopper,44,0.2860892734903306,27,Rhode Island,2025-12-28,control
U04889,electronics_buyer,34,0.35750881704140847,29,South Dakota,2024-11-20,variant_b
U04890,fashion_shopper,48,0.5438933592360343,5,Minnesota,2023-09-17,control
U04891,fashion_shopper,32,0.5047610509629765,1,Pennsylvania,2024-06-27,control
U04892,electronics_buyer,37,0.5685130961828928,11,North Dakota,2024-05-13,variant_a
U04893,fashion_shopper,22,0.5902980361048215,19,Washington,2025-11-04,control
U04894,fashion_shopper,24,0.3983749219283472,5,Virginia,2026-02-05,variant_a
U04895,fashion_shopper,35,0.25770476171532697,22,North Dakota,2025-09-08,control
U04896,fashion_shopper,28,0.7916331063585754,29,South Carolina,2026-04-29,control
U04897,fashion_shopper,49,0.45997853417842793,24,Tennessee,2024-07-18,control
U04898,fashion_shopper,44,0.5552567762131532,17,Texas,2025-01-22,control
U04899,hybrid,43,0.6802270465160063,19,Florida,2025-09-04,variant_b
U04900,fashion_shopper,54,0.9186741300759904,17,New Hampshire,2023-08-24,control
U04901,electronics_buyer,62,0.7367975480261979,5,New Hampshire,2023-08-22,variant_a
U04902,fashion_shopper,45,0.14091330303134608,24,Oregon,2026-01-16,control
U04903,fashion_shopper,19,0.8547043270582159,20,North Carolina,2024-02-01,control
U04904,hybrid,37,0.9904195136147672,29,Oklahoma,2023-07-24,variant_b
U04905,fashion_shopper,21,0.5252365228342439,27,Arizona,2025-05-08,control
U04906,hybrid,30,0.9726313028091406,9,Hawaii,2023-06-03,variant_b
U04907,fashion_shopper,41,0.5925958681088345,22,Indiana,2024-10-14,control
U04908,electronics_buyer,55,0.5136543962847548,6,California,2026-03-09,variant_b
U04909,electronics_buyer,57,0.3982642882547096,27,North Dakota,2023-08-06,variant_a
U04910,hybrid,62,0.691799388250005,21,New Mexico,2023-09-16,variant_b
U04911,electronics_buyer,46,0.30683837847254014,13,Michigan,2025-01-18,variant_a
U04912,electronics_buyer,53,0.19444079666296388,26,Missouri,2023-07-26,variant_a
U04913,fashion_shopper,19,0.12451339232579267,21,Oklahoma,2026-03-12,control
U04914,fashion_shopper,58,0.3631421014437374,11,Wyoming,2025-10-12,control
U04915,hybrid,35,0.4561937489503344,23,Alaska,2024-02-17,variant_b
U04916,fashion_shopper,25,0.596869026653123,24,New York,2025-09-20,control
U04917,fashion_shopper,32,0.36347484266830576,23,Pennsylvania,2023-12-30,variant_a
U04918,electronics_buyer,58,0.9856536151468701,1,Oregon,2024-08-08,variant_b
U04919,fashion_shopper,34,0.3625706514170508,17,Massachusetts,2024-10-18,control
U04920,hybrid,40,0.49687784960176784,26,Massachusetts,2025-06-20,variant_b
U04921,electronics_buyer,19,0.1929485489787103,6,Alaska,2026-05-17,variant_b
U04922,electronics_buyer,23,0.3345638620033681,3,Hawaii,2024-05-16,variant_a
U04923,hybrid,46,0.143498925810092,16,New Jersey,2024-03-02,variant_b
U04924,fashion_shopper,44,0.6035577700935952,13,Massachusetts,2026-02-17,control
U04925,fashion_shopper,54,0.7759582148191885,12,Delaware,2026-02-24,control
U04926,electronics_buyer,51,0.27613883290246116,25,Mississippi,2023-05-31,variant_a
U04927,fashion_shopper,35,0.4311198440344637,11,North Carolina,2023-12-26,control
U04928,electronics_buyer,59,0.11495460405444452,23,Connecticut,2024-09-01,variant_b
U04929,hybrid,27,0.8555698501499909,2,Montana,2024-01-25,variant_b
U04930,fashion_shopper,55,0.8019671724385026,28,Rhode Island,2023-07-17,variant_a
U04931,fashion_shopper,61,0.15692862778686315,19,Indiana,2024-02-04,variant_a
U04932,hybrid,34,0.4283808483883702,8,New Hampshire,2023-07-13,variant_b
U04933,fashion_shopper,30,0.9597579524645459,13,Alabama,2025-08-21,variant_a
U04934,electronics_buyer,59,0.4528243504710794,14,New Jersey,2026-04-09,variant_a
U04935,fashion_shopper,44,0.5735878090516144,15,South Carolina,2026-02-10,variant_a
U04936,hybrid,19,0.41971857490931963,17,Colorado,2025-02-27,variant_b
U04937,electronics_buyer,51,0.6365182493154357,15,Idaho,2025-10-10,variant_a
U04938,electronics_buyer,48,0.98034118807314,21,New Mexico,2026-05-13,variant_b
U04939,hybrid,40,0.9977522531330774,10,New Hampshire,2025-11-30,variant_b
U04940,fashion_shopper,24,0.7972434802100721,1,Montana,2024-09-07,variant_a
U04941,fashion_shopper,55,0.4638799882183954,12,Wyoming,2024-11-15,variant_a
U04942,hybrid,50,0.5449889807460895,9,North Carolina,2024-07-22,variant_b
U04943,fashion_shopper,29,0.4210581953010749,23,New Jersey,2024-03-04,variant_a
U04944,electronics_buyer,62,0.9870171669139116,5,Oklahoma,2023-10-30,variant_b
U04945,hybrid,29,0.7369842752428634,22,Illinois,2024-05-29,variant_b
U04946,electronics_buyer,36,0.5040383008901601,27,Alabama,2025-07-14,variant_a
U04947,electronics_buyer,26,0.11090374309864211,15,New Jersey,2025-02-11,variant_b
U04948,hybrid,27,0.5684350729514935,3,Oklahoma,2024-08-03,variant_b
U04949,hybrid,34,0.985535381531456,19,New Mexico,2024-10-24,variant_b
U04950,fashion_shopper,57,0.5707548180757467,7,Nevada,2026-01-16,variant_a
U04951,fashion_shopper,56,0.2641840169402023,7,Vermont,2024-05-02,control
U04952,fashion_shopper,58,0.11988437239429738,7,New Jersey,2025-07-05,variant_a
U04953,electronics_buyer,27,0.4192333823117882,2,Idaho,2025-07-06,variant_b
U04954,electronics_buyer,29,0.9264052501269462,2,New York,2024-10-04,variant_a
U04955,electronics_buyer,32,0.9968986973582928,27,Maryland,2023-10-07,variant_b
U04956,fashion_shopper,48,0.9508311773308024,12,Hawaii,2026-03-30,variant_a
U04957,electronics_buyer,32,0.7564779939288311,5,Vermont,2023-10-04,variant_a
U04958,fashion_shopper,45,0.6023284555965898,4,New Hampshire,2023-10-25,control
U04959,electronics_buyer,21,0.6316175317440268,7,Tennessee,2024-01-29,variant_b
U04960,electronics_buyer,53,0.5850928081827648,16,North Carolina,2024-01-15,variant_a
U04961,fashion_shopper,18,0.7363443744306895,3,New Jersey,2024-07-17,control
U04962,fashion_shopper,61,0.4769859040258172,21,Colorado,2024-07-16,control
U04963,electronics_buyer,51,0.7022836044601889,2,Indiana,2026-03-08,variant_b
U04964,electronics_buyer,64,0.20945090346148093,17,Utah,2026-05-11,variant_a
U04965,fashion_shopper,34,0.33912577590533544,9,Colorado,2023-08-26,control
U04966,hybrid,56,0.8524027349277665,29,Illinois,2026-01-26,variant_b
U04967,electronics_buyer,55,0.913374037669052,20,Oregon,2025-11-25,variant_b
U04968,hybrid,61,0.5851074138042698,8,Vermont,2025-11-03,variant_b
U04969,fashion_shopper,50,0.12847205549163918,29,New Hampshire,2026-01-25,variant_a
U04970,electronics_buyer,38,0.9342762137125913,12,Utah,2024-10-12,variant_a
U04971,hybrid,43,0.7318578322245578,7,Missouri,2026-03-13,variant_b
U04972,electronics_buyer,63,0.47262513137982476,14,New Jersey,2025-10-27,variant_a
U04973,electronics_buyer,53,0.6385410488795468,28,California,2024-02-23,variant_b
U04974,fashion_shopper,22,0.48679735099722954,16,New York,2023-06-20,control
U04975,fashion_shopper,50,0.5188053040588458,1,Connecticut,2026-01-02,variant_a
U04976,fashion_shopper,18,0.8981288790934615,10,Vermont,2024-07-07,control
U04977,fashion_shopper,23,0.2449758222254004,11,Georgia,2024-05-26,control
U04978,fashion_shopper,54,0.19330222193401309,7,North Dakota,2023-12-16,control
U04979,fashion_shopper,19,0.10245587006171418,18,Alabama,2023-09-10,control
U04980,hybrid,22,0.382600338050914,19,Alabama,2025-07-05,variant_b
U04981,fashion_shopper,43,0.23267238983598465,14,Florida,2026-04-18,control
U04982,electronics_buyer,58,0.29798694562430006,17,Vermont,2023-07-21,variant_a
U04983,hybrid,64,0.11011508439883924,23,Louisiana,2023-07-01,variant_b
U04984,electronics_buyer,30,0.3044758732189329,19,Missouri,2024-09-25,variant_a
U04985,fashion_shopper,29,0.3994404237391366,22,Montana,2024-09-21,control
U04986,electronics_buyer,22,0.1284107467688932,28,Maryland,2024-09-17,variant_b
U04987,electronics_buyer,19,0.6471137118674329,13,South Carolina,2025-04-28,variant_a
U04988,electronics_buyer,21,0.6119203139953822,23,Florida,2025-09-26,variant_b
U04989,electronics_buyer,44,0.18733220065893258,3,Pennsylvania,2025-09-26,variant_b
U04990,hybrid,27,0.6355087997665609,2,Iowa,2026-03-16,variant_b
U04991,electronics_buyer,30,0.9987885267479899,25,New Jersey,2026-03-18,variant_a
U04992,fashion_shopper,61,0.9500220575303866,9,New Mexico,2025-12-09,variant_a
U04993,electronics_buyer,19,0.10240389403089697,7,South Dakota,2024-05-10,variant_a
U04994,fashion_shopper,43,0.8158404801973237,14,Massachusetts,2025-09-12,control
U04995,hybrid,32,0.41824474861283734,5,Michigan,2025-06-10,variant_b
U04996,fashion_shopper,63,0.1572862333011647,20,Maryland,2025-01-17,control
U04997,fashion_shopper,27,0.36638489234458727,15,Montana,2025-10-05,control
U04998,hybrid,39,0.3895628646816661,20,New Hampshire,2024-06-15,variant_b
U04999,electronics_buyer,57,0.5709198153781512,1,California,2025-03-28,variant_a
U05000,fashion_shopper,42,0.6949753905419692,20,Michigan,2026-01-05,variant_a
U05001,electronics_buyer,32,0.7741500509875672,7,Ohio,2023-09-23,variant_a
U05002,hybrid,30,0.32131273830694,5,Nevada,2025-07-20,variant_b
U05003,fashion_shopper,25,0.3895935132236473,25,Kentucky,2024-08-31,variant_a
U05004,hybrid,38,0.3775435361737617,4,New Hampshire,2023-11-20,variant_b
U05005,fashion_shopper,38,0.4264631813087888,11,Ohio,2024-04-09,control
U05006,electronics_buyer,39,0.9996906780607049,19,Vermont,2024-07-27,variant_b
U05007,hybrid,63,0.8001489725446833,6,Minnesota,2025-09-17,variant_b
U05008,fashion_shopper,50,0.9774914187418273,20,Georgia,2024-06-01,control
U05009,fashion_shopper,62,0.7237999535923515,27,Florida,2024-10-23,variant_a
U05010,fashion_shopper,44,0.46564363148255583,29,Florida,2023-12-15,control
U05011,electronics_buyer,57,0.4507697652642775,18,North Carolina,2025-04-11,variant_b
U05012,electronics_buyer,39,0.5397230304775407,5,Texas,2025-11-29,variant_a
U05013,electronics_buyer,47,0.4751828050279936,29,Vermont,2024-05-23,variant_a
U05014,fashion_shopper,26,0.8454936214834712,20,Idaho,2024-01-12,control
U05015,fashion_shopper,62,0.5185018117240235,15,Vermont,2025-06-24,control
U05016,fashion_shopper,52,0.36605292418976143,21,Arizona,2024-05-16,control
U05017,fashion_shopper,35,0.7973742418269866,28,Utah,2024-01-11,control
U05018,electronics_buyer,59,0.8689783684432552,25,Kentucky,2023-12-06,variant_a
U05019,hybrid,22,0.4783860605264063,20,Maine,2026-03-02,variant_b
U05020,electronics_buyer,44,0.7010277147149788,6,Nevada,2025-04-11,variant_a
U05021,fashion_shopper,23,0.15292408049947429,4,Georgia,2024-12-25,variant_a
U05022,hybrid,49,0.57651836677432,17,Virginia,2024-06-05,variant_b
U05023,electronics_buyer,25,0.14048302397095724,15,Oklahoma,2025-05-11,variant_b
U05024,hybrid,56,0.12627175644502128,18,North Carolina,2025-02-03,variant_b
U05025,electronics_buyer,38,0.6516323654704651,6,Washington,2024-09-05,variant_a
U05026,fashion_shopper,35,0.3730018441554884,24,Mississippi,2024-10-02,control
U05027,fashion_shopper,31,0.7682834462099188,25,Idaho,2024-06-01,control
U05028,electronics_buyer,32,0.906474304569333,20,Rhode Island,2023-06-02,variant_b
U05029,fashion_shopper,59,0.22545205635731563,22,Missouri,2023-09-20,control
U05030,fashion_shopper,43,0.7520705547210315,19,Arkansas,2025-06-21,control
U05031,electronics_buyer,61,0.563067998459509,12,South Dakota,2025-04-02,variant_a
U05032,electronics_buyer,49,0.20090732514642898,9,Connecticut,2023-10-03,variant_a
U05033,electronics_buyer,56,0.6864333458326523,8,New Jersey,2023-11-02,variant_a
U05034,fashion_shopper,45,0.6485201227958255,28,North Dakota,2024-07-01,control
U05035,fashion_shopper,56,0.5640776806607043,15,Alaska,2023-07-29,variant_a
U05036,electronics_buyer,60,0.9338240841036922,1,Utah,2023-07-13,variant_a
U05037,hybrid,49,0.5689717264936148,29,Minnesota,2024-10-18,variant_b
U05038,electronics_buyer,30,0.9914636039051913,2,South Dakota,2026-02-09,variant_b
U05039,hybrid,32,0.5583059324633,26,Alabama,2025-10-03,variant_b
U05040,electronics_buyer,35,0.20426683447123084,25,Texas,2024-03-20,variant_b
U05041,electronics_buyer,56,0.5234241259675274,26,South Dakota,2026-02-13,variant_a
U05042,fashion_shopper,23,0.26409588629956415,3,New Jersey,2026-04-07,control
U05043,electronics_buyer,28,0.6374201366956845,19,Georgia,2024-12-21,variant_a
U05044,electronics_buyer,49,0.723818957674241,10,West Virginia,2023-07-19,variant_a
U05045,electronics_buyer,57,0.5215917508363843,25,Nebraska,2025-10-05,variant_a
U05046,electronics_buyer,37,0.1879326709148334,14,Alabama,2024-01-11,variant_a
U05047,electronics_buyer,50,0.5217772587251976,19,Wyoming,2024-06-14,variant_a
U05048,fashion_shopper,57,0.17330879326096038,26,Washington,2025-10-18,control
U05049,electronics_buyer,25,0.7139133599558806,28,Pennsylvania,2023-10-04,variant_a
U05050,fashion_shopper,52,0.8113314023785787,11,Arkansas,2024-10-27,control
U05051,hybrid,22,0.9661422945043351,21,Wisconsin,2024-09-19,variant_b
U05052,fashion_shopper,52,0.23392189641561079,6,Wyoming,2025-12-12,control
U05053,fashion_shopper,64,0.5791783019799738,19,Colorado,2024-03-24,control
U05054,fashion_shopper,31,0.6107836307818767,14,Wisconsin,2024-02-20,variant_a
U05055,electronics_buyer,38,0.9302288804028818,26,California,2023-05-27,variant_a
U05056,fashion_shopper,64,0.6645489765368628,8,Alabama,2024-01-16,variant_a
U05057,fashion_shopper,41,0.23095868108078899,2,Nevada,2025-06-26,control
U05058,electronics_buyer,34,0.4927161915668703,22,Indiana,2026-03-23,variant_a
U05059,fashion_shopper,35,0.6892862756556254,18,Alabama,2024-06-11,variant_a
U05060,hybrid,51,0.7302559888623676,25,Colorado,2023-05-25,variant_b
U05061,hybrid,29,0.8767665987315162,22,Wyoming,2025-04-25,variant_b
U05062,electronics_buyer,33,0.26245640785995744,25,Wyoming,2026-04-11,variant_a
U05063,fashion_shopper,21,0.9563879320799485,4,Tennessee,2024-11-16,control
U05064,electronics_buyer,42,0.15322547081403304,28,Colorado,2024-06-06,variant_b
U05065,fashion_shopper,51,0.9853859211120118,3,Maryland,2023-09-02,control
U05066,electronics_buyer,45,0.8719903835797677,2,Georgia,2025-06-23,variant_a
U05067,fashion_shopper,63,0.6942455044859541,24,Illinois,2023-06-02,control
U05068,hybrid,28,0.7614959502379794,4,Texas,2025-05-01,variant_b
U05069,fashion_shopper,30,0.16542280532691678,18,Arkansas,2025-07-23,control
U05070,electronics_buyer,48,0.13733187660500715,11,Virginia,2025-01-14,variant_a
U05071,electronics_buyer,42,0.191589216896229,9,Tennessee,2025-01-09,variant_b
U05072,electronics_buyer,56,0.178623833197724,28,Missouri,2025-12-23,variant_a
U05073,fashion_shopper,27,0.5926431101224916,8,Kentucky,2024-05-09,control
U05074,hybrid,41,0.29389958840061026,21,Kentucky,2024-06-13,variant_b
U05075,electronics_buyer,18,0.8741850734860538,8,Texas,2024-05-26,variant_a
U05076,electronics_buyer,42,0.501173760761265,5,Louisiana,2026-01-03,variant_a
U05077,fashion_shopper,45,0.7259594288124475,13,Georgia,2026-02-25,control
U05078,electronics_buyer,53,0.6875857836731438,7,Virginia,2024-01-05,variant_a
U05079,fashion_shopper,35,0.3878677350367391,21,Alabama,2026-04-30,variant_a
U05080,fashion_shopper,23,0.31885081617315614,29,Indiana,2026-01-18,control
U05081,fashion_shopper,19,0.40821065676697166,5,Hawaii,2025-06-03,control
U05082,hybrid,20,0.8169925364648537,13,South Dakota,2024-10-17,variant_b
U05083,fashion_shopper,63,0.6276491635776567,20,Oklahoma,2024-12-08,control
U05084,fashion_shopper,25,0.32818479626725783,29,Kansas,2024-03-20,control
U05085,electronics_buyer,48,0.8360617987543871,16,Utah,2024-03-09,variant_a
U05086,electronics_buyer,36,0.14928344749927608,14,Alaska,2025-03-08,variant_b
U05087,fashion_shopper,23,0.7292650374912658,5,Iowa,2025-11-26,control
U05088,electronics_buyer,31,0.4951907251743798,23,Alaska,2025-09-24,variant_a
U05089,fashion_shopper,20,0.7581613474592994,19,Oregon,2026-01-13,control
U05090,fashion_shopper,18,0.9347151522190841,4,Idaho,2025-11-29,control
U05091,fashion_shopper,61,0.7750306881522135,24,Wisconsin,2024-10-08,control
U05092,hybrid,47,0.4977688197802441,22,Ohio,2024-10-26,variant_b
U05093,fashion_shopper,63,0.23587811336249268,24,Wisconsin,2025-06-21,control
U05094,fashion_shopper,36,0.8257158782248903,11,Kentucky,2025-03-18,control
U05095,fashion_shopper,36,0.5146349742292344,2,Tennessee,2025-05-18,variant_a
U05096,hybrid,26,0.1677810911114168,13,Nevada,2024-12-07,variant_b
U05097,fashion_shopper,24,0.7471498579991794,16,New Hampshire,2024-04-03,control
U05098,fashion_shopper,63,0.3626667693249307,9,Tennessee,2024-04-09,variant_a
U05099,fashion_shopper,54,0.14399940655466673,16,Delaware,2025-12-30,control
U05100,fashion_shopper,58,0.9124759134766699,7,Delaware,2025-03-01,variant_a
U05101,electronics_buyer,24,0.5347909828845191,16,New Hampshire,2025-02-19,variant_a
U05102,electronics_buyer,26,0.3528649478557194,13,Alabama,2024-09-14,variant_a
U05103,fashion_shopper,21,0.7447479020964204,5,Utah,2026-02-03,control
U05104,fashion_shopper,42,0.8973121399143074,27,North Carolina,2023-12-20,control
U05105,fashion_shopper,29,0.10027636753037994,15,Wisconsin,2024-02-01,control
U05106,fashion_shopper,23,0.7190669665379383,7,Alabama,2025-05-30,variant_a
U05107,fashion_shopper,35,0.7903105246165792,18,West Virginia,2026-03-13,control
U05108,electronics_buyer,57,0.2889346845515437,27,Hawaii,2024-02-19,variant_b
U05109,hybrid,38,0.540661448269157,20,Maryland,2023-08-30,variant_b
U05110,hybrid,32,0.18035730902614222,23,Michigan,2023-08-12,variant_b
U05111,hybrid,20,0.7720748942638128,2,Tennessee,2026-02-26,variant_b
U05112,electronics_buyer,19,0.8627104167070172,8,Colorado,2025-08-10,variant_a
U05113,electronics_buyer,58,0.19736799159219454,10,California,2023-07-28,variant_b
U05114,fashion_shopper,57,0.8348142280895512,10,Idaho,2026-05-09,control
U05115,electronics_buyer,21,0.7944131534360802,11,Michigan,2026-04-04,variant_a
U05116,electronics_buyer,49,0.4122219883338075,21,West Virginia,2023-08-13,variant_a
U05117,electronics_buyer,19,0.7212605769402249,29,Colorado,2025-01-30,variant_a
U05118,electronics_buyer,63,0.10004331150488058,21,Tennessee,2024-01-14,variant_b
U05119,fashion_shopper,46,0.9386178890193987,8,New Hampshire,2024-08-29,control
U05120,fashion_shopper,19,0.5953449117775356,16,Maryland,2026-04-12,control
U05121,hybrid,51,0.6583049776557995,16,Illinois,2025-08-28,variant_b
U05122,fashion_shopper,44,0.6981934721851888,29,New Mexico,2026-02-02,control
U05123,electronics_buyer,56,0.6052321154965301,29,Connecticut,2025-03-11,variant_a
U05124,hybrid,61,0.8710874987855167,28,Missouri,2024-09-02,variant_b
U05125,electronics_buyer,55,0.6487316489363896,17,South Dakota,2024-04-15,variant_a
U05126,electronics_buyer,35,0.9169839921164253,6,Arizona,2023-11-17,variant_a
U05127,fashion_shopper,53,0.624098460010608,18,Connecticut,2023-11-09,control
U05128,fashion_shopper,36,0.25401017978250995,17,Arizona,2024-03-22,variant_a
U05129,hybrid,44,0.9222063002553726,12,Arizona,2025-11-06,variant_b
U05130,electronics_buyer,62,0.713464748523799,15,Nebraska,2023-12-25,variant_a
U05131,electronics_buyer,37,0.7293150949920005,29,Louisiana,2025-07-27,variant_a
U05132,fashion_shopper,38,0.9869335755144415,7,South Dakota,2025-08-16,control
U05133,fashion_shopper,40,0.16767689878862124,28,New Jersey,2024-03-04,control
U05134,hybrid,47,0.48573334638565424,14,Vermont,2025-03-23,variant_b
U05135,fashion_shopper,42,0.3151858536879537,4,Illinois,2025-03-09,variant_a
U05136,electronics_buyer,48,0.6673838182422914,17,New Mexico,2023-08-18,variant_a
U05137,fashion_shopper,44,0.8261305153732647,26,Missouri,2025-01-31,control
U05138,electronics_buyer,51,0.9696796380031714,11,Georgia,2024-04-14,variant_b
U05139,hybrid,25,0.5091364962592481,27,Indiana,2026-03-04,variant_b
U05140,electronics_buyer,36,0.8075964075783438,6,New York,2023-11-02,variant_a
U05141,fashion_shopper,58,0.9253464328363415,10,Montana,2026-02-22,control
U05142,electronics_buyer,43,0.7149928892822962,29,Oregon,2024-01-09,variant_a
U05143,electronics_buyer,45,0.3184592972047941,28,South Carolina,2025-12-23,variant_b
U05144,fashion_shopper,21,0.6470687359970122,15,Oklahoma,2025-08-16,variant_a
U05145,hybrid,48,0.9729568430354679,29,Mississippi,2025-01-25,variant_b
U05146,electronics_buyer,33,0.9887984459754089,6,Michigan,2023-10-21,variant_a
U05147,hybrid,27,0.6781238413451003,16,Illinois,2023-05-26,variant_b
U05148,electronics_buyer,55,0.8982889820847904,12,Kansas,2024-04-16,variant_a
U05149,fashion_shopper,27,0.2803144274637425,19,Delaware,2024-08-24,control
U05150,fashion_shopper,62,0.3214707444569951,16,Colorado,2026-01-17,control
U05151,fashion_shopper,26,0.9575988515963737,14,Virginia,2025-11-16,control
U05152,hybrid,56,0.22171183794532712,6,Louisiana,2024-11-29,variant_b
U05153,electronics_buyer,53,0.27199579428413106,26,Virginia,2025-09-12,variant_b
U05154,electronics_buyer,53,0.4784937392080466,9,Texas,2024-10-29,variant_b
U05155,fashion_shopper,36,0.6306258589780154,22,Maine,2024-05-14,control
U05156,fashion_shopper,36,0.6434354970714445,1,Vermont,2024-08-13,control
U05157,electronics_buyer,29,0.36277840779900794,26,Arizona,2025-08-10,variant_b
U05158,electronics_buyer,30,0.9285525081553134,22,Massachusetts,2025-06-27,variant_a
U05159,fashion_shopper,42,0.9235899168470765,8,Rhode Island,2024-08-12,control
U05160,electronics_buyer,53,0.4528612477471352,7,Idaho,2023-08-13,variant_a
U05161,fashion_shopper,42,0.4908625924872674,14,Arkansas,2023-09-06,control
U05162,fashion_shopper,45,0.7322474051415206,8,Michigan,2025-10-13,control
U05163,electronics_buyer,59,0.6966963067590107,11,New Jersey,2025-09-02,variant_a
U05164,fashion_shopper,56,0.44406731346486616,28,Delaware,2025-04-02,control
U05165,hybrid,47,0.4728198263689031,24,Nevada,2025-02-24,variant_b
U05166,fashion_shopper,22,0.41323504907938513,9,Connecticut,2023-07-12,control
U05167,fashion_shopper,34,0.3118465062579771,19,Idaho,2025-11-15,control
U05168,fashion_shopper,35,0.5123245266317257,7,Montana,2024-06-27,control
U05169,electronics_buyer,60,0.7177907187122864,6,Maine,2026-01-18,variant_b
U05170,fashion_shopper,64,0.7677700347828637,18,Nebraska,2026-03-19,variant_a
U05171,electronics_buyer,38,0.8009862834303664,5,South Dakota,2024-11-21,variant_a
U05172,fashion_shopper,39,0.43725881210780937,19,New Mexico,2025-01-08,control
U05173,fashion_shopper,56,0.7881723948564763,11,Virginia,2024-12-19,control
U05174,fashion_shopper,23,0.10586468412268775,5,California,2026-01-17,variant_a
U05175,hybrid,33,0.529344943945194,27,New Hampshire,2025-07-19,variant_b
U05176,hybrid,19,0.8145139601194217,25,Hawaii,2025-01-16,variant_b
U05177,fashion_shopper,18,0.667040248577218,24,New Jersey,2025-07-11,control
U05178,electronics_buyer,47,0.526656811739057,25,Massachusetts,2025-02-19,variant_a
U05179,hybrid,60,0.6801778059457143,9,Minnesota,2024-10-04,variant_b
U05180,fashion_shopper,54,0.9162514028337975,27,Alabama,2025-11-30,variant_a
U05181,hybrid,40,0.6097436205491866,24,Massachusetts,2024-06-16,variant_b
U05182,fashion_shopper,18,0.8198075723140956,8,South Dakota,2023-10-10,control
U05183,hybrid,36,0.9826684527026778,11,Idaho,2025-10-12,variant_b
U05184,electronics_buyer,63,0.7350113818680101,27,Maine,2024-08-30,variant_b
U05185,hybrid,20,0.6159931875001572,22,Idaho,2026-02-19,variant_b
U05186,electronics_buyer,19,0.13373735241280624,6,Iowa,2025-12-30,variant_b
U05187,fashion_shopper,54,0.4370301084291288,15,West Virginia,2026-03-28,variant_a
U05188,hybrid,34,0.6088984601636065,6,Maryland,2026-02-15,variant_b
U05189,fashion_shopper,45,0.8174859145354292,26,California,2025-12-20,control
U05190,fashion_shopper,35,0.4942943106828187,22,New Jersey,2024-12-14,control
U05191,electronics_buyer,50,0.964052448188296,29,Vermont,2023-11-03,variant_b
U05192,electronics_buyer,32,0.3446143773613074,11,Idaho,2025-12-31,variant_b
U05193,hybrid,39,0.7701104756892848,29,Utah,2024-09-03,variant_b
U05194,fashion_shopper,58,0.4771282753757148,15,Hawaii,2025-09-22,control
U05195,electronics_buyer,44,0.5373896451093153,12,Georgia,2026-03-14,variant_b
U05196,electronics_buyer,54,0.8222518304788963,9,South Carolina,2025-08-15,variant_b
U05197,fashion_shopper,49,0.36659373548653496,10,New Jersey,2023-12-11,control
U05198,fashion_shopper,62,0.1871308509356288,29,South Carolina,2023-09-09,variant_a
U05199,fashion_shopper,36,0.5682300261520844,15,Georgia,2023-06-27,control
U05200,fashion_shopper,45,0.575915150623374,17,Louisiana,2024-09-23,control
U05201,hybrid,45,0.8174509950028364,16,North Carolina,2024-12-29,variant_b
U05202,electronics_buyer,27,0.9714872856088916,26,Alaska,2023-12-17,variant_a
U05203,electronics_buyer,37,0.14977061769551356,22,Minnesota,2025-10-28,variant_b
U05204,hybrid,42,0.632520526368798,8,Maine,2023-11-22,variant_b
U05205,fashion_shopper,38,0.7131506772833199,17,Oregon,2025-05-17,variant_a
U05206,hybrid,31,0.9872212156736695,11,Montana,2024-03-01,variant_b
U05207,fashion_shopper,39,0.9483311928492204,11,South Dakota,2025-03-13,variant_a
U05208,hybrid,43,0.7412056882407798,6,Georgia,2024-01-17,variant_b
U05209,fashion_shopper,61,0.5696104701200193,25,New Mexico,2024-06-08,control
U05210,hybrid,28,0.24537153006933515,22,Montana,2024-03-01,variant_b
U05211,fashion_shopper,24,0.44575889968397564,2,New York,2025-07-19,control
U05212,fashion_shopper,34,0.6266100925514388,1,Utah,2024-10-25,control
U05213,electronics_buyer,35,0.7526803569361784,20,Idaho,2024-04-05,variant_b
U05214,fashion_shopper,24,0.6718596017312011,6,Wisconsin,2023-05-23,variant_a
U05215,electronics_buyer,37,0.7427105216449671,26,Texas,2024-02-02,variant_a
U05216,fashion_shopper,55,0.4862372540967079,26,Michigan,2023-08-18,variant_a
U05217,electronics_buyer,28,0.7548645615139081,25,New Mexico,2024-10-29,variant_b
U05218,fashion_shopper,61,0.2293671304177473,5,Michigan,2025-08-31,control
U05219,fashion_shopper,33,0.2463276805868022,23,Vermont,2026-01-08,control
U05220,fashion_shopper,44,0.24654893124651656,22,Louisiana,2024-06-24,control
U05221,electronics_buyer,28,0.9017784613321984,22,Maryland,2024-07-10,variant_a
U05222,fashion_shopper,33,0.16843065697777104,9,Wyoming,2025-02-16,control
U05223,fashion_shopper,40,0.8213575354601282,5,Oklahoma,2024-03-28,variant_a
U05224,fashion_shopper,29,0.31021380824206346,18,Tennessee,2025-04-23,variant_a
U05225,fashion_shopper,57,0.5215869464457256,24,Connecticut,2025-07-24,control
U05226,electronics_buyer,20,0.9243609359191102,27,Alaska,2024-03-23,variant_a
U05227,hybrid,19,0.627343506718756,19,Arkansas,2024-12-28,variant_b
U05228,fashion_shopper,55,0.28910591760912274,15,Minnesota,2025-06-23,control
U05229,electronics_buyer,41,0.3556810542869264,15,Vermont,2024-10-05,variant_a
U05230,electronics_buyer,46,0.9284019615062071,9,Maryland,2023-10-08,variant_a
U05231,fashion_shopper,64,0.4844295325989805,14,New York,2023-08-12,variant_a
U05232,electronics_buyer,63,0.6282869347061105,5,California,2024-01-02,variant_b
U05233,fashion_shopper,51,0.5139389769628498,17,North Carolina,2025-03-08,variant_a
U05234,electronics_buyer,37,0.4405942792436046,15,Florida,2025-05-01,variant_a
U05235,fashion_shopper,35,0.3009512142391617,20,Nebraska,2024-03-27,control
U05236,electronics_buyer,31,0.7175723504361419,25,California,2026-05-03,variant_b
U05237,electronics_buyer,35,0.7464178236449084,17,Virginia,2026-03-27,variant_a
U05238,fashion_shopper,19,0.34739658244665955,24,South Carolina,2024-12-28,control
U05239,fashion_shopper,18,0.8101097587493473,24,Pennsylvania,2025-10-24,variant_a
U05240,hybrid,37,0.8690816802715116,25,North Dakota,2025-06-12,variant_b
U05241,fashion_shopper,51,0.9286075866156673,9,Montana,2024-01-08,variant_a
U05242,electronics_buyer,58,0.24509117252653295,13,Alaska,2024-04-20,variant_a
U05243,hybrid,58,0.3735313152519397,22,New Hampshire,2023-11-30,variant_b
U05244,electronics_buyer,28,0.8743180127533261,13,Texas,2026-03-08,variant_b
U05245,electronics_buyer,44,0.2786861825451046,5,Connecticut,2025-02-23,variant_a
U05246,electronics_buyer,40,0.10312161331914584,28,Virginia,2026-04-21,variant_b
U05247,hybrid,55,0.8837445792264711,28,Colorado,2025-07-27,variant_b
U05248,electronics_buyer,61,0.3938044975762325,14,Ohio,2025-11-06,variant_a
U05249,electronics_buyer,20,0.47304777262505504,7,Montana,2026-02-17,variant_a
U05250,fashion_shopper,29,0.5017006231485742,25,Illinois,2025-11-03,variant_a
U05251,hybrid,47,0.8634471406005056,5,Washington,2025-08-21,variant_b
U05252,electronics_buyer,48,0.40410293013411436,12,South Carolina,2023-09-13,variant_b
U05253,fashion_shopper,40,0.9030518972708336,3,Wisconsin,2024-03-05,control
U05254,hybrid,18,0.6552452242432432,9,West Virginia,2023-11-20,variant_b
U05255,electronics_buyer,58,0.5745580516303158,10,Louisiana,2024-11-29,variant_a
U05256,fashion_shopper,37,0.3930530564147162,29,Virginia,2024-07-04,control
U05257,electronics_buyer,23,0.3193405266530672,1,Kansas,2023-11-25,variant_a
U05258,fashion_shopper,28,0.6616525984996138,14,Tennessee,2025-01-09,variant_a
U05259,hybrid,52,0.5022047440509185,1,New Jersey,2026-01-12,variant_b
U05260,fashion_shopper,21,0.9194644089388057,10,Connecticut,2025-04-10,control
U05261,hybrid,46,0.5424748445026448,11,Illinois,2023-11-22,variant_b
U05262,electronics_buyer,27,0.5606154250310721,28,Maryland,2026-05-06,variant_a
U05263,fashion_shopper,46,0.47505095302240075,20,Maine,2023-09-12,control
U05264,hybrid,55,0.8103366972921565,2,Delaware,2026-03-22,variant_b
U05265,electronics_buyer,18,0.48235527829834335,23,Michigan,2026-04-15,variant_a
U05266,fashion_shopper,57,0.3424077997747794,2,Ohio,2024-03-17,control
U05267,electronics_buyer,25,0.8758277868641587,23,Utah,2025-02-20,variant_a
U05268,hybrid,55,0.6371453992287163,24,Illinois,2025-04-16,variant_b
U05269,fashion_shopper,34,0.6323591977921016,28,Oklahoma,2024-10-22,control
U05270,fashion_shopper,36,0.6497399864475338,11,North Carolina,2024-08-16,control
U05271,fashion_shopper,50,0.7469557733851001,8,Nevada,2025-03-13,control
U05272,fashion_shopper,32,0.3817611903813102,3,South Dakota,2026-03-16,control
U05273,electronics_buyer,62,0.13045993374970258,9,Idaho,2025-06-12,variant_b
U05274,electronics_buyer,48,0.8295338447893087,26,Idaho,2024-03-08,variant_a
U05275,fashion_shopper,38,0.21601454849347368,16,Iowa,2024-11-10,control
U05276,fashion_shopper,20,0.7496377634894897,26,South Carolina,2025-09-20,control
U05277,fashion_shopper,19,0.17408376845859588,16,West Virginia,2023-09-06,control
U05278,hybrid,52,0.4377770578256429,10,New Hampshire,2024-12-13,variant_b
U05279,fashion_shopper,58,0.15672346284838443,6,Maryland,2026-02-07,variant_a
U05280,hybrid,33,0.5699923116649521,20,Alaska,2025-12-14,variant_b
U05281,electronics_buyer,62,0.6878221955034176,24,South Carolina,2025-07-28,variant_a
U05282,fashion_shopper,38,0.2542898270603695,20,Kansas,2025-01-21,control
U05283,hybrid,29,0.4344648565945619,20,Kentucky,2025-03-20,variant_b
U05284,electronics_buyer,45,0.9372155419387482,11,Oklahoma,2024-06-30,variant_a
U05285,electronics_buyer,29,0.49815020539671107,8,Arizona,2024-09-30,variant_b
U05286,hybrid,50,0.8222892120789009,20,Iowa,2024-03-04,variant_b
U05287,fashion_shopper,37,0.9344662705541882,1,Washington,2024-10-30,control
U05288,fashion_shopper,57,0.9769112424795579,6,North Carolina,2025-08-18,control
U05289,electronics_buyer,38,0.9084898177222324,28,Maryland,2026-01-30,variant_b
U05290,fashion_shopper,56,0.38566479624307226,8,Minnesota,2025-05-28,control
U05291,fashion_shopper,58,0.9663155975450737,14,Missouri,2025-01-24,control
U05292,fashion_shopper,59,0.8311557175714422,3,Vermont,2026-04-28,control
U05293,fashion_shopper,53,0.8534580252755389,2,Florida,2025-01-11,control
U05294,electronics_buyer,39,0.11365568575465129,22,Rhode Island,2025-09-29,variant_b
U05295,fashion_shopper,43,0.9588149769864643,1,Louisiana,2023-09-05,control
U05296,electronics_buyer,24,0.8002812014638666,11,Indiana,2026-02-19,variant_a
U05297,electronics_buyer,24,0.79117074685711,21,Idaho,2024-05-04,variant_a
U05298,fashion_shopper,25,0.17337225783572763,6,Florida,2024-12-04,variant_a
U05299,fashion_shopper,43,0.30931168696599814,8,Montana,2023-06-29,control
U05300,electronics_buyer,41,0.9660354986241092,7,Ohio,2024-08-13,variant_b
U05301,fashion_shopper,41,0.5506093673249287,6,Oklahoma,2024-02-23,control
U05302,electronics_buyer,57,0.45807221641353046,18,Montana,2023-11-30,variant_b
U05303,hybrid,29,0.8559467354322223,12,Alaska,2024-12-24,variant_b
U05304,fashion_shopper,64,0.17860637270254992,8,Michigan,2024-04-13,variant_a
U05305,electronics_buyer,25,0.4752478146439534,24,New Mexico,2026-04-25,variant_a
U05306,electronics_buyer,26,0.4381306969798753,27,Tennessee,2025-03-13,variant_a
U05307,fashion_shopper,20,0.4148662483273535,21,Oklahoma,2024-06-02,variant_a
U05308,hybrid,38,0.37692301928776584,19,South Dakota,2023-12-01,variant_b
U05309,hybrid,48,0.28906746111107023,28,Maine,2025-04-24,variant_b
U05310,fashion_shopper,64,0.25561972269147,27,Montana,2024-03-17,control
U05311,electronics_buyer,41,0.6763655052277067,24,South Dakota,2024-03-24,variant_a
U05312,hybrid,21,0.9274553570878106,5,California,2025-09-04,variant_b
U05313,hybrid,37,0.5579664807248933,19,Louisiana,2023-12-20,variant_b
U05314,electronics_buyer,33,0.3681770971119799,9,Nevada,2024-08-22,variant_a
U05315,electronics_buyer,27,0.24324417795000372,25,Oklahoma,2023-06-16,variant_a
U05316,fashion_shopper,60,0.8471290285473349,12,California,2023-10-13,control
U05317,hybrid,43,0.9743428508258924,15,Tennessee,2026-02-21,variant_b
U05318,fashion_shopper,46,0.4142398613210667,23,Florida,2024-03-25,control
U05319,electronics_buyer,22,0.361855382996916,13,New Hampshire,2025-09-09,variant_a
U05320,fashion_shopper,28,0.6413436576774472,24,California,2024-10-05,control
U05321,fashion_shopper,46,0.7977960828580831,13,Virginia,2025-10-24,control
U05322,fashion_shopper,62,0.5098625231946979,21,Mississippi,2026-01-06,variant_a
U05323,hybrid,32,0.6670658348748543,21,Nebraska,2023-12-10,variant_b
U05324,fashion_shopper,23,0.7448941612209626,5,Kansas,2026-01-09,control
U05325,electronics_buyer,32,0.9645330590705613,2,Louisiana,2025-12-29,variant_a
U05326,fashion_shopper,60,0.24853359746807507,19,New Jersey,2024-09-30,control
U05327,fashion_shopper,37,0.9976442444428325,8,North Carolina,2023-07-01,control
U05328,fashion_shopper,51,0.45294098971710595,14,Maine,2023-05-24,variant_a
U05329,electronics_buyer,19,0.7508801284538984,29,Tennessee,2026-04-13,variant_a
U05330,fashion_shopper,61,0.6151729401756975,6,West Virginia,2026-05-01,control
U05331,fashion_shopper,33,0.5380017553079561,25,New Hampshire,2024-01-23,control
U05332,fashion_shopper,36,0.7282678318584278,7,Minnesota,2025-02-23,control
U05333,fashion_shopper,51,0.4561784652012356,14,Texas,2026-05-02,control
U05334,hybrid,31,0.21349898320312577,6,Wisconsin,2024-02-12,variant_b
U05335,hybrid,41,0.5400040448091158,16,Texas,2023-05-31,variant_b
U05336,fashion_shopper,45,0.5697242836140868,27,Hawaii,2024-12-15,control
U05337,electronics_buyer,49,0.2817119380599453,4,Oklahoma,2023-11-13,variant_a
U05338,hybrid,54,0.9420574206957913,7,Louisiana,2025-07-26,variant_b
U05339,fashion_shopper,27,0.3047280819816621,16,Montana,2024-07-05,control
U05340,hybrid,62,0.46830483467568795,4,New York,2023-05-29,variant_b
U05341,hybrid,26,0.23943671816025097,7,Pennsylvania,2024-02-14,variant_b
U05342,fashion_shopper,41,0.5822169815682497,21,Arizona,2025-03-21,control
U05343,fashion_shopper,53,0.37687384729008067,2,Michigan,2024-03-07,control
U05344,hybrid,46,0.5403452679784756,23,North Dakota,2026-01-25,variant_b
U05345,electronics_buyer,46,0.3021552248123818,8,Alabama,2025-10-14,variant_a
U05346,fashion_shopper,40,0.1483976151538442,10,Missouri,2023-07-27,control
U05347,fashion_shopper,44,0.8013039859740297,27,Ohio,2025-05-12,control
U05348,fashion_shopper,48,0.6769776555636925,2,Virginia,2024-08-23,variant_a
U05349,electronics_buyer,60,0.4066654201399116,6,Utah,2025-02-07,variant_b
U05350,electronics_buyer,24,0.14274480221409003,4,Rhode Island,2024-10-07,variant_b
U05351,hybrid,62,0.8790175564274089,21,Nebraska,2023-11-17,variant_b
U05352,fashion_shopper,21,0.2528155044421114,1,Vermont,2026-03-04,control
U05353,electronics_buyer,31,0.9376679964532852,6,Michigan,2024-03-05,variant_a
U05354,electronics_buyer,59,0.5307358407363626,28,Nevada,2023-05-26,variant_a
U05355,fashion_shopper,59,0.4063480389176354,12,Idaho,2024-07-08,variant_a
U05356,fashion_shopper,27,0.7675835292018675,27,Oklahoma,2025-03-10,control
U05357,hybrid,61,0.8891554654676671,14,Missouri,2025-11-10,variant_b
U05358,hybrid,51,0.43364220728113967,15,Montana,2024-10-06,variant_b
U05359,electronics_buyer,43,0.4666093769531685,24,Rhode Island,2026-04-25,variant_a
U05360,electronics_buyer,40,0.4898423974124776,18,Arizona,2026-04-12,variant_a
U05361,fashion_shopper,26,0.9300907553308021,17,Louisiana,2025-10-17,control
U05362,electronics_buyer,54,0.7233075923628994,9,Alabama,2024-08-29,variant_a
U05363,electronics_buyer,25,0.32288150534109,15,Pennsylvania,2025-07-13,variant_b
U05364,electronics_buyer,31,0.2664997277517815,18,Minnesota,2024-05-06,variant_a
U05365,hybrid,24,0.30733089708233446,24,Kentucky,2023-05-22,variant_b
U05366,electronics_buyer,24,0.33720750026696567,21,Oregon,2024-06-05,variant_a
U05367,fashion_shopper,26,0.30716514220060137,18,Tennessee,2024-06-10,variant_a
U05368,electronics_buyer,20,0.6926558024731565,5,Hawaii,2023-10-11,variant_b
U05369,fashion_shopper,31,0.20434015959175572,16,Virginia,2023-07-04,control
U05370,fashion_shopper,34,0.4486226407371646,9,Mississippi,2025-05-22,variant_a
U05371,fashion_shopper,61,0.6625482156733298,22,Alaska,2025-06-06,variant_a
U05372,fashion_shopper,39,0.36177397654863774,3,Connecticut,2024-03-02,variant_a
U05373,electronics_buyer,63,0.15874694623149224,12,North Dakota,2024-05-26,variant_b
U05374,electronics_buyer,43,0.17364153056137147,24,Montana,2023-09-15,variant_a
U05375,electronics_buyer,45,0.2133700986742177,14,Alaska,2024-11-12,variant_b
U05376,electronics_buyer,62,0.8522587223813397,1,Delaware,2025-08-11,variant_a
U05377,fashion_shopper,31,0.6920771550444728,9,Utah,2023-09-04,variant_a
U05378,hybrid,26,0.15807016998788032,9,Massachusetts,2023-08-13,variant_b
U05379,fashion_shopper,43,0.4519619912362779,20,Utah,2023-08-23,control
U05380,fashion_shopper,19,0.35072665556235905,13,Texas,2024-11-21,control
U05381,electronics_buyer,28,0.6202361004659201,8,Maryland,2024-02-05,variant_a
U05382,fashion_shopper,34,0.5705253547050821,11,North Carolina,2024-06-20,control
U05383,fashion_shopper,51,0.5330116210327435,14,Maine,2024-10-05,control
U05384,electronics_buyer,36,0.38306113333535186,16,California,2023-06-14,variant_a
U05385,electronics_buyer,56,0.22401979483959167,11,Delaware,2026-05-10,variant_a
U05386,fashion_shopper,35,0.7681387445853741,19,Delaware,2025-02-27,variant_a
U05387,hybrid,30,0.891871091958389,29,Nevada,2024-07-03,variant_b
U05388,electronics_buyer,22,0.9497358183095356,22,Kentucky,2024-05-29,variant_a
U05389,hybrid,40,0.15275707355222243,10,Indiana,2024-04-05,variant_b
U05390,fashion_shopper,41,0.7659178404299947,26,Missouri,2023-09-12,control
U05391,electronics_buyer,46,0.7538531134662663,8,Oklahoma,2024-07-16,variant_a
U05392,hybrid,64,0.9523986527310303,11,Hawaii,2024-01-25,variant_b
U05393,electronics_buyer,25,0.3276231350479889,25,Oklahoma,2025-10-05,variant_a
U05394,electronics_buyer,43,0.7679611344656407,8,Missouri,2023-08-18,variant_b
U05395,fashion_shopper,32,0.14916365988983613,25,Texas,2024-02-21,variant_a
U05396,fashion_shopper,18,0.6681211486854572,20,Wisconsin,2025-03-30,control
U05397,electronics_buyer,45,0.41576304164696176,10,Alabama,2025-10-16,variant_a
U05398,fashion_shopper,64,0.7920184955927276,17,Texas,2024-04-13,variant_a
U05399,hybrid,63,0.8769738577918541,23,Massachusetts,2025-03-14,variant_b
U05400,fashion_shopper,31,0.4283389379957646,11,Massachusetts,2024-01-11,control
U05401,hybrid,59,0.5730274834293705,12,South Dakota,2025-10-17,variant_b
U05402,hybrid,51,0.2056636561272399,10,Rhode Island,2024-09-17,variant_b
U05403,fashion_shopper,48,0.475216268701129,20,Michigan,2026-02-20,control
U05404,fashion_shopper,23,0.42472035393325236,17,Maine,2025-02-11,variant_a
U05405,hybrid,22,0.2648111138060659,3,Illinois,2024-02-10,variant_b
U05406,hybrid,48,0.9050307622900983,7,Washington,2023-05-24,variant_b
U05407,fashion_shopper,54,0.23327905423614423,27,Rhode Island,2026-03-07,variant_a
U05408,fashion_shopper,32,0.6721654217771684,3,North Carolina,2023-05-27,control
U05409,electronics_buyer,32,0.9011283791318989,17,Maryland,2025-12-23,variant_a
U05410,electronics_buyer,60,0.920771721876903,23,South Dakota,2024-03-29,variant_b
U05411,fashion_shopper,22,0.8139157298565116,8,Texas,2024-05-24,control
U05412,electronics_buyer,45,0.25852702048675896,21,Oregon,2025-07-14,variant_b
U05413,fashion_shopper,50,0.8356882682924828,22,Pennsylvania,2023-11-06,control
U05414,fashion_shopper,28,0.34890833117406217,19,Illinois,2026-05-08,control
U05415,fashion_shopper,60,0.9301582246892581,14,Nevada,2023-09-22,variant_a
U05416,fashion_shopper,23,0.7381780132814646,5,Missouri,2023-10-01,variant_a
U05417,fashion_shopper,40,0.8067408049079978,19,Idaho,2024-09-05,control
U05418,electronics_buyer,57,0.1765292081517435,13,Iowa,2025-12-29,variant_a
U05419,fashion_shopper,19,0.62448860209919,18,Tennessee,2023-07-06,control
U05420,fashion_shopper,32,0.8390279142088116,23,Ohio,2026-03-25,control
U05421,fashion_shopper,40,0.8754313174952494,26,West Virginia,2026-03-14,control
U05422,hybrid,39,0.12576853426027737,11,Ohio,2025-03-22,variant_b
U05423,fashion_shopper,26,0.9452433092996073,23,Kentucky,2024-10-15,variant_a
U05424,fashion_shopper,64,0.13900485997223178,12,Connecticut,2023-07-31,variant_a
U05425,electronics_buyer,57,0.6530668117073649,8,Illinois,2024-12-15,variant_a
U05426,hybrid,47,0.7240487748537808,12,Oregon,2026-02-16,variant_b
U05427,fashion_shopper,33,0.19661076205111883,1,Iowa,2025-03-29,control
U05428,electronics_buyer,63,0.14321067904827342,18,Missouri,2024-07-03,variant_b
U05429,electronics_buyer,64,0.8064209390056563,2,Kansas,2026-03-21,variant_b
U05430,electronics_buyer,47,0.44620356231769054,12,Oregon,2025-08-30,variant_a
U05431,fashion_shopper,62,0.1964012637836113,19,Hawaii,2025-07-01,control
U05432,electronics_buyer,26,0.7864010347488778,23,Mississippi,2025-04-04,variant_b
U05433,fashion_shopper,18,0.8642467631292585,7,Iowa,2024-02-14,control
U05434,electronics_buyer,55,0.6286475716829266,7,Massachusetts,2024-08-08,variant_a
U05435,electronics_buyer,25,0.24511312759118106,1,Montana,2024-11-29,variant_b
U05436,fashion_shopper,35,0.11370022434234173,18,Connecticut,2025-06-22,control
U05437,hybrid,44,0.7307222331717494,8,Alaska,2026-01-03,variant_b
U05438,fashion_shopper,35,0.5951257073427851,25,New Jersey,2024-02-05,control
U05439,hybrid,49,0.6857174275480715,10,Illinois,2023-08-21,variant_b
U05440,electronics_buyer,49,0.8318662031796361,29,Massachusetts,2024-03-28,variant_a
U05441,fashion_shopper,62,0.49080499929367494,23,New Jersey,2023-05-24,control
U05442,fashion_shopper,53,0.21206392195025836,29,South Carolina,2023-07-30,control
U05443,hybrid,53,0.9459849568517438,1,Nebraska,2023-06-04,variant_b
U05444,fashion_shopper,38,0.5907359145221716,15,Alaska,2025-03-07,control
U05445,fashion_shopper,63,0.6537647071796863,15,Washington,2026-04-14,control
U05446,fashion_shopper,49,0.940070286596576,28,Wisconsin,2025-10-29,variant_a
U05447,electronics_buyer,48,0.9384252906792366,4,Nebraska,2023-06-04,variant_a
U05448,electronics_buyer,54,0.6148851460553563,10,Minnesota,2024-02-09,variant_a
U05449,fashion_shopper,33,0.3678502822492835,8,Oklahoma,2023-07-02,control
U05450,fashion_shopper,63,0.9974022706114652,14,Idaho,2023-08-21,control
U05451,fashion_shopper,63,0.7127353809581823,13,Hawaii,2025-02-28,control
U05452,fashion_shopper,31,0.46759300920285085,21,Virginia,2023-08-16,control
U05453,fashion_shopper,41,0.6038531225682308,17,New Jersey,2026-03-11,variant_a
U05454,electronics_buyer,42,0.47425064524122673,7,Kentucky,2024-08-10,variant_b
U05455,fashion_shopper,63,0.8994746370669827,6,New Hampshire,2023-07-25,control
U05456,fashion_shopper,52,0.5342494373791715,9,Connecticut,2026-01-30,variant_a
U05457,fashion_shopper,34,0.8411755383831224,20,Nebraska,2026-05-01,variant_a
U05458,hybrid,63,0.8561586680407035,20,Wisconsin,2025-05-04,variant_b
U05459,hybrid,59,0.8418991039617235,8,Florida,2026-01-12,variant_b
U05460,hybrid,62,0.749969751228107,14,Oklahoma,2023-10-08,variant_b
U05461,fashion_shopper,21,0.8693899451268237,20,Oklahoma,2024-11-30,control
U05462,fashion_shopper,28,0.44850662166067234,3,Tennessee,2024-05-26,control
U05463,fashion_shopper,64,0.20319688552776433,23,Georgia,2024-10-06,control
U05464,fashion_shopper,32,0.858208783935263,13,Pennsylvania,2023-06-09,control
U05465,electronics_buyer,47,0.5483515741186108,21,Missouri,2025-02-10,variant_a
U05466,electronics_buyer,41,0.21463842927506593,9,California,2024-03-30,variant_b
U05467,hybrid,19,0.20378126996380713,21,Wyoming,2025-02-21,variant_b
U05468,hybrid,60,0.24331815460890344,9,Arizona,2024-03-18,variant_b
U05469,fashion_shopper,51,0.7758759337003952,22,California,2025-10-19,variant_a
U05470,electronics_buyer,40,0.739771006119653,22,Hawaii,2023-08-14,variant_b
U05471,fashion_shopper,48,0.28343681216639494,11,Missouri,2025-03-08,control
U05472,fashion_shopper,54,0.8622310762988157,6,North Carolina,2024-11-20,control
U05473,electronics_buyer,30,0.35316531597542045,23,Idaho,2024-09-01,variant_b
U05474,fashion_shopper,50,0.8136870249834528,12,South Dakota,2025-02-26,control
U05475,fashion_shopper,24,0.5399253169614477,27,Alaska,2026-03-22,variant_a
U05476,fashion_shopper,49,0.7583938142847094,4,Missouri,2024-06-13,control
U05477,electronics_buyer,24,0.44324889676620927,4,Kansas,2025-10-31,variant_b
U05478,electronics_buyer,59,0.41242653738529833,25,Mississippi,2024-08-26,variant_b
U05479,fashion_shopper,55,0.857223639063399,28,West Virginia,2026-04-18,control
U05480,hybrid,61,0.1317720290626627,23,California,2023-12-11,variant_b
U05481,fashion_shopper,30,0.9772632525317566,27,South Carolina,2024-06-01,control
U05482,fashion_shopper,41,0.683361602438836,26,Nebraska,2024-06-29,variant_a
U05483,electronics_buyer,45,0.4892350493794979,22,Utah,2023-07-31,variant_b
U05484,electronics_buyer,49,0.6652490780353827,17,New Hampshire,2025-04-25,variant_b
U05485,hybrid,60,0.21046685181308455,7,Alabama,2023-07-07,variant_b
U05486,fashion_shopper,35,0.5626472097641928,6,Montana,2025-06-17,control
U05487,electronics_buyer,51,0.9865859710058179,28,South Carolina,2023-11-23,variant_a
U05488,electronics_buyer,51,0.31174249406203614,20,Wisconsin,2026-04-08,variant_a
U05489,hybrid,55,0.7500502891327144,29,Tennessee,2024-01-09,variant_b
U05490,fashion_shopper,18,0.49147423824853065,8,Hawaii,2024-12-09,control
U05491,electronics_buyer,60,0.6872123336391582,7,Nevada,2024-10-30,variant_b
U05492,electronics_buyer,59,0.2843985058225979,8,Connecticut,2026-01-31,variant_a
U05493,fashion_shopper,48,0.5234184843558422,9,Utah,2025-07-22,control
U05494,electronics_buyer,18,0.9820834424733476,1,South Dakota,2025-03-08,variant_a
U05495,fashion_shopper,33,0.27575843591440863,3,Mississippi,2024-10-19,control
U05496,electronics_buyer,56,0.6728005250638814,18,Alabama,2024-09-16,variant_a
U05497,hybrid,32,0.6180379738901158,19,Nebraska,2024-01-29,variant_b
U05498,electronics_buyer,50,0.608546427661363,27,Maine,2025-02-06,variant_a
U05499,electronics_buyer,40,0.6536109606864554,11,Alabama,2024-04-04,variant_a
U05500,electronics_buyer,58,0.5520141763194053,16,Maine,2024-01-01,variant_a
U05501,fashion_shopper,51,0.11523767523189221,18,Connecticut,2024-02-13,control
U05502,fashion_shopper,34,0.910087130316806,27,Delaware,2024-04-20,control
U05503,electronics_buyer,42,0.8442809447356278,6,Wyoming,2024-08-22,variant_a
U05504,fashion_shopper,59,0.2567509128290092,25,Oregon,2024-06-21,control
U05505,fashion_shopper,23,0.4719458596409821,2,South Dakota,2023-06-05,control
U05506,electronics_buyer,48,0.7934940826242112,4,Indiana,2025-08-31,variant_a
U05507,fashion_shopper,22,0.9820560838485559,5,Georgia,2025-05-19,control
U05508,fashion_shopper,57,0.9560233417976077,21,Oklahoma,2023-12-19,control
U05509,electronics_buyer,57,0.9094232797085567,14,Arizona,2024-03-02,variant_a
U05510,fashion_shopper,47,0.24253650756922568,1,Florida,2025-11-19,control
U05511,hybrid,22,0.9230275954081043,29,Delaware,2024-02-13,variant_b
U05512,hybrid,29,0.8906004216559714,22,Ohio,2024-06-13,variant_b
U05513,electronics_buyer,24,0.43925492004975064,14,North Dakota,2025-12-01,variant_b
U05514,fashion_shopper,62,0.45507033508263584,21,Texas,2024-04-11,control
U05515,electronics_buyer,30,0.5139180297596447,13,Montana,2025-12-14,variant_b
U05516,hybrid,21,0.6905580678697752,22,Idaho,2025-07-15,variant_b
U05517,electronics_buyer,59,0.33475205438471417,16,Minnesota,2024-06-12,variant_b
U05518,fashion_shopper,20,0.12065358649595022,4,Mississippi,2025-08-02,control
U05519,electronics_buyer,29,0.22710657213751803,29,Mississippi,2025-10-26,variant_a
U05520,hybrid,18,0.4961043168190963,27,New Hampshire,2023-12-12,variant_b
U05521,electronics_buyer,44,0.3538023124835816,6,Washington,2026-03-11,variant_a
U05522,electronics_buyer,60,0.7880649049325187,9,Kentucky,2025-11-16,variant_a
U05523,electronics_buyer,30,0.19602106349434423,1,New York,2024-12-27,variant_a
U05524,electronics_buyer,34,0.9257187029993235,22,Mississippi,2023-12-10,variant_a
U05525,fashion_shopper,25,0.90579446194952,17,Arkansas,2024-05-02,control
U05526,electronics_buyer,49,0.9178811352399593,28,Nevada,2023-08-23,variant_a
U05527,fashion_shopper,37,0.765648998742994,23,Michigan,2026-01-25,control
U05528,fashion_shopper,34,0.19629997433523938,4,Arkansas,2024-07-05,variant_a
U05529,fashion_shopper,51,0.49432381423261007,6,Michigan,2026-04-28,control
U05530,electronics_buyer,52,0.21826483462491736,16,Kentucky,2026-05-19,variant_a
U05531,fashion_shopper,52,0.9889292734849744,7,Ohio,2025-09-16,control
U05532,electronics_buyer,55,0.399734581058806,29,Iowa,2026-02-09,variant_b
U05533,electronics_buyer,59,0.6267974877010558,27,Iowa,2024-05-02,variant_b
U05534,fashion_shopper,41,0.8014537488197996,5,North Carolina,2024-08-07,control
U05535,fashion_shopper,35,0.9285544758030809,9,Arkansas,2024-06-15,control
U05536,fashion_shopper,63,0.779992953257224,24,Oklahoma,2024-11-15,control
U05537,hybrid,56,0.7070534008896138,19,Florida,2026-03-30,variant_b
U05538,electronics_buyer,50,0.5193836038343362,1,Mississippi,2023-09-08,variant_a
U05539,electronics_buyer,40,0.6448601203754716,27,Kansas,2025-01-18,variant_a
U05540,fashion_shopper,42,0.18474742796754684,26,California,2024-03-08,control
U05541,electronics_buyer,54,0.8955302877651362,8,Arkansas,2024-07-12,variant_a
U05542,hybrid,44,0.5893995779558969,20,Nevada,2023-11-06,variant_b
U05543,hybrid,18,0.13612154539144844,23,Illinois,2025-06-23,variant_b
U05544,electronics_buyer,38,0.9279119130939077,4,Utah,2024-12-18,variant_a
U05545,fashion_shopper,27,0.5403717764531818,23,South Carolina,2023-09-25,control
U05546,fashion_shopper,48,0.8817302274049016,17,Wyoming,2024-07-05,control
U05547,fashion_shopper,61,0.8711991587848212,1,Nevada,2026-02-07,control
U05548,fashion_shopper,42,0.8341764287114034,2,Maine,2025-12-09,control
U05549,fashion_shopper,37,0.15526271736582048,21,Idaho,2024-05-26,control
U05550,fashion_shopper,19,0.32235998088178797,27,Delaware,2024-08-09,control
U05551,fashion_shopper,32,0.8879930852188876,14,Nebraska,2025-09-19,variant_a
U05552,hybrid,45,0.9090919504468844,26,Indiana,2023-06-22,variant_b
U05553,electronics_buyer,30,0.5122619761319255,22,South Dakota,2025-12-01,variant_a
U05554,hybrid,31,0.49603732088878205,2,New Hampshire,2025-12-24,variant_b
U05555,electronics_buyer,19,0.2576265704975348,1,Ohio,2024-07-29,variant_b
U05556,fashion_shopper,51,0.9715697098220362,25,Wyoming,2023-05-27,control
U05557,electronics_buyer,52,0.2918246278231389,13,Hawaii,2025-03-27,variant_b
U05558,fashion_shopper,54,0.271843105915689,23,Hawaii,2024-12-09,control
U05559,electronics_buyer,42,0.6946560731342569,8,Massachusetts,2026-03-18,variant_a
U05560,fashion_shopper,32,0.3185598727004029,22,Kansas,2023-08-27,variant_a
U05561,hybrid,29,0.9448944499129508,29,Utah,2024-12-20,variant_b
U05562,fashion_shopper,26,0.10981629578601534,9,Kansas,2025-03-03,control
U05563,fashion_shopper,48,0.10517793609097119,24,Colorado,2024-12-15,control
U05564,hybrid,31,0.5543891212920397,20,Pennsylvania,2024-03-30,variant_b
U05565,fashion_shopper,46,0.5392562139221247,21,California,2023-07-14,control
U05566,electronics_buyer,60,0.24702761971081943,2,Minnesota,2026-01-11,variant_b
U05567,electronics_buyer,55,0.545067606673256,17,Arkansas,2025-06-28,variant_b
U05568,hybrid,59,0.47049499465298783,6,Texas,2025-09-14,variant_b
U05569,hybrid,25,0.9012965728081319,3,Virginia,2025-07-26,variant_b
U05570,hybrid,20,0.10832852819526713,27,Hawaii,2025-04-09,variant_b
U05571,fashion_shopper,19,0.978642824529657,20,Colorado,2025-07-13,control
U05572,hybrid,33,0.6619534878662582,17,North Carolina,2024-11-24,variant_b
U05573,electronics_buyer,36,0.23665910108074809,6,Louisiana,2024-05-30,variant_a
U05574,electronics_buyer,47,0.14208401243004962,8,Nevada,2026-01-19,variant_a
U05575,fashion_shopper,58,0.5842950927033087,14,Kentucky,2023-10-09,control
U05576,electronics_buyer,33,0.31140114937463814,10,Texas,2023-08-19,variant_a
U05577,hybrid,48,0.37104898330113334,20,Kansas,2026-04-22,variant_b
U05578,hybrid,45,0.32061894835106225,10,Hawaii,2025-04-28,variant_b
U05579,fashion_shopper,21,0.6851550822152598,15,Wisconsin,2024-10-01,variant_a
U05580,fashion_shopper,27,0.5981760659045202,8,Michigan,2025-06-22,control
U05581,fashion_shopper,62,0.17017698116963037,11,Indiana,2023-08-24,variant_a
U05582,hybrid,35,0.5738738798576579,16,Connecticut,2023-10-10,variant_b
U05583,electronics_buyer,64,0.8120707890069699,26,Alabama,2025-08-04,variant_b
U05584,electronics_buyer,49,0.1730751317382919,3,Utah,2026-01-25,variant_a
U05585,fashion_shopper,47,0.900765078607378,15,California,2024-03-07,control
U05586,fashion_shopper,53,0.6204759845029563,13,Arkansas,2024-05-20,variant_a
U05587,electronics_buyer,26,0.9555620223432849,11,Iowa,2026-03-08,variant_a
U05588,hybrid,53,0.2333270959501381,14,Colorado,2023-11-12,variant_b
U05589,electronics_buyer,46,0.9942084994179837,7,Vermont,2025-06-24,variant_a
U05590,fashion_shopper,33,0.6798455793727092,19,Arkansas,2024-04-20,control
U05591,electronics_buyer,45,0.6107447795329566,15,Louisiana,2024-07-10,variant_a
U05592,fashion_shopper,38,0.5637516617008769,6,Michigan,2025-05-03,control
U05593,hybrid,64,0.12128893578848149,20,North Carolina,2024-06-19,variant_b
U05594,fashion_shopper,19,0.9456752723946202,22,Oklahoma,2025-08-29,variant_a
U05595,electronics_buyer,63,0.6795950255687785,7,Arkansas,2025-08-02,variant_a
U05596,fashion_shopper,52,0.18246383604936212,24,New York,2024-02-03,variant_a
U05597,electronics_buyer,45,0.11885695326507241,14,South Carolina,2026-02-22,variant_b
U05598,electronics_buyer,53,0.1457052753130762,22,Nevada,2023-08-15,variant_a
U05599,electronics_buyer,48,0.6484561870890166,4,Hawaii,2025-12-25,variant_b
U05600,fashion_shopper,50,0.6526138734051267,9,Arizona,2024-01-02,control
U05601,fashion_shopper,40,0.549700562603297,7,Louisiana,2024-01-29,control
U05602,fashion_shopper,58,0.3760892385876564,25,North Dakota,2023-12-31,control
U05603,electronics_buyer,34,0.5785684584531773,15,Maine,2023-06-12,variant_a
U05604,fashion_shopper,63,0.5646716387886321,3,North Carolina,2025-11-05,control
U05605,electronics_buyer,18,0.11747400388890906,5,Minnesota,2025-04-25,variant_a
U05606,hybrid,59,0.35422230729474824,17,Illinois,2026-01-12,variant_b
U05607,hybrid,40,0.14786680732043456,27,Maryland,2024-09-30,variant_b
U05608,fashion_shopper,44,0.9101392763028899,28,Kansas,2025-12-23,variant_a
U05609,electronics_buyer,42,0.7527008465066218,24,Vermont,2025-12-13,variant_a
U05610,fashion_shopper,49,0.9965036531736211,1,Iowa,2025-12-14,control
U05611,electronics_buyer,36,0.3719541369747591,1,Alabama,2026-02-19,variant_b
U05612,hybrid,41,0.8906372629812193,16,Rhode Island,2024-02-10,variant_b
U05613,fashion_shopper,20,0.6427488411392336,23,Nevada,2023-06-27,control
U05614,fashion_shopper,29,0.5078128662132444,14,New Hampshire,2025-09-30,variant_a
U05615,hybrid,52,0.3003158001597716,11,Illinois,2024-10-28,variant_b
U05616,hybrid,32,0.7645529487575285,14,Virginia,2023-10-10,variant_b
U05617,fashion_shopper,34,0.91372667401387,8,Montana,2026-02-26,control
U05618,electronics_buyer,49,0.3117775582678337,19,Virginia,2024-05-09,variant_a
U05619,fashion_shopper,24,0.25785130147625135,2,Oklahoma,2023-06-29,control
U05620,fashion_shopper,36,0.7265997235043803,23,New Mexico,2023-08-22,control
U05621,hybrid,24,0.9792758464529673,10,Indiana,2023-05-30,variant_b
U05622,hybrid,22,0.7749595909936702,5,Utah,2023-08-24,variant_b
U05623,electronics_buyer,57,0.35612266514288404,15,Louisiana,2024-05-30,variant_b
U05624,fashion_shopper,38,0.4779598817330071,1,Arizona,2026-02-04,control
U05625,hybrid,64,0.4458858719125346,2,North Carolina,2024-04-11,variant_b
U05626,fashion_shopper,24,0.8668855162423409,19,Arkansas,2023-08-19,variant_a
U05627,fashion_shopper,54,0.7942337009850015,22,New Mexico,2023-08-22,variant_a
U05628,electronics_buyer,40,0.6300778912853682,17,North Dakota,2025-04-08,variant_a
U05629,fashion_shopper,28,0.3474631993572129,15,Indiana,2025-09-25,control
U05630,electronics_buyer,27,0.9441896749498506,24,Nevada,2024-04-10,variant_b
U05631,electronics_buyer,38,0.6879837022922319,18,Montana,2024-12-03,variant_a
U05632,fashion_shopper,58,0.9734289817976042,21,Missouri,2025-05-18,control
U05633,fashion_shopper,50,0.6221053297378277,8,Rhode Island,2025-03-17,control
U05634,fashion_shopper,37,0.8390734825272527,29,Illinois,2024-07-01,control
U05635,fashion_shopper,50,0.8317948414550741,21,Wisconsin,2024-10-23,control
U05636,electronics_buyer,57,0.40359589915023286,29,Georgia,2026-04-30,variant_a
U05637,hybrid,52,0.9676186506615053,14,Delaware,2026-01-02,variant_b
U05638,fashion_shopper,51,0.11974732083780759,8,Maryland,2023-08-20,control
U05639,fashion_shopper,53,0.7918398178906728,22,North Carolina,2023-11-09,control
U05640,electronics_buyer,44,0.9690013771876395,23,Ohio,2024-01-28,variant_a
U05641,hybrid,36,0.4050173829553506,8,Delaware,2026-03-10,variant_b
U05642,fashion_shopper,60,0.6832995290118747,19,Alaska,2024-03-26,control
U05643,fashion_shopper,22,0.6060009248597895,13,Utah,2024-07-03,variant_a
U05644,electronics_buyer,46,0.7853565787088713,28,Wyoming,2025-11-29,variant_a
U05645,fashion_shopper,27,0.8795601294805471,5,New York,2025-09-21,control
U05646,fashion_shopper,57,0.6427401123695932,10,New York,2025-05-16,control
U05647,electronics_buyer,30,0.8343141277433113,7,Idaho,2025-02-11,variant_b
U05648,electronics_buyer,46,0.3810570183003297,9,Mississippi,2024-12-13,variant_a
U05649,electronics_buyer,22,0.3057283528343352,14,Alabama,2023-07-23,variant_a
U05650,electronics_buyer,29,0.4876009205795562,6,Florida,2023-07-05,variant_b
U05651,electronics_buyer,30,0.709962939622705,10,North Dakota,2026-04-03,variant_b
U05652,fashion_shopper,39,0.2685222540448513,1,California,2024-02-04,control
U05653,fashion_shopper,57,0.7123169729367023,11,Rhode Island,2024-08-02,variant_a
U05654,fashion_shopper,32,0.4546842837148606,8,North Dakota,2023-09-04,control
U05655,fashion_shopper,30,0.8160177465033688,6,Connecticut,2025-04-26,control
U05656,electronics_buyer,18,0.133152235392973,17,New Mexico,2023-11-05,variant_b
U05657,hybrid,55,0.7011843740464551,4,New Hampshire,2023-07-01,variant_b
U05658,hybrid,60,0.6848401029849709,6,North Dakota,2024-06-09,variant_b
U05659,electronics_buyer,62,0.9468419285127829,29,Kentucky,2025-03-08,variant_a
U05660,fashion_shopper,18,0.7420307982076634,15,North Carolina,2025-09-12,control
U05661,fashion_shopper,28,0.816671706780953,10,Ohio,2026-03-17,control
U05662,hybrid,60,0.9141319142678516,17,Nebraska,2025-02-05,variant_b
U05663,electronics_buyer,57,0.707546726462789,10,Alaska,2023-06-12,variant_a
U05664,electronics_buyer,39,0.36113827146397715,5,Tennessee,2024-12-17,variant_a
U05665,electronics_buyer,52,0.8827964196251699,19,New Hampshire,2025-12-18,variant_b
U05666,electronics_buyer,61,0.7728203075283776,7,Kentucky,2024-12-03,variant_b
U05667,hybrid,23,0.4819938436008041,29,New Mexico,2025-09-29,variant_b
U05668,fashion_shopper,45,0.7394762553849659,24,Idaho,2024-12-28,control
U05669,electronics_buyer,48,0.8809199894630279,19,Connecticut,2023-10-26,variant_b
U05670,hybrid,25,0.9780869182521443,10,Wisconsin,2024-12-17,variant_b
U05671,fashion_shopper,22,0.9571163535631498,19,Alaska,2025-09-22,control
U05672,electronics_buyer,59,0.39279504408772736,11,Florida,2026-05-01,variant_a
U05673,fashion_shopper,61,0.47952434234636365,3,Alabama,2025-12-26,control
U05674,hybrid,34,0.19858294447963415,11,Virginia,2025-04-04,variant_b
U05675,fashion_shopper,55,0.3227898583162414,6,Michigan,2024-09-17,control
U05676,electronics_buyer,26,0.8941790876382553,6,Georgia,2025-04-25,variant_a
U05677,fashion_shopper,27,0.4247649336514231,15,Colorado,2025-07-30,control
U05678,electronics_buyer,37,0.658497392735393,3,Indiana,2025-12-05,variant_b
U05679,fashion_shopper,31,0.69936905647633,22,Arizona,2024-12-10,control
U05680,fashion_shopper,31,0.8036463476289808,25,Illinois,2023-06-04,control
U05681,electronics_buyer,43,0.2645200272210679,11,Delaware,2025-02-02,variant_a
U05682,hybrid,46,0.3743318211529919,8,Missouri,2024-09-08,variant_b
U05683,fashion_shopper,44,0.5035027073123626,27,Arizona,2024-02-10,control
U05684,fashion_shopper,42,0.42835695511444616,29,Idaho,2025-04-14,control
U05685,electronics_buyer,33,0.9846147095737208,29,Colorado,2023-12-24,variant_b
U05686,electronics_buyer,53,0.8514467228923412,23,Maryland,2024-12-02,variant_a
U05687,hybrid,51,0.5317180791584375,23,West Virginia,2023-06-02,variant_b
U05688,fashion_shopper,33,0.8913417634778211,8,Montana,2025-11-28,control
U05689,electronics_buyer,50,0.4128876528249671,23,Alaska,2024-02-26,variant_a
U05690,fashion_shopper,20,0.8072454915012381,29,Kansas,2023-06-25,control
U05691,fashion_shopper,40,0.3013080382958083,16,Tennessee,2023-11-04,control
U05692,electronics_buyer,28,0.7950898407037293,3,North Carolina,2025-06-26,variant_b
U05693,electronics_buyer,35,0.5108080628761555,8,Arizona,2026-02-06,variant_a
U05694,electronics_buyer,64,0.19674938889301813,8,Mississippi,2024-04-12,variant_b
U05695,fashion_shopper,58,0.3459362091000241,13,Maine,2025-04-11,control
U05696,fashion_shopper,61,0.4620471616212082,1,Connecticut,2025-04-08,variant_a
U05697,fashion_shopper,46,0.7743636204979935,10,New Mexico,2024-09-23,variant_a
U05698,hybrid,22,0.16568444325785578,5,Hawaii,2023-09-19,variant_b
U05699,fashion_shopper,41,0.6935922955833757,5,Delaware,2025-06-13,control
U05700,fashion_shopper,46,0.7444122768395592,17,Kansas,2023-10-10,control
U05701,fashion_shopper,46,0.6885292329331762,22,Missouri,2024-09-26,variant_a
U05702,electronics_buyer,43,0.7846026743508,14,Vermont,2024-08-08,variant_a
U05703,fashion_shopper,57,0.26035175442055447,6,New York,2023-08-13,control
U05704,hybrid,20,0.6283930195567337,14,Missouri,2024-03-01,variant_b
U05705,fashion_shopper,19,0.9470304524834918,12,Indiana,2025-03-10,control
U05706,hybrid,42,0.649705842824084,20,Michigan,2025-02-18,variant_b
U05707,fashion_shopper,36,0.6502027122576577,22,Maryland,2023-08-09,control
U05708,electronics_buyer,57,0.762795677901942,22,Illinois,2025-02-27,variant_a
U05709,hybrid,19,0.39988380891327313,1,Mississippi,2024-03-10,variant_b
U05710,fashion_shopper,36,0.7304283111893866,5,Massachusetts,2024-01-05,control
U05711,hybrid,18,0.9246104499818936,18,Virginia,2024-04-20,variant_b
U05712,electronics_buyer,44,0.1098059257228087,14,Colorado,2024-11-30,variant_a
U05713,hybrid,62,0.8831017369979788,7,Wyoming,2023-10-27,variant_b
U05714,electronics_buyer,52,0.2967564981329732,29,Vermont,2025-07-13,variant_b
U05715,fashion_shopper,58,0.5103309463303377,25,Massachusetts,2025-01-22,control
U05716,fashion_shopper,22,0.8671130208573742,15,Alabama,2023-11-10,control
U05717,fashion_shopper,55,0.8415209147109661,9,Arizona,2024-09-05,control
U05718,fashion_shopper,21,0.9027347303134503,15,Wyoming,2025-06-07,control
U05719,fashion_shopper,34,0.9463751133692735,27,Delaware,2024-03-17,control
U05720,fashion_shopper,38,0.5024412610945828,16,Washington,2026-04-08,control
U05721,fashion_shopper,48,0.6907274297209062,9,Nebraska,2023-08-18,variant_a
U05722,electronics_buyer,39,0.45143059647349604,27,Connecticut,2023-09-04,variant_b
U05723,fashion_shopper,28,0.41564504574294925,7,Rhode Island,2023-07-29,control
U05724,fashion_shopper,51,0.4884358695379025,7,Louisiana,2024-03-22,control
U05725,electronics_buyer,32,0.7687685213044084,17,Tennessee,2025-09-23,variant_a
U05726,fashion_shopper,27,0.5512966724273975,11,Mississippi,2024-06-05,control
U05727,fashion_shopper,55,0.8326537070035078,27,Nevada,2024-04-21,control
U05728,fashion_shopper,49,0.7706966294765403,6,Indiana,2025-02-18,control
U05729,hybrid,48,0.1184306150119594,14,Iowa,2023-07-07,variant_b
U05730,hybrid,54,0.6672143413955455,15,Illinois,2023-11-06,variant_b
U05731,fashion_shopper,61,0.4929140109777319,21,Illinois,2024-03-20,variant_a
U05732,electronics_buyer,45,0.5109660902360275,8,Minnesota,2023-06-05,variant_a
U05733,electronics_buyer,48,0.8365357484829052,24,Connecticut,2025-04-27,variant_a
U05734,electronics_buyer,23,0.5928471874762091,27,Mississippi,2026-01-27,variant_b
U05735,electronics_buyer,31,0.8970596411130524,4,Maine,2025-02-12,variant_b
U05736,electronics_buyer,40,0.7415250331525214,1,Washington,2024-05-07,variant_a
U05737,fashion_shopper,33,0.5975560078876475,6,Utah,2024-02-23,control
U05738,fashion_shopper,42,0.7790841785359933,26,Oklahoma,2025-08-27,control
U05739,electronics_buyer,56,0.13451414583286658,1,Georgia,2023-11-25,variant_a
U05740,hybrid,19,0.12437528934538697,21,Nebraska,2025-10-06,variant_b
U05741,electronics_buyer,55,0.17501439422876686,5,Iowa,2025-08-08,variant_a
U05742,hybrid,58,0.4938087926324284,19,New Jersey,2025-11-07,variant_b
U05743,hybrid,56,0.3119051310642488,5,Alabama,2025-12-10,variant_b
U05744,fashion_shopper,51,0.9858351649742061,22,Missouri,2023-09-09,control
U05745,electronics_buyer,57,0.5880611251102302,5,Utah,2025-03-29,variant_b
U05746,electronics_buyer,60,0.6961741714730426,17,North Dakota,2024-05-22,variant_b
U05747,hybrid,42,0.35093812262202706,28,South Dakota,2025-09-24,variant_b
U05748,hybrid,53,0.38961721772884794,12,Michigan,2023-08-20,variant_b
U05749,electronics_buyer,33,0.40191572272704035,7,Louisiana,2023-06-23,variant_b
U05750,fashion_shopper,35,0.7288621346352705,15,Louisiana,2026-05-19,control
U05751,electronics_buyer,30,0.5263355869203776,19,Utah,2025-09-06,variant_b
U05752,fashion_shopper,54,0.565915287277067,23,Idaho,2024-05-27,control
U05753,electronics_buyer,44,0.6328026839434108,21,South Carolina,2026-03-18,variant_b
U05754,hybrid,51,0.7919304906143954,13,Kentucky,2024-07-12,variant_b
U05755,fashion_shopper,28,0.18133277366123035,12,Virginia,2023-10-13,variant_a
U05756,electronics_buyer,18,0.7991865209969394,19,Washington,2025-12-28,variant_a
U05757,fashion_shopper,30,0.6069115619876618,13,Missouri,2024-12-18,variant_a
U05758,fashion_shopper,47,0.7021859003697315,27,South Dakota,2025-06-05,variant_a
U05759,fashion_shopper,22,0.39479658835668585,6,Missouri,2025-10-15,control
U05760,electronics_buyer,35,0.46844815313480426,1,South Dakota,2025-05-21,variant_b
U05761,hybrid,31,0.3080492376885282,6,New Mexico,2024-01-03,variant_b
U05762,hybrid,30,0.9813699976756647,13,Kentucky,2024-01-26,variant_b
U05763,fashion_shopper,49,0.547302675259285,13,Alabama,2025-05-09,control
U05764,hybrid,24,0.9964692242169381,13,Alabama,2023-05-29,variant_b
U05765,electronics_buyer,25,0.5408073802551397,20,Wyoming,2023-12-11,variant_b
U05766,fashion_shopper,24,0.2977761379456606,4,Arizona,2024-07-01,control
U05767,fashion_shopper,33,0.5567071570631711,5,Maine,2023-07-07,control
U05768,fashion_shopper,60,0.13563601461917002,13,North Carolina,2025-09-21,control
U05769,hybrid,48,0.9142928212797562,9,California,2026-04-28,variant_b
U05770,electronics_buyer,44,0.836695226074997,17,New Mexico,2025-09-24,variant_a
U05771,electronics_buyer,50,0.7532384686248562,3,Montana,2024-09-20,variant_b
U05772,fashion_shopper,46,0.648844043898214,27,Oklahoma,2024-06-28,control
U05773,electronics_buyer,25,0.6218508103033268,20,Texas,2024-09-09,variant_b
U05774,fashion_shopper,50,0.9970553926715165,18,Alaska,2025-03-20,control
U05775,fashion_shopper,58,0.35019769061794415,25,Indiana,2024-04-13,variant_a
U05776,electronics_buyer,36,0.8017159288290201,27,Virginia,2023-05-26,variant_a
U05777,fashion_shopper,38,0.6232642931922917,15,Nebraska,2024-12-23,control
U05778,hybrid,58,0.9782924893829967,23,Oklahoma,2025-10-13,variant_b
U05779,fashion_shopper,38,0.8450228649684272,1,Wisconsin,2023-09-26,control
U05780,electronics_buyer,42,0.9986726016906334,9,Missouri,2023-07-26,variant_a
U05781,fashion_shopper,59,0.6294924950162017,6,West Virginia,2023-12-01,variant_a
U05782,electronics_buyer,40,0.28408956179044154,18,Louisiana,2024-03-12,variant_a
U05783,fashion_shopper,28,0.5533183321252605,1,Pennsylvania,2025-07-09,control
U05784,fashion_shopper,50,0.7400000206455171,22,Arizona,2023-10-08,control
U05785,hybrid,37,0.7969243475634292,7,Minnesota,2026-01-07,variant_b
U05786,fashion_shopper,42,0.10045899011434922,10,Idaho,2024-05-06,control
U05787,hybrid,43,0.5545243796520647,6,Idaho,2025-08-17,variant_b
U05788,hybrid,57,0.3117111219735819,7,Louisiana,2023-12-30,variant_b
U05789,fashion_shopper,29,0.8874206499293096,6,Delaware,2023-12-12,control
U05790,fashion_shopper,49,0.2376148996452057,8,Arkansas,2026-04-05,control
U05791,electronics_buyer,50,0.6998106246173501,2,Ohio,2024-08-11,variant_a
U05792,hybrid,27,0.3394559712924324,9,Georgia,2023-10-02,variant_b
U05793,hybrid,21,0.420887928892845,25,Hawaii,2024-10-14,variant_b
U05794,electronics_buyer,32,0.9465033346811603,27,Pennsylvania,2024-09-25,variant_a
U05795,electronics_buyer,23,0.3164033128672715,9,South Carolina,2024-06-12,variant_b
U05796,fashion_shopper,44,0.1855024856406376,7,Maryland,2024-05-14,control
U05797,hybrid,22,0.16235641129980327,9,Colorado,2023-10-01,variant_b
U05798,hybrid,22,0.5541535990895159,17,Louisiana,2024-02-19,variant_b
U05799,fashion_shopper,35,0.6775403340558592,3,Florida,2023-06-10,control
U05800,fashion_shopper,45,0.39456427921379844,16,Connecticut,2025-02-19,control
U05801,fashion_shopper,52,0.7212337676137727,16,Oregon,2023-06-29,control
U05802,fashion_shopper,39,0.15493034671591405,2,Kentucky,2025-06-16,control
U05803,hybrid,51,0.8716011804305891,11,Arkansas,2026-03-05,variant_b
U05804,fashion_shopper,21,0.834910488765314,16,Nevada,2026-01-28,variant_a
U05805,fashion_shopper,35,0.986946644252877,15,Ohio,2025-10-31,control
U05806,fashion_shopper,58,0.9428544828116608,1,Nevada,2025-06-29,variant_a
U05807,hybrid,43,0.4205774475270353,21,Hawaii,2024-01-17,variant_b
U05808,electronics_buyer,59,0.4593478456140194,17,Hawaii,2023-05-21,variant_a
U05809,fashion_shopper,39,0.7713683627304335,3,Tennessee,2023-07-19,variant_a
U05810,fashion_shopper,64,0.22067449475948486,22,Louisiana,2025-08-06,control
U05811,hybrid,50,0.3826132392203514,22,Wyoming,2025-02-21,variant_b
U05812,hybrid,60,0.20668684327808345,19,Kentucky,2025-12-18,variant_b
U05813,fashion_shopper,31,0.5093978041655483,20,Minnesota,2023-07-03,control
U05814,fashion_shopper,48,0.5968038518967859,7,Mississippi,2024-09-11,control
U05815,fashion_shopper,27,0.29004442296647714,22,Kentucky,2025-10-22,control
U05816,fashion_shopper,41,0.1239685182226945,29,Vermont,2024-12-08,control
U05817,electronics_buyer,38,0.7474202485754707,11,Minnesota,2025-07-20,variant_a
U05818,hybrid,25,0.11800464798355166,18,Nebraska,2025-05-17,variant_b
U05819,electronics_buyer,49,0.9760623480355205,25,Indiana,2024-12-17,variant_a
U05820,hybrid,48,0.2994465310681559,14,Colorado,2024-08-09,variant_b
U05821,fashion_shopper,51,0.697510082904662,16,Ohio,2024-11-12,variant_a
U05822,electronics_buyer,40,0.4912765536159902,6,Texas,2026-04-09,variant_b
U05823,electronics_buyer,42,0.15370647430339648,2,Missouri,2026-04-19,variant_b
U05824,fashion_shopper,24,0.5249652459710207,23,Hawaii,2024-09-26,control
U05825,fashion_shopper,36,0.5650845708671197,11,Kentucky,2025-12-05,variant_a
U05826,electronics_buyer,24,0.8692148872835816,11,Maryland,2024-12-09,variant_a
U05827,fashion_shopper,64,0.7591141626831082,26,South Dakota,2025-01-03,control
U05828,fashion_shopper,25,0.17137222727804774,10,Georgia,2023-06-18,variant_a
U05829,electronics_buyer,31,0.2882464150890386,4,Rhode Island,2024-09-14,variant_a
U05830,hybrid,18,0.38069891579345294,17,Nebraska,2023-07-05,variant_b
U05831,electronics_buyer,30,0.20476691781833753,10,Wisconsin,2024-03-29,variant_a
U05832,hybrid,20,0.5112091638230415,9,Pennsylvania,2025-03-21,variant_b
U05833,fashion_shopper,45,0.985878271776282,13,Illinois,2024-07-20,variant_a
U05834,electronics_buyer,55,0.5631515121139855,11,Kentucky,2024-09-10,variant_b
U05835,electronics_buyer,32,0.7676939514908524,10,Alabama,2025-05-04,variant_a
U05836,hybrid,53,0.7146440179294116,24,Georgia,2024-08-09,variant_b
U05837,fashion_shopper,20,0.8649202915829242,5,Minnesota,2025-02-18,variant_a
U05838,electronics_buyer,21,0.2941511414190485,3,Michigan,2026-01-26,variant_a
U05839,electronics_buyer,22,0.7784436355237254,4,Michigan,2023-06-23,variant_a
U05840,fashion_shopper,43,0.8932197162751746,3,Oregon,2024-06-26,variant_a
U05841,fashion_shopper,42,0.2543588406822185,10,Alaska,2025-09-08,control
U05842,fashion_shopper,27,0.41212199780920333,24,North Dakota,2024-05-07,control
U05843,fashion_shopper,25,0.9730915878984053,13,Missouri,2025-03-09,control
U05844,hybrid,29,0.8027090613818132,5,Kentucky,2025-07-17,variant_b
U05845,fashion_shopper,20,0.3543317492837792,13,Nevada,2024-05-12,control
U05846,fashion_shopper,44,0.6075475926800382,27,Idaho,2024-10-23,control
U05847,electronics_buyer,40,0.4638935105645309,24,Ohio,2023-12-09,variant_b
U05848,fashion_shopper,57,0.5409686586944169,1,Arizona,2023-08-22,control
U05849,electronics_buyer,50,0.4196495722516377,25,Texas,2026-03-07,variant_a
U05850,fashion_shopper,31,0.3513979166773066,11,Iowa,2025-07-04,control
U05851,hybrid,40,0.7072867372522769,26,New York,2023-10-08,variant_b
U05852,hybrid,48,0.8006876335775057,3,Ohio,2024-07-05,variant_b
U05853,hybrid,30,0.8865614104726104,17,Indiana,2024-12-05,variant_b
U05854,fashion_shopper,29,0.23979697058636926,19,Oklahoma,2025-03-10,variant_a
U05855,electronics_buyer,52,0.8405699712807165,13,West Virginia,2023-09-28,variant_b
U05856,fashion_shopper,35,0.3293207420293572,16,Illinois,2023-11-19,control
U05857,fashion_shopper,38,0.4846027509190456,18,North Carolina,2024-08-30,control
U05858,fashion_shopper,62,0.9112993172643219,23,North Dakota,2024-04-12,control
U05859,electronics_buyer,64,0.5090532408843418,26,New York,2026-01-06,variant_a
U05860,electronics_buyer,59,0.27735718063988457,20,Vermont,2026-01-26,variant_a
U05861,electronics_buyer,18,0.24388178971340602,23,Mississippi,2025-02-21,variant_a
U05862,fashion_shopper,55,0.5256853899869205,19,Arizona,2025-11-14,control
U05863,fashion_shopper,58,0.7864051815788987,6,Iowa,2025-05-02,variant_a
U05864,electronics_buyer,59,0.9974846295768711,23,Alaska,2024-07-23,variant_b
U05865,fashion_shopper,64,0.8086677655878117,7,Vermont,2025-02-20,variant_a
U05866,electronics_buyer,26,0.8893107630485682,15,Oklahoma,2024-06-14,variant_b
U05867,fashion_shopper,40,0.7730491248413992,5,North Carolina,2025-06-27,control
U05868,hybrid,31,0.9058915906804954,16,Ohio,2026-04-18,variant_b
U05869,electronics_buyer,28,0.16866418898252195,6,Michigan,2023-06-20,variant_a
U05870,fashion_shopper,24,0.936938439083481,3,Louisiana,2024-12-16,control
U05871,fashion_shopper,48,0.45676553835309053,12,New Hampshire,2024-08-08,control
U05872,electronics_buyer,41,0.9294528009524001,4,Georgia,2026-03-28,variant_a
U05873,hybrid,43,0.16815955371352803,27,Virginia,2024-03-28,variant_b
U05874,fashion_shopper,47,0.7437186614090222,22,Wisconsin,2023-09-19,variant_a
U05875,fashion_shopper,51,0.762119873803184,3,Utah,2025-08-21,control
U05876,hybrid,63,0.9972198003679954,16,South Dakota,2023-10-25,variant_b
U05877,electronics_buyer,55,0.7919697436208324,16,Oregon,2024-05-13,variant_a
U05878,fashion_shopper,22,0.444316335234046,23,North Dakota,2024-09-09,variant_a
U05879,electronics_buyer,22,0.6015236964566908,19,Ohio,2025-04-23,variant_a
U05880,fashion_shopper,36,0.4298958443499312,15,Ohio,2023-10-12,control
U05881,electronics_buyer,55,0.2764167807743723,9,Nebraska,2025-01-29,variant_a
U05882,fashion_shopper,45,0.32365209475204615,20,Alaska,2024-02-15,variant_a
U05883,hybrid,43,0.29980948084688885,2,Kentucky,2024-11-14,variant_b
U05884,electronics_buyer,59,0.5939337971468917,6,Illinois,2024-12-04,variant_a
U05885,electronics_buyer,40,0.915544571078704,14,Maryland,2026-02-28,variant_a
U05886,electronics_buyer,63,0.9214539634795579,9,California,2025-07-15,variant_a
U05887,hybrid,47,0.14928739977324296,29,Texas,2026-01-07,variant_b
U05888,hybrid,20,0.17190946085670417,10,Georgia,2026-04-21,variant_b
U05889,electronics_buyer,45,0.32060715145510915,26,Maryland,2023-11-08,variant_a
U05890,electronics_buyer,50,0.3295535072225274,18,North Carolina,2025-01-02,variant_b
U05891,electronics_buyer,59,0.185400257715326,15,Minnesota,2024-12-10,variant_a
U05892,electronics_buyer,20,0.4496170070560964,4,Virginia,2023-08-17,variant_a
U05893,fashion_shopper,22,0.6289528534221585,5,Wisconsin,2025-10-05,control
U05894,electronics_buyer,36,0.6203459805395173,25,Alabama,2023-12-01,variant_a
U05895,fashion_shopper,59,0.5890867131327334,23,Florida,2025-08-20,control
U05896,hybrid,18,0.4048047323987475,21,California,2024-11-05,variant_b
U05897,fashion_shopper,55,0.7358101167849226,6,Georgia,2025-04-07,control
U05898,hybrid,26,0.8438355468829642,25,Oklahoma,2023-08-02,variant_b
U05899,electronics_buyer,22,0.41164683982966765,15,Montana,2026-04-19,variant_a
U05900,electronics_buyer,63,0.1769818233695158,20,New Mexico,2025-01-20,variant_a
U05901,electronics_buyer,59,0.36669722598267085,29,North Dakota,2024-04-05,variant_a
U05902,fashion_shopper,51,0.2236317891174125,2,South Dakota,2024-06-02,control
U05903,fashion_shopper,54,0.5206228545044628,16,Delaware,2025-07-18,variant_a
U05904,fashion_shopper,50,0.24034163618447046,5,Minnesota,2024-08-18,control
U05905,electronics_buyer,42,0.5165602818921796,23,North Carolina,2024-08-23,variant_a
U05906,fashion_shopper,59,0.298902603092183,28,Pennsylvania,2024-08-19,variant_a
U05907,electronics_buyer,46,0.7648579949161627,4,South Dakota,2025-04-02,variant_b
U05908,fashion_shopper,42,0.12481141675226108,28,Ohio,2025-02-06,control
U05909,fashion_shopper,26,0.599271673448733,1,Idaho,2025-12-27,control
U05910,fashion_shopper,20,0.252539447428051,8,North Dakota,2025-12-10,variant_a
U05911,hybrid,32,0.10089267802266437,21,Missouri,2026-04-05,variant_b
U05912,electronics_buyer,21,0.8822800792583264,10,Idaho,2026-02-20,variant_b
U05913,fashion_shopper,62,0.7043750090326608,15,Delaware,2025-07-05,variant_a
U05914,electronics_buyer,55,0.18904853984547107,2,Texas,2025-06-05,variant_a
U05915,fashion_shopper,37,0.69766513091547,19,Oregon,2025-06-30,control
U05916,hybrid,40,0.6504825994638387,12,Nebraska,2024-08-18,variant_b
U05917,electronics_buyer,54,0.526021018338883,10,Illinois,2024-06-05,variant_a
U05918,fashion_shopper,64,0.47733228858305266,12,Nebraska,2024-05-04,control
U05919,electronics_buyer,25,0.8983627866241615,26,Rhode Island,2023-09-18,variant_a
U05920,fashion_shopper,54,0.32063321790770616,21,Utah,2024-08-29,control
U05921,hybrid,62,0.458479051312045,27,Massachusetts,2025-10-04,variant_b
U05922,fashion_shopper,50,0.39620387160534454,20,Wyoming,2023-12-01,control
U05923,electronics_buyer,50,0.7940809261329702,25,Wyoming,2024-06-30,variant_a
U05924,fashion_shopper,24,0.9248187756092855,9,Rhode Island,2023-09-25,control
U05925,electronics_buyer,39,0.8648035288662074,8,Rhode Island,2023-09-05,variant_b
U05926,electronics_buyer,22,0.8179335372697917,2,New Hampshire,2024-03-07,variant_b
U05927,electronics_buyer,63,0.9881109510130747,21,Maine,2025-11-10,variant_b
U05928,electronics_buyer,32,0.7274300953693467,24,South Carolina,2024-09-26,variant_a
U05929,hybrid,38,0.7759484120921804,24,New Mexico,2025-12-08,variant_b
U05930,fashion_shopper,42,0.984522285734517,7,Minnesota,2024-11-04,control
U05931,fashion_shopper,34,0.10629170685925668,4,New Mexico,2024-04-26,control
U05932,fashion_shopper,24,0.6706435387927285,19,New Mexico,2025-08-11,control
U05933,hybrid,36,0.7650743787579606,8,South Dakota,2025-09-04,variant_b
U05934,fashion_shopper,24,0.9260443483814754,24,North Dakota,2024-01-10,variant_a
U05935,electronics_buyer,57,0.8954598737659085,13,Alabama,2025-01-27,variant_b
U05936,electronics_buyer,62,0.8577646131104149,26,Colorado,2025-09-09,variant_b
U05937,fashion_shopper,41,0.9512121447475334,21,Arizona,2025-01-22,control
U05938,fashion_shopper,28,0.5836412691223368,3,New York,2023-10-22,control
U05939,fashion_shopper,58,0.10622808602634409,5,Nevada,2025-09-13,control
U05940,fashion_shopper,18,0.10994895882730858,20,Wyoming,2026-04-19,variant_a
U05941,fashion_shopper,49,0.5901751500560722,8,Delaware,2024-11-02,control
U05942,fashion_shopper,57,0.4917450149775472,2,California,2025-12-07,control
U05943,hybrid,61,0.5061205480289037,27,Minnesota,2025-07-30,variant_b
U05944,hybrid,19,0.46036426348903337,24,New York,2023-11-24,variant_b
U05945,fashion_shopper,32,0.9259532281821121,10,Louisiana,2024-02-10,variant_a
U05946,fashion_shopper,38,0.4232533160528109,22,Arkansas,2026-04-10,control
U05947,fashion_shopper,41,0.8706042475867749,16,Washington,2024-04-05,control
U05948,electronics_buyer,34,0.9125783144124767,4,Louisiana,2023-09-05,variant_b
U05949,hybrid,64,0.5495515929990593,27,Kentucky,2025-12-26,variant_b
U05950,fashion_shopper,26,0.5022442336285795,14,Hawaii,2023-08-21,control
U05951,fashion_shopper,52,0.7849185437939021,3,Connecticut,2025-08-17,control
U05952,electronics_buyer,37,0.7371743568758942,10,Missouri,2023-08-16,variant_b
U05953,electronics_buyer,36,0.39568160493658533,13,Iowa,2023-06-11,variant_a
U05954,fashion_shopper,35,0.19229331333218191,5,Alaska,2023-10-11,control
U05955,electronics_buyer,37,0.3383671601642323,22,Tennessee,2023-08-05,variant_a
U05956,fashion_shopper,47,0.21792565523106908,17,Delaware,2026-02-24,control
U05957,fashion_shopper,57,0.3652590481990222,17,Virginia,2026-03-20,variant_a
U05958,electronics_buyer,18,0.33563940902271916,11,Massachusetts,2023-12-16,variant_b
U05959,hybrid,41,0.6739402814980422,26,Wyoming,2025-04-06,variant_b
U05960,fashion_shopper,41,0.9590464256093016,19,South Carolina,2024-10-28,variant_a
U05961,hybrid,64,0.7171693590974352,18,Texas,2025-04-24,variant_b
U05962,fashion_shopper,36,0.9339844672581127,28,Connecticut,2024-12-23,variant_a
U05963,electronics_buyer,47,0.805719032747599,17,Maine,2024-05-13,variant_b
U05964,electronics_buyer,43,0.7550898598640559,11,Georgia,2023-06-30,variant_a
U05965,hybrid,59,0.47265574619200734,15,Connecticut,2023-05-25,variant_b
U05966,hybrid,61,0.3923150525770318,8,Oregon,2025-07-16,variant_b
U05967,fashion_shopper,55,0.8616496352256273,12,Ohio,2026-03-23,control
U05968,hybrid,46,0.9148539096361048,29,Nebraska,2025-02-01,variant_b
U05969,hybrid,30,0.5066942442858389,17,California,2024-05-05,variant_b
U05970,electronics_buyer,21,0.10815678836797998,26,Ohio,2023-10-30,variant_b
U05971,fashion_shopper,62,0.8132779530158234,24,Maryland,2025-10-22,control
U05972,hybrid,34,0.3565619564250625,5,New Jersey,2024-11-20,variant_b
U05973,hybrid,50,0.10889907851522868,29,Idaho,2024-09-30,variant_b
U05974,fashion_shopper,22,0.8244897030785099,4,Utah,2026-04-18,control
U05975,hybrid,45,0.5656727699352083,24,Virginia,2025-10-06,variant_b
U05976,fashion_shopper,41,0.7166896717046222,24,Vermont,2025-11-11,control
U05977,fashion_shopper,34,0.9232208390300297,11,Arizona,2023-12-20,control
U05978,electronics_buyer,56,0.5870564471242948,8,West Virginia,2024-05-23,variant_a
U05979,electronics_buyer,57,0.5528746653210692,16,Tennessee,2025-08-08,variant_a
U05980,electronics_buyer,61,0.3615959092134372,16,Indiana,2025-05-08,variant_a
U05981,fashion_shopper,63,0.3746744509959574,3,Alaska,2026-03-05,control
U05982,hybrid,28,0.8168878594266813,12,South Dakota,2025-07-02,variant_b
U05983,fashion_shopper,29,0.5041263210273433,24,Georgia,2023-10-22,control
U05984,fashion_shopper,30,0.24717358774730835,13,Pennsylvania,2025-07-05,control
U05985,fashion_shopper,25,0.18507588760044602,1,Utah,2026-04-29,control
U05986,electronics_buyer,18,0.5256281051756014,29,New Hampshire,2024-08-15,variant_a
U05987,hybrid,26,0.5184595212559574,4,Indiana,2025-01-21,variant_b
U05988,electronics_buyer,45,0.6881124503848565,21,Nevada,2026-01-19,variant_a
U05989,hybrid,19,0.5239607299706266,6,Idaho,2024-06-21,variant_b
U05990,fashion_shopper,31,0.22912813372079327,5,Alaska,2024-05-26,control
U05991,electronics_buyer,30,0.5570225963186622,5,North Dakota,2025-10-15,variant_a
U05992,electronics_buyer,19,0.9161104634974226,21,Wisconsin,2024-10-27,variant_a
U05993,electronics_buyer,21,0.2434972704581912,25,Pennsylvania,2026-01-12,variant_a
U05994,fashion_shopper,29,0.7207791768799741,10,Oregon,2024-12-26,control
U05995,electronics_buyer,27,0.6344733384689739,26,Arkansas,2024-03-03,variant_b
U05996,electronics_buyer,20,0.7737271540406224,19,North Carolina,2025-03-12,variant_a
U05997,electronics_buyer,21,0.23554024608483348,18,Minnesota,2024-02-09,variant_b
U05998,electronics_buyer,23,0.9474448032153951,26,Alaska,2024-01-13,variant_a
U05999,fashion_shopper,40,0.6588697849904427,2,Arizona,2024-06-18,control
U06000,electronics_buyer,22,0.8623640239220232,16,Maine,2023-10-23,variant_a
U06001,fashion_shopper,20,0.3219460873122121,15,Oklahoma,2025-07-17,control
U06002,hybrid,27,0.7654716004581654,24,Oklahoma,2024-01-21,variant_b
U06003,electronics_buyer,60,0.802927633900527,5,Missouri,2024-06-13,variant_a
U06004,fashion_shopper,36,0.4576917451483681,21,Michigan,2024-09-13,control
U06005,hybrid,31,0.44555810759507986,22,Utah,2024-10-10,variant_b
U06006,electronics_buyer,38,0.6920166385231743,9,Kansas,2023-11-30,variant_a
U06007,fashion_shopper,60,0.18406691358419436,23,Kansas,2024-02-02,control
U06008,electronics_buyer,45,0.762061735195758,5,New Jersey,2025-06-19,variant_a
U06009,fashion_shopper,38,0.13859808385546984,5,Rhode Island,2024-09-11,control
U06010,hybrid,53,0.2715312710087434,26,California,2026-01-30,variant_b
U06011,hybrid,41,0.6977293815172305,9,Illinois,2024-02-11,variant_b
U06012,hybrid,55,0.18849130038276746,9,Illinois,2023-10-30,variant_b
U06013,electronics_buyer,34,0.974657882329111,2,North Dakota,2025-10-07,variant_a
U06014,electronics_buyer,39,0.8815565885157106,7,Nebraska,2026-04-13,variant_a
U06015,electronics_buyer,36,0.6636720991660628,26,New Hampshire,2025-01-02,variant_b
U06016,fashion_shopper,62,0.8371517101024148,1,Georgia,2026-04-18,control
U06017,electronics_buyer,27,0.898822043730611,20,New Hampshire,2023-11-26,variant_a
U06018,electronics_buyer,28,0.3335280846146366,2,South Dakota,2024-04-20,variant_a
U06019,fashion_shopper,55,0.8644704291543875,26,California,2026-01-24,control
U06020,fashion_shopper,19,0.27531440527384166,25,Iowa,2024-07-24,variant_a
U06021,hybrid,50,0.47200803773393385,12,North Dakota,2024-07-10,variant_b
U06022,hybrid,60,0.6024336681237394,6,Virginia,2023-09-11,variant_b
U06023,fashion_shopper,48,0.7425018667666292,20,Wyoming,2024-09-19,control
U06024,fashion_shopper,52,0.12712718595027525,19,Virginia,2023-08-10,control
U06025,fashion_shopper,54,0.36145847150037014,16,New York,2024-03-31,control
U06026,hybrid,64,0.6476671883893512,4,Oregon,2024-08-30,variant_b
U06027,fashion_shopper,64,0.4216318112342069,18,Pennsylvania,2025-10-06,control
U06028,electronics_buyer,53,0.797522550066544,5,Oregon,2024-02-11,variant_b
U06029,fashion_shopper,40,0.6864869450356446,25,Minnesota,2025-05-11,control
U06030,electronics_buyer,53,0.3109613083513622,22,South Dakota,2024-06-12,variant_a
U06031,fashion_shopper,57,0.2313360816330998,18,Kentucky,2024-08-28,variant_a
U06032,electronics_buyer,56,0.6661422942283454,6,Arizona,2025-05-29,variant_b
U06033,fashion_shopper,43,0.5054205949342819,25,Colorado,2024-11-27,control
U06034,electronics_buyer,42,0.2520613369911867,14,Virginia,2023-08-04,variant_a
U06035,fashion_shopper,34,0.3937367847865396,20,Oregon,2025-01-20,control
U06036,electronics_buyer,32,0.37274207348672794,17,Maine,2024-05-15,variant_b
U06037,hybrid,54,0.1973187751054376,18,Alabama,2024-02-10,variant_b
U06038,fashion_shopper,62,0.5922181173387052,21,Vermont,2025-06-22,control
U06039,hybrid,21,0.7872837705212987,10,New Hampshire,2023-10-15,variant_b
U06040,electronics_buyer,39,0.6179201999676883,23,Iowa,2023-07-28,variant_a
U06041,fashion_shopper,34,0.843662228443617,24,Oklahoma,2025-05-18,control
U06042,fashion_shopper,39,0.2148116924938882,19,Utah,2025-06-08,variant_a
U06043,fashion_shopper,34,0.4920506720400015,25,New Mexico,2023-12-25,control
U06044,electronics_buyer,31,0.6484735932922893,18,Colorado,2025-05-25,variant_b
U06045,electronics_buyer,31,0.7084014048477166,4,South Carolina,2024-10-03,variant_b
U06046,fashion_shopper,34,0.7262076757810842,20,Georgia,2024-03-01,control
U06047,electronics_buyer,25,0.7560688843880929,15,Idaho,2023-09-02,variant_a
U06048,hybrid,51,0.6862868309764151,6,Colorado,2025-06-15,variant_b
U06049,hybrid,43,0.18480528004678087,26,South Carolina,2023-11-30,variant_b
U06050,electronics_buyer,62,0.7257751098420668,6,North Carolina,2023-07-16,variant_a
U06051,hybrid,47,0.7523043910969488,3,Iowa,2023-10-08,variant_b
U06052,electronics_buyer,39,0.9941319409002645,9,Wyoming,2025-01-10,variant_a
U06053,fashion_shopper,33,0.7240261930310133,11,Rhode Island,2025-07-03,variant_a
U06054,hybrid,47,0.718147356176394,5,Maine,2026-05-08,variant_b
U06055,electronics_buyer,33,0.5633319611637748,14,Pennsylvania,2025-04-21,variant_a
U06056,electronics_buyer,55,0.8811306177266025,2,Nebraska,2023-08-24,variant_a
U06057,electronics_buyer,41,0.9971512857650424,22,Iowa,2024-03-21,variant_a
U06058,hybrid,53,0.8011403831776889,19,Maine,2023-10-07,variant_b
U06059,hybrid,52,0.6512503400720275,8,Connecticut,2024-06-22,variant_b
U06060,fashion_shopper,23,0.17105934423841138,13,Arkansas,2025-12-21,variant_a
U06061,fashion_shopper,21,0.7540652185566648,19,New York,2026-04-08,control
U06062,electronics_buyer,35,0.7377054117237554,5,Massachusetts,2024-12-29,variant_a
U06063,electronics_buyer,23,0.7980113330284886,15,Florida,2025-06-03,variant_a
U06064,fashion_shopper,43,0.2120998495595404,4,Tennessee,2025-08-16,control
U06065,electronics_buyer,54,0.6883592501135292,4,Wyoming,2025-06-05,variant_b
U06066,electronics_buyer,44,0.3661515144565072,18,Oregon,2025-08-12,variant_a
U06067,fashion_shopper,58,0.7842441190625503,24,Michigan,2023-05-28,control
U06068,fashion_shopper,28,0.3163365586283196,19,Hawaii,2024-08-15,control
U06069,fashion_shopper,55,0.7155808091383696,20,Colorado,2025-08-30,control
U06070,hybrid,33,0.3654936522855817,22,Delaware,2024-11-21,variant_b
U06071,fashion_shopper,36,0.10809486353568803,9,Maryland,2023-06-02,control
U06072,fashion_shopper,60,0.6700221207757859,15,Florida,2024-07-19,control
U06073,electronics_buyer,32,0.20194217484303012,12,New Jersey,2024-07-28,variant_a
U06074,fashion_shopper,43,0.6933623255093927,4,Utah,2025-09-16,control
U06075,fashion_shopper,58,0.9330485035212437,3,Idaho,2025-05-04,control
U06076,fashion_shopper,48,0.9723213407899812,5,West Virginia,2024-09-15,control
U06077,electronics_buyer,36,0.31233077859485137,25,Nevada,2026-01-19,variant_a
U06078,electronics_buyer,41,0.8283279048855894,17,Massachusetts,2024-10-29,variant_a
U06079,fashion_shopper,26,0.41819794918519626,5,Virginia,2024-08-07,variant_a
U06080,fashion_shopper,40,0.9104113654731841,27,Maine,2025-10-27,variant_a
U06081,hybrid,21,0.8087406117664364,4,Vermont,2025-12-17,variant_b
U06082,fashion_shopper,27,0.16652954498118727,21,Ohio,2024-03-05,variant_a
U06083,fashion_shopper,26,0.46642329448954956,7,Wisconsin,2023-11-21,control
U06084,fashion_shopper,36,0.40358604340870674,7,Florida,2025-11-14,control
U06085,electronics_buyer,32,0.8066629186509493,7,Oregon,2025-01-02,variant_a
U06086,electronics_buyer,51,0.4692571395878432,17,Illinois,2025-09-21,variant_b
U06087,fashion_shopper,59,0.7161295578877754,25,Washington,2025-02-26,control
U06088,electronics_buyer,36,0.6421917300313964,15,North Dakota,2024-10-19,variant_b
U06089,fashion_shopper,38,0.9780748471878704,7,Oklahoma,2024-10-29,control
U06090,fashion_shopper,51,0.9440064611214534,15,Illinois,2023-08-10,variant_a
U06091,electronics_buyer,34,0.4849295632648468,20,Nevada,2025-10-07,variant_b
U06092,fashion_shopper,35,0.7512203904770344,4,Maryland,2025-12-28,control
U06093,electronics_buyer,34,0.8465140845830996,2,Hawaii,2024-05-21,variant_a
U06094,fashion_shopper,19,0.9089971784759306,22,Utah,2024-12-06,control
U06095,electronics_buyer,18,0.16132083739883532,13,Connecticut,2023-09-15,variant_b
U06096,fashion_shopper,60,0.37187091934614713,12,Mississippi,2025-07-07,control
U06097,hybrid,27,0.3882070368716697,10,New Hampshire,2024-01-05,variant_b
U06098,fashion_shopper,54,0.49100135609789075,19,Arizona,2025-03-15,control
U06099,hybrid,22,0.2523382756438771,15,Montana,2025-11-23,variant_b
U06100,fashion_shopper,29,0.5465852919550073,17,North Carolina,2024-09-15,variant_a
U06101,electronics_buyer,53,0.6968928945686105,21,Ohio,2024-03-28,variant_b
U06102,fashion_shopper,48,0.547627528195046,6,Indiana,2024-10-26,control
U06103,hybrid,55,0.6992137856778542,27,North Carolina,2024-10-18,variant_b
U06104,fashion_shopper,26,0.15979746863611027,5,Arizona,2025-06-21,control
U06105,fashion_shopper,61,0.8883885985366693,21,Washington,2026-04-18,control
U06106,electronics_buyer,43,0.9451622728909616,28,Idaho,2024-02-20,variant_a
U06107,fashion_shopper,32,0.6561166817067837,26,Wyoming,2024-01-23,control
U06108,fashion_shopper,33,0.8932518987732072,13,Alaska,2024-11-03,control
U06109,hybrid,30,0.21830141498339117,27,Texas,2025-10-04,variant_b
U06110,hybrid,42,0.8177040280686791,14,Maine,2025-12-25,variant_b
U06111,fashion_shopper,47,0.2072333741253346,29,Michigan,2024-02-01,variant_a
U06112,hybrid,24,0.467209208347783,24,Louisiana,2023-05-21,variant_b
U06113,electronics_buyer,21,0.39143668110244756,14,West Virginia,2024-01-08,variant_a
U06114,fashion_shopper,60,0.6270326426984089,15,Colorado,2024-02-24,control
U06115,electronics_buyer,57,0.3713630817155802,16,Utah,2025-04-04,variant_b
U06116,electronics_buyer,55,0.6735822667004194,10,Georgia,2023-07-04,variant_a
U06117,hybrid,47,0.4306485602367621,1,Montana,2024-11-10,variant_b
U06118,fashion_shopper,27,0.874711342927418,24,Washington,2024-01-20,control
U06119,electronics_buyer,47,0.6704954561976504,29,Texas,2025-10-31,variant_b
U06120,fashion_shopper,56,0.29376846758930153,11,Maine,2024-07-23,control
U06121,fashion_shopper,24,0.4025164798252784,7,Maryland,2024-10-03,control
U06122,fashion_shopper,53,0.8626787988639902,17,Connecticut,2024-11-12,control
U06123,hybrid,52,0.4478317749887126,25,Hawaii,2024-12-29,variant_b
U06124,hybrid,41,0.5822191590090806,28,North Dakota,2025-04-14,variant_b
U06125,electronics_buyer,56,0.6840477423570994,4,Oregon,2026-05-09,variant_b
U06126,electronics_buyer,53,0.4130286846273251,29,South Carolina,2025-02-03,variant_a
U06127,fashion_shopper,62,0.36458076768226144,7,Ohio,2023-10-10,control
U06128,fashion_shopper,37,0.5277294123472258,3,Minnesota,2023-08-21,control
U06129,fashion_shopper,49,0.2933928748835102,24,West Virginia,2024-11-21,control
U06130,fashion_shopper,56,0.35578952822715715,20,Idaho,2023-10-31,variant_a
U06131,electronics_buyer,43,0.1558706356288325,14,Texas,2024-03-10,variant_b
U06132,electronics_buyer,43,0.37357324837390493,18,Connecticut,2026-04-30,variant_a
U06133,fashion_shopper,53,0.38863368402721243,18,Tennessee,2024-03-31,control
U06134,fashion_shopper,60,0.9656498496621877,24,Oregon,2025-03-18,control
U06135,fashion_shopper,52,0.6307559429192922,24,Illinois,2024-07-22,control
U06136,fashion_shopper,60,0.808644182874225,1,Hawaii,2023-11-06,variant_a
U06137,hybrid,52,0.14083952750229023,6,Wisconsin,2023-12-21,variant_b
U06138,electronics_buyer,29,0.19588302424753473,9,Kansas,2024-11-27,variant_a
U06139,hybrid,50,0.8330832647763331,25,Georgia,2024-08-19,variant_b
U06140,electronics_buyer,53,0.6611945944758721,2,South Dakota,2024-05-03,variant_a
U06141,fashion_shopper,31,0.2718838274861826,8,Wyoming,2024-06-08,variant_a
U06142,fashion_shopper,50,0.46431586527556445,24,New Jersey,2026-02-14,control
U06143,hybrid,63,0.5848052499834605,20,Louisiana,2024-02-28,variant_b
U06144,electronics_buyer,62,0.8592488462236976,4,Georgia,2024-07-25,variant_b
U06145,fashion_shopper,62,0.15437079252504476,21,Michigan,2026-04-07,control
U06146,electronics_buyer,41,0.6370500604306262,27,Virginia,2025-06-02,variant_a
U06147,electronics_buyer,32,0.7453323294280155,10,Oregon,2025-04-03,variant_a
U06148,electronics_buyer,48,0.9801026721194135,23,Minnesota,2024-03-16,variant_a
U06149,hybrid,34,0.826444070462966,1,Massachusetts,2026-02-17,variant_b
U06150,electronics_buyer,29,0.34860458220874607,11,Nebraska,2023-11-30,variant_a
U06151,electronics_buyer,39,0.7386212744904386,9,Utah,2024-02-03,variant_a
U06152,fashion_shopper,40,0.7869500964342794,19,Illinois,2025-10-03,control
U06153,fashion_shopper,43,0.7567619499265557,11,Vermont,2025-02-12,control
U06154,fashion_shopper,31,0.838129661156683,4,Nevada,2024-04-15,control
U06155,fashion_shopper,29,0.9133569785922738,23,Colorado,2024-12-13,control
U06156,electronics_buyer,21,0.18858688209040625,5,Wyoming,2025-06-11,variant_b
U06157,electronics_buyer,63,0.19428747191300696,21,Kentucky,2026-02-17,variant_b
U06158,fashion_shopper,30,0.8167599898935813,17,New Jersey,2025-04-02,control
U06159,hybrid,35,0.3271352288693238,18,Florida,2024-03-05,variant_b
U06160,fashion_shopper,60,0.15268727975507015,5,Vermont,2023-07-25,control
U06161,fashion_shopper,45,0.4611062628825452,18,New Hampshire,2024-06-28,control
U06162,fashion_shopper,55,0.8378892206434703,17,Rhode Island,2025-02-16,control
U06163,fashion_shopper,58,0.21390852143258235,26,Louisiana,2025-12-16,variant_a
U06164,fashion_shopper,61,0.7046577746240207,3,Vermont,2024-08-13,control
U06165,electronics_buyer,36,0.10325427559441093,11,Utah,2025-06-23,variant_a
U06166,fashion_shopper,63,0.19876370249120495,17,Ohio,2025-08-19,variant_a
U06167,hybrid,64,0.4157653111916382,26,South Carolina,2024-01-21,variant_b
U06168,fashion_shopper,60,0.17524205292197265,8,New York,2023-06-14,control
U06169,fashion_shopper,55,0.8613115006934017,24,Hawaii,2025-07-02,control
U06170,fashion_shopper,63,0.877663452830922,8,Nevada,2025-12-21,control
U06171,electronics_buyer,20,0.7800136327895718,23,Utah,2025-03-11,variant_a
U06172,fashion_shopper,36,0.31823166825605576,23,Kansas,2024-01-03,control
U06173,hybrid,37,0.5709223677159818,2,Delaware,2024-08-13,variant_b
U06174,electronics_buyer,42,0.26576967297103427,25,North Dakota,2024-01-24,variant_a
U06175,electronics_buyer,28,0.35315060506579976,7,Kansas,2025-01-04,variant_a
U06176,electronics_buyer,34,0.564404762956412,21,Alabama,2026-01-07,variant_a
U06177,fashion_shopper,52,0.761512427614718,20,Kentucky,2024-04-16,control
U06178,fashion_shopper,31,0.18518894235427524,24,West Virginia,2023-10-18,control
U06179,fashion_shopper,56,0.3670270278652775,21,New Hampshire,2023-12-21,control
U06180,electronics_buyer,36,0.93395921371473,6,Kansas,2024-09-20,variant_a
U06181,fashion_shopper,20,0.4862109860036994,20,Kansas,2023-07-23,control
U06182,fashion_shopper,51,0.944982706518383,18,Georgia,2025-10-09,control
U06183,hybrid,58,0.9922604873969221,28,Idaho,2026-01-16,variant_b
U06184,fashion_shopper,39,0.5739938435002744,7,Wyoming,2023-08-07,control
U06185,hybrid,55,0.3592396088063655,28,New York,2023-12-25,variant_b
U06186,electronics_buyer,44,0.8116991277153212,18,Wyoming,2025-02-07,variant_b
U06187,fashion_shopper,38,0.24337966197251348,27,Arkansas,2025-11-24,control
U06188,fashion_shopper,58,0.32684217370486346,12,Arizona,2023-05-25,control
U06189,fashion_shopper,48,0.806391918549354,7,Alaska,2024-07-24,control
U06190,electronics_buyer,44,0.490281332258827,7,Kentucky,2024-12-01,variant_b
U06191,electronics_buyer,54,0.2813841432889001,1,North Dakota,2023-09-19,variant_a
U06192,electronics_buyer,19,0.686013170457092,29,Kansas,2025-01-14,variant_b
U06193,hybrid,64,0.7594856752435146,10,Wisconsin,2024-12-19,variant_b
U06194,electronics_buyer,26,0.21256411550551219,10,Nevada,2024-05-06,variant_b
U06195,fashion_shopper,36,0.34928223397744074,12,Maryland,2025-03-13,control
U06196,fashion_shopper,59,0.29914907983500993,3,Delaware,2025-09-04,control
U06197,hybrid,53,0.44186916588620695,3,West Virginia,2024-12-26,variant_b
U06198,fashion_shopper,27,0.787100406018458,13,West Virginia,2025-04-06,control
U06199,fashion_shopper,57,0.7423372920468918,13,Wyoming,2025-04-27,control
U06200,electronics_buyer,62,0.6962715193453336,27,Iowa,2024-10-27,variant_b
U06201,fashion_shopper,56,0.10565699128173209,6,Delaware,2023-09-16,variant_a
U06202,hybrid,24,0.22792898204235051,27,Georgia,2023-11-18,variant_b
U06203,electronics_buyer,21,0.30096779419186015,3,Virginia,2025-04-16,variant_a
U06204,fashion_shopper,32,0.34476026143496463,28,Indiana,2024-04-22,control
U06205,hybrid,29,0.23178388748401002,15,Mississippi,2025-10-17,variant_b
U06206,fashion_shopper,23,0.46928399632650075,9,Georgia,2023-10-10,control
U06207,fashion_shopper,26,0.1676625265126233,21,Oklahoma,2026-01-20,control
U06208,fashion_shopper,52,0.7750199713490027,6,New Mexico,2023-12-27,variant_a
U06209,fashion_shopper,25,0.8089487085664945,6,Arkansas,2024-08-30,control
U06210,electronics_buyer,24,0.6168400206408083,8,Arizona,2024-11-01,variant_a
U06211,fashion_shopper,21,0.18073438933777106,26,New York,2026-04-18,control
U06212,fashion_shopper,30,0.9010748525920822,11,Texas,2025-06-10,variant_a
U06213,fashion_shopper,36,0.969072245837303,19,Ohio,2024-12-20,variant_a
U06214,electronics_buyer,24,0.28212720428961047,16,Louisiana,2024-11-21,variant_b
U06215,hybrid,27,0.7341758374966477,9,Mississippi,2024-09-23,variant_b
U06216,fashion_shopper,42,0.8577447675782371,23,Wisconsin,2025-08-06,control
U06217,fashion_shopper,61,0.585859170288432,11,Hawaii,2023-12-23,variant_a
U06218,fashion_shopper,52,0.39099078957407396,16,Hawaii,2025-01-24,variant_a
U06219,fashion_shopper,42,0.5307028435723173,29,Oregon,2023-11-19,control
U06220,electronics_buyer,46,0.5610418757060068,6,Kentucky,2025-04-05,variant_b
U06221,electronics_buyer,29,0.4605733397692251,27,Rhode Island,2024-03-13,variant_b
U06222,fashion_shopper,64,0.9368582442703356,17,Arizona,2024-06-09,control
U06223,fashion_shopper,57,0.7694947998482519,16,Nevada,2026-04-29,variant_a
U06224,fashion_shopper,29,0.3171714780294676,20,California,2026-05-02,control
U06225,electronics_buyer,23,0.6270014685878816,21,Utah,2025-07-07,variant_a
U06226,fashion_shopper,27,0.7198202358380507,28,Georgia,2025-08-20,control
U06227,hybrid,19,0.22614077953191725,18,Texas,2025-05-03,variant_b
U06228,electronics_buyer,62,0.4225831681421339,1,Hawaii,2024-02-22,variant_b
U06229,fashion_shopper,42,0.9149934534435243,18,Mississippi,2025-01-18,variant_a
U06230,electronics_buyer,24,0.6104557901666814,8,Washington,2025-07-28,variant_a
U06231,hybrid,57,0.29529797145428516,26,Tennessee,2025-07-26,variant_b
U06232,electronics_buyer,40,0.2105063183072357,22,Nevada,2024-10-23,variant_a
U06233,fashion_shopper,28,0.56640420412739,10,Maryland,2025-04-02,control
U06234,fashion_shopper,53,0.5929171507262297,2,Iowa,2024-09-09,variant_a
U06235,hybrid,40,0.4009730062191511,9,Delaware,2025-07-27,variant_b
U06236,electronics_buyer,60,0.6673744255772066,24,Wisconsin,2025-05-07,variant_a
U06237,electronics_buyer,24,0.16181621759744985,4,Wisconsin,2025-06-29,variant_a
U06238,hybrid,44,0.23062572393952657,11,Virginia,2025-12-11,variant_b
U06239,hybrid,30,0.5916464389101334,10,Tennessee,2026-05-07,variant_b
U06240,hybrid,34,0.15563412446000857,14,Oregon,2024-06-16,variant_b
U06241,fashion_shopper,49,0.8928178884919905,7,North Carolina,2025-09-13,control
U06242,electronics_buyer,43,0.22793173341086512,19,Colorado,2026-01-07,variant_a
U06243,electronics_buyer,39,0.7065278866760828,6,Oklahoma,2023-07-30,variant_b
U06244,electronics_buyer,30,0.4520830975429827,16,Oklahoma,2023-11-08,variant_b
U06245,electronics_buyer,29,0.4598089727880236,19,Arizona,2025-08-23,variant_a
U06246,fashion_shopper,24,0.7884005757500294,26,Mississippi,2024-12-18,control
U06247,electronics_buyer,18,0.5495159207556226,29,Texas,2026-02-03,variant_b
U06248,electronics_buyer,50,0.7530899172794797,19,Wisconsin,2025-04-02,variant_b
U06249,fashion_shopper,31,0.5546721058774923,13,Delaware,2024-07-20,control
U06250,electronics_buyer,64,0.6336148072647371,12,Massachusetts,2023-05-28,variant_a
U06251,fashion_shopper,60,0.7846431650826977,27,Maryland,2026-01-04,control
U06252,fashion_shopper,58,0.6465778686291478,25,Missouri,2024-06-22,control
U06253,fashion_shopper,34,0.6540535984499097,22,Illinois,2024-02-05,control
U06254,fashion_shopper,21,0.810297632284835,15,Alabama,2024-03-29,variant_a
U06255,electronics_buyer,56,0.9541781342374359,8,Michigan,2024-03-14,variant_a
U06256,electronics_buyer,18,0.43904453854180314,4,New Jersey,2025-05-21,variant_a
U06257,electronics_buyer,58,0.6194054415033561,20,Ohio,2024-05-12,variant_a
U06258,hybrid,62,0.17764584196019106,8,Nebraska,2025-09-15,variant_b
U06259,fashion_shopper,41,0.42292349251198025,23,Oregon,2026-02-14,control
U06260,fashion_shopper,51,0.47084430330044735,21,Arizona,2023-05-23,control
U06261,hybrid,51,0.8517135851416459,16,Michigan,2024-08-28,variant_b
U06262,fashion_shopper,41,0.5620531619131092,16,Mississippi,2023-12-20,control
U06263,hybrid,32,0.757959735968612,2,Alabama,2025-12-15,variant_b
U06264,hybrid,34,0.11710666002310423,22,Oklahoma,2023-07-16,variant_b
U06265,electronics_buyer,30,0.5180434026654841,17,Illinois,2026-01-04,variant_a
U06266,hybrid,24,0.9111858986472258,23,Indiana,2026-01-28,variant_b
U06267,fashion_shopper,26,0.30188251837520663,25,Indiana,2026-02-06,control
U06268,fashion_shopper,61,0.12836996677640164,5,Massachusetts,2024-12-23,control
U06269,electronics_buyer,52,0.4900678603421288,5,New Hampshire,2024-12-09,variant_a
U06270,fashion_shopper,40,0.7339886385828358,12,New York,2023-06-06,variant_a
U06271,hybrid,64,0.5090171561573226,7,Texas,2024-01-28,variant_b
U06272,fashion_shopper,56,0.5139804821601393,5,North Dakota,2024-08-25,control
U06273,electronics_buyer,40,0.7028245371144876,26,Massachusetts,2025-11-13,variant_a
U06274,electronics_buyer,43,0.3289499274547441,28,Maryland,2024-08-31,variant_a
U06275,electronics_buyer,18,0.7767008124777797,28,Massachusetts,2025-06-10,variant_a
U06276,fashion_shopper,31,0.2378021778151601,4,Oklahoma,2025-09-25,control
U06277,fashion_shopper,49,0.456175544757389,17,Nebraska,2023-06-06,variant_a
U06278,hybrid,27,0.6904072976238261,6,Michigan,2024-01-28,variant_b
U06279,fashion_shopper,18,0.8455321065071779,14,Indiana,2025-10-13,control
U06280,hybrid,22,0.8123779640485498,9,North Carolina,2023-11-14,variant_b
U06281,electronics_buyer,20,0.749517039376928,4,Mississippi,2023-06-25,variant_a
U06282,electronics_buyer,44,0.423186745182752,26,Colorado,2023-10-24,variant_b
U06283,electronics_buyer,39,0.21007388466435145,11,Indiana,2023-12-03,variant_b
U06284,fashion_shopper,35,0.29515079592369153,20,Nebraska,2024-09-29,control
U06285,electronics_buyer,33,0.8783504331188365,21,Maryland,2024-10-29,variant_a
U06286,hybrid,19,0.8715982331193936,16,Delaware,2025-03-18,variant_b
U06287,fashion_shopper,64,0.9564047672851143,16,California,2024-11-19,variant_a
U06288,hybrid,30,0.16838978670598745,16,Ohio,2025-01-26,variant_b
U06289,electronics_buyer,62,0.5831281767497105,6,Nevada,2026-05-13,variant_a
U06290,fashion_shopper,33,0.6838147404138102,15,South Dakota,2024-07-20,control
U06291,fashion_shopper,25,0.7395916393601709,3,Massachusetts,2025-04-30,variant_a
U06292,hybrid,60,0.6794769115093872,9,Utah,2024-03-17,variant_b
U06293,fashion_shopper,25,0.7930102509120538,1,Ohio,2024-05-29,control
U06294,hybrid,27,0.42352441866040746,11,Iowa,2025-04-27,variant_b
U06295,hybrid,50,0.26148949492193396,22,New Hampshire,2024-05-22,variant_b
U06296,fashion_shopper,48,0.2841250349353947,6,Wisconsin,2025-11-20,variant_a
U06297,fashion_shopper,29,0.11078082052314792,24,Virginia,2025-02-05,control
U06298,electronics_buyer,26,0.41528968489560014,5,Kansas,2025-06-09,variant_b
U06299,fashion_shopper,54,0.18256964579197954,25,Arizona,2025-12-11,control
U06300,electronics_buyer,26,0.3893398235111718,25,Illinois,2025-09-28,variant_b
U06301,fashion_shopper,35,0.665389069449623,28,Nevada,2024-12-15,variant_a
U06302,electronics_buyer,47,0.905030250028138,18,West Virginia,2026-03-09,variant_a
U06303,electronics_buyer,49,0.8556449058914648,21,Georgia,2023-06-15,variant_b
U06304,fashion_shopper,57,0.3274067907618192,12,New Jersey,2024-02-29,variant_a
U06305,fashion_shopper,40,0.22067482797824228,7,Ohio,2024-01-27,variant_a
U06306,fashion_shopper,28,0.2737650464170582,2,Montana,2024-10-02,variant_a
U06307,fashion_shopper,37,0.9738879867132462,7,Michigan,2024-07-02,variant_a
U06308,electronics_buyer,36,0.5945270317169418,9,Rhode Island,2025-02-01,variant_a
U06309,hybrid,53,0.26425200070051735,24,New Mexico,2026-01-19,variant_b
U06310,fashion_shopper,43,0.8566715392181337,26,Iowa,2025-01-21,variant_a
U06311,electronics_buyer,27,0.4556721198812994,25,New York,2023-08-13,variant_a
U06312,electronics_buyer,41,0.9092999367772546,20,California,2025-08-20,variant_b
U06313,fashion_shopper,30,0.33460941415103784,8,Kentucky,2026-05-19,control
U06314,fashion_shopper,63,0.4538995829238126,9,Rhode Island,2023-10-26,control
U06315,hybrid,51,0.5544529865110761,10,Rhode Island,2025-09-17,variant_b
U06316,electronics_buyer,46,0.9033538006801284,12,Colorado,2025-03-21,variant_b
U06317,electronics_buyer,53,0.8818816884445502,2,Iowa,2024-08-07,variant_a
U06318,electronics_buyer,24,0.6169195632734901,10,Rhode Island,2026-04-20,variant_a
U06319,fashion_shopper,47,0.2995979588028016,3,Michigan,2026-05-12,control
U06320,electronics_buyer,34,0.4630212745640876,1,Louisiana,2026-05-11,variant_a
U06321,electronics_buyer,30,0.9780697588289549,17,Hawaii,2025-07-09,variant_a
U06322,electronics_buyer,41,0.6469959014896619,26,Pennsylvania,2026-01-02,variant_a
U06323,fashion_shopper,48,0.802987979611777,22,North Carolina,2024-07-24,variant_a
U06324,fashion_shopper,44,0.5048782258252777,1,Montana,2023-12-02,control
U06325,fashion_shopper,38,0.5788065479201258,5,Wyoming,2025-06-14,control
U06326,hybrid,61,0.4860587010092897,14,South Carolina,2026-04-05,variant_b
U06327,fashion_shopper,18,0.7326288982557712,6,North Carolina,2025-12-24,variant_a
U06328,electronics_buyer,32,0.8663239124981896,9,Rhode Island,2025-01-24,variant_a
U06329,fashion_shopper,20,0.5566271889021073,22,Missouri,2024-11-13,control
U06330,fashion_shopper,23,0.5327807127726032,14,New York,2024-10-14,control
U06331,electronics_buyer,31,0.4062578203885573,4,Indiana,2024-10-21,variant_b
U06332,electronics_buyer,55,0.25938702486467546,1,North Dakota,2026-01-28,variant_a
U06333,electronics_buyer,50,0.945322950587598,6,Delaware,2024-06-11,variant_a
U06334,fashion_shopper,55,0.3844717468115545,7,Alabama,2025-03-31,control
U06335,electronics_buyer,25,0.8206223172168569,21,Wisconsin,2024-01-21,variant_b
U06336,fashion_shopper,43,0.7438123191587268,6,Pennsylvania,2025-02-26,control
U06337,fashion_shopper,32,0.8118258402503161,26,Virginia,2024-10-23,control
U06338,electronics_buyer,31,0.9430913200348922,24,Pennsylvania,2024-08-07,variant_a
U06339,fashion_shopper,37,0.6610336841988075,1,Oklahoma,2025-05-04,control
U06340,fashion_shopper,36,0.9081553090438401,8,Wisconsin,2026-03-31,control
U06341,electronics_buyer,50,0.2509275906210643,12,North Carolina,2024-12-24,variant_a
U06342,electronics_buyer,53,0.6640413183611089,29,Minnesota,2024-10-03,variant_a
U06343,hybrid,41,0.7950480516231514,11,Tennessee,2023-07-24,variant_b
U06344,fashion_shopper,27,0.3444770176697567,2,New Mexico,2023-09-18,variant_a
U06345,fashion_shopper,51,0.7666784211627685,2,Wyoming,2023-07-15,control
U06346,fashion_shopper,53,0.8006291462046131,24,California,2024-01-18,control
U06347,hybrid,64,0.8480691604148003,2,Iowa,2025-03-22,variant_b
U06348,electronics_buyer,53,0.3815946213363396,8,Delaware,2023-12-21,variant_a
U06349,electronics_buyer,33,0.7134459311514783,21,Louisiana,2023-10-18,variant_b
U06350,fashion_shopper,32,0.37382795506878586,25,Vermont,2024-10-16,control
U06351,electronics_buyer,35,0.7651363487486098,25,Missouri,2024-11-11,variant_a
U06352,fashion_shopper,24,0.5166762986311411,24,Nevada,2025-11-14,control
U06353,electronics_buyer,64,0.6377899370744979,25,Washington,2025-07-07,variant_a
U06354,hybrid,39,0.47425598328751206,7,Alabama,2025-10-11,variant_b
U06355,hybrid,49,0.24578463423684188,16,New Jersey,2024-12-17,variant_b
U06356,electronics_buyer,60,0.2602265766448273,24,Nevada,2024-10-13,variant_a
U06357,electronics_buyer,36,0.16981201653592104,22,Virginia,2025-11-24,variant_a
U06358,hybrid,57,0.6562654117494956,9,Virginia,2024-12-05,variant_b
U06359,electronics_buyer,18,0.8637745581577534,16,Idaho,2024-10-01,variant_b
U06360,fashion_shopper,52,0.11875314363587286,2,Colorado,2024-05-26,control
U06361,electronics_buyer,22,0.15961555187951815,3,Oklahoma,2025-05-20,variant_a
U06362,fashion_shopper,29,0.5117202930726193,2,Idaho,2024-08-13,control
U06363,electronics_buyer,29,0.7639486625513704,22,West Virginia,2026-02-10,variant_a
U06364,electronics_buyer,38,0.24193688024075619,19,Colorado,2025-09-30,variant_a
U06365,electronics_buyer,36,0.3444861875942745,27,North Carolina,2023-11-21,variant_a
U06366,fashion_shopper,26,0.30880558115362644,17,Maine,2025-03-28,variant_a
U06367,fashion_shopper,60,0.45914609680403873,20,Alabama,2023-07-20,control
U06368,electronics_buyer,53,0.3024988093158141,21,Illinois,2023-10-10,variant_a
U06369,hybrid,59,0.4173388106902778,12,New Jersey,2024-05-15,variant_b
U06370,electronics_buyer,64,0.7556883387957497,11,Kentucky,2026-04-11,variant_a
U06371,fashion_shopper,49,0.6499083236087703,20,California,2024-10-29,control
U06372,hybrid,52,0.17306353485252363,22,Massachusetts,2023-08-05,variant_b
U06373,hybrid,48,0.673971099621146,19,Rhode Island,2026-02-28,variant_b
U06374,fashion_shopper,49,0.5293694544032922,26,North Carolina,2024-09-15,control
U06375,fashion_shopper,54,0.9411090172364248,6,Washington,2024-06-21,control
U06376,electronics_buyer,49,0.3603738853936479,10,Louisiana,2025-11-28,variant_b
U06377,hybrid,60,0.7535497777292439,14,Kentucky,2023-06-29,variant_b
U06378,hybrid,54,0.7577747407401129,1,New Hampshire,2023-11-07,variant_b
U06379,hybrid,56,0.2993507029082686,15,West Virginia,2025-07-24,variant_b
U06380,electronics_buyer,55,0.9129012624738425,6,New York,2024-11-17,variant_a
U06381,electronics_buyer,47,0.5420648803866428,13,Tennessee,2025-08-23,variant_a
U06382,fashion_shopper,49,0.7109950302003721,24,Wisconsin,2024-06-05,control
U06383,fashion_shopper,62,0.2312700029951541,26,New Jersey,2025-06-11,control
U06384,electronics_buyer,19,0.33202352529277235,14,Colorado,2026-01-22,variant_a
U06385,electronics_buyer,28,0.6274964061435006,13,Idaho,2024-03-23,variant_a
U06386,electronics_buyer,37,0.3871245415360146,24,North Dakota,2024-10-02,variant_a
U06387,electronics_buyer,54,0.5497236267138761,16,Delaware,2024-06-07,variant_b
U06388,fashion_shopper,26,0.4366046794359604,1,Texas,2024-06-08,control
U06389,electronics_buyer,55,0.6764984169796432,14,Maine,2026-03-17,variant_a
U06390,fashion_shopper,36,0.538430826502728,13,Pennsylvania,2025-01-24,control
U06391,fashion_shopper,57,0.10414894237585136,23,Colorado,2025-05-24,variant_a
U06392,electronics_buyer,24,0.6847127541508456,10,Louisiana,2024-07-13,variant_b
U06393,electronics_buyer,22,0.4799094013451636,10,Florida,2024-03-17,variant_b
U06394,hybrid,64,0.40752850644120053,28,Connecticut,2025-01-11,variant_b
U06395,fashion_shopper,59,0.1847320770549012,4,Connecticut,2024-12-20,control
U06396,electronics_buyer,41,0.29833272150984236,14,Indiana,2024-03-23,variant_a
U06397,fashion_shopper,58,0.3013950624227681,12,Louisiana,2025-01-22,control
U06398,fashion_shopper,24,0.9418325494642561,22,Maryland,2024-03-12,variant_a
U06399,hybrid,28,0.4892616772718922,6,Wyoming,2023-07-25,variant_b
U06400,electronics_buyer,26,0.13785926249365305,15,New Mexico,2026-02-22,variant_b
U06401,hybrid,47,0.2249350140189888,5,Idaho,2026-05-01,variant_b
U06402,fashion_shopper,58,0.17112940815962085,10,New Mexico,2025-05-10,control
U06403,hybrid,20,0.6299824511864902,9,Delaware,2026-05-05,variant_b
U06404,fashion_shopper,39,0.2679593424101441,27,Alabama,2026-03-30,control
U06405,hybrid,57,0.5487018762535983,10,South Carolina,2024-03-06,variant_b
U06406,fashion_shopper,37,0.43305585658297807,24,Nevada,2025-04-24,control
U06407,fashion_shopper,49,0.8234887394297794,12,Hawaii,2024-04-07,control
U06408,electronics_buyer,24,0.38844067353882605,22,Indiana,2024-12-15,variant_a
U06409,hybrid,24,0.5124389341571275,4,Washington,2023-07-27,variant_b
U06410,fashion_shopper,37,0.7491569937380432,29,Missouri,2024-12-23,control
U06411,fashion_shopper,42,0.4900160862375754,4,Arizona,2026-03-05,variant_a
U06412,hybrid,62,0.8138939824118702,13,Georgia,2024-08-30,variant_b
U06413,fashion_shopper,52,0.6955159206129984,25,Alabama,2026-04-22,variant_a
U06414,fashion_shopper,61,0.46947620255204436,14,Idaho,2026-05-04,control
U06415,fashion_shopper,41,0.5535837331177265,12,Iowa,2025-05-23,variant_a
U06416,fashion_shopper,57,0.9704831102579741,13,Tennessee,2024-06-22,variant_a
U06417,hybrid,30,0.6954503468575531,20,New Hampshire,2024-10-12,variant_b
U06418,electronics_buyer,56,0.9144957033750923,13,Kentucky,2024-11-21,variant_b
U06419,electronics_buyer,21,0.260882653123958,23,Oklahoma,2024-01-09,variant_a
U06420,hybrid,29,0.5349125406206368,22,Wisconsin,2025-03-29,variant_b
U06421,electronics_buyer,34,0.9177955028605456,2,Maryland,2025-11-02,variant_a
U06422,fashion_shopper,18,0.39035085529727587,21,West Virginia,2025-02-17,control
U06423,fashion_shopper,34,0.9708977783317787,19,New Hampshire,2024-05-20,control
U06424,fashion_shopper,19,0.1873697414262917,9,Florida,2025-01-20,variant_a
U06425,fashion_shopper,23,0.9124040532475332,10,California,2024-11-15,control
U06426,hybrid,61,0.5006909098592729,17,West Virginia,2026-04-22,variant_b
U06427,electronics_buyer,28,0.16636974862704462,10,Missouri,2024-11-27,variant_b
U06428,fashion_shopper,60,0.8915694333274786,20,Michigan,2023-12-16,control
U06429,electronics_buyer,35,0.32674619116820214,13,Mississippi,2024-06-19,variant_a
U06430,electronics_buyer,57,0.12002511294570269,20,South Dakota,2025-08-22,variant_b
U06431,hybrid,42,0.22222639501227306,25,South Carolina,2026-03-28,variant_b
U06432,hybrid,56,0.6932032677097855,1,Rhode Island,2024-12-05,variant_b
U06433,electronics_buyer,45,0.9800303402243753,2,Kansas,2024-10-19,variant_a
U06434,electronics_buyer,63,0.20031592562516515,17,Indiana,2023-10-24,variant_b
U06435,electronics_buyer,33,0.5157532433122858,13,Washington,2024-10-11,variant_a
U06436,electronics_buyer,29,0.26257289585277926,17,Washington,2024-09-11,variant_a
U06437,fashion_shopper,58,0.7705328806914329,28,Maine,2023-09-12,control
U06438,fashion_shopper,46,0.20625300978563277,13,Oregon,2024-04-22,control
U06439,electronics_buyer,40,0.31585757363280065,17,New York,2024-06-05,variant_a
U06440,fashion_shopper,38,0.27676537088416425,19,Ohio,2025-03-01,control
U06441,fashion_shopper,33,0.5972678023302801,27,Florida,2026-02-17,control
U06442,electronics_buyer,58,0.8858656828005691,14,Hawaii,2025-05-16,variant_b
U06443,fashion_shopper,62,0.5599811810407768,20,Wyoming,2025-01-06,control
U06444,electronics_buyer,43,0.15241910749432414,10,South Carolina,2024-05-12,variant_a
U06445,electronics_buyer,54,0.6070500375371481,2,Oklahoma,2023-09-07,variant_a
U06446,hybrid,39,0.8177688993862084,14,Montana,2024-10-14,variant_b
U06447,electronics_buyer,27,0.21894057757389046,17,New Mexico,2025-04-20,variant_a
U06448,fashion_shopper,24,0.16544009291013256,5,Kansas,2026-02-06,control
U06449,electronics_buyer,26,0.26902699980181216,22,Illinois,2024-12-14,variant_a
U06450,hybrid,42,0.7714776905394647,18,Florida,2023-06-01,variant_b
U06451,hybrid,63,0.6325123775788014,3,Alaska,2023-07-02,variant_b
U06452,fashion_shopper,32,0.586535188565574,16,Nebraska,2025-09-19,variant_a
U06453,fashion_shopper,30,0.32453190516859154,26,Montana,2025-08-21,control
U06454,hybrid,59,0.39901293572217356,19,New Jersey,2024-03-11,variant_b
U06455,fashion_shopper,63,0.9692965116490081,18,South Dakota,2025-07-09,control
U06456,electronics_buyer,43,0.31656270405644715,20,Missouri,2023-10-17,variant_a
U06457,fashion_shopper,38,0.9114808809295796,5,Delaware,2023-06-08,variant_a
U06458,fashion_shopper,40,0.6224783540119629,8,Delaware,2026-02-05,control
U06459,fashion_shopper,61,0.210966819734123,6,Delaware,2025-09-28,variant_a
U06460,fashion_shopper,45,0.5205811403395612,15,Tennessee,2024-04-22,control
U06461,electronics_buyer,55,0.9536938456247883,25,Tennessee,2026-03-26,variant_b
U06462,hybrid,29,0.47670903832362277,3,Kansas,2024-04-06,variant_b
U06463,fashion_shopper,41,0.877047908310426,26,Washington,2024-11-05,control
U06464,hybrid,30,0.33078582518653693,9,Connecticut,2023-07-02,variant_b
U06465,fashion_shopper,57,0.6138299366203357,27,Montana,2023-09-01,control
U06466,electronics_buyer,19,0.8594668523817763,11,Washington,2023-09-09,variant_a
U06467,fashion_shopper,56,0.9286195970527259,20,Alabama,2024-04-27,control
U06468,hybrid,29,0.5372410304361707,24,Nebraska,2024-03-12,variant_b
U06469,electronics_buyer,56,0.6757192919308861,26,Michigan,2026-02-24,variant_b
U06470,electronics_buyer,31,0.10268211770409785,23,South Carolina,2025-09-04,variant_a
U06471,hybrid,47,0.32790097676205066,14,Colorado,2023-07-15,variant_b
U06472,electronics_buyer,58,0.3508408933722512,23,Alaska,2023-08-01,variant_a
U06473,hybrid,60,0.18414371048898773,9,New Jersey,2024-05-19,variant_b
U06474,electronics_buyer,36,0.351725512021279,10,Alabama,2024-05-07,variant_b
U06475,hybrid,48,0.38900982975232523,15,Virginia,2024-03-19,variant_b
U06476,electronics_buyer,60,0.971889435611374,18,Alabama,2024-04-23,variant_a
U06477,fashion_shopper,60,0.7017421425047539,21,South Carolina,2024-09-20,control
U06478,electronics_buyer,42,0.48340457147470983,19,Alabama,2025-03-21,variant_a
U06479,fashion_shopper,21,0.9892490146259584,7,Rhode Island,2023-08-07,control
U06480,electronics_buyer,30,0.2379090882111501,19,Ohio,2025-05-02,variant_a
U06481,electronics_buyer,53,0.5284460745374361,5,Nebraska,2024-04-30,variant_a
U06482,electronics_buyer,59,0.6823559863441444,21,Ohio,2023-10-10,variant_a
U06483,fashion_shopper,54,0.15002257103566932,18,South Dakota,2023-12-16,control
U06484,fashion_shopper,20,0.7452989722748069,27,Washington,2023-11-24,control
U06485,electronics_buyer,33,0.18988061762979092,1,Rhode Island,2025-03-09,variant_a
U06486,hybrid,43,0.22625407773970926,12,Washington,2024-07-04,variant_b
U06487,fashion_shopper,57,0.24372056121587568,6,Georgia,2024-01-30,variant_a
U06488,fashion_shopper,56,0.936000843989966,13,Rhode Island,2025-02-02,variant_a
U06489,electronics_buyer,36,0.714911990624351,17,Michigan,2024-02-04,variant_b
U06490,electronics_buyer,63,0.6898847509927937,9,Texas,2024-09-17,variant_a
U06491,fashion_shopper,32,0.599944146818493,26,Maryland,2023-10-29,control
U06492,fashion_shopper,49,0.36352539882559254,21,Utah,2023-08-08,variant_a
U06493,fashion_shopper,38,0.6588007341394163,1,Michigan,2024-07-27,control
U06494,hybrid,18,0.46913474789977583,12,Washington,2024-04-04,variant_b
U06495,fashion_shopper,23,0.2308745350833534,24,Wisconsin,2025-10-14,control
U06496,fashion_shopper,44,0.7206375612949598,1,Mississippi,2026-04-28,variant_a
U06497,fashion_shopper,40,0.21662395113693045,4,Wisconsin,2023-08-02,control
U06498,fashion_shopper,64,0.27160172291905593,7,Tennessee,2024-07-14,control
U06499,electronics_buyer,48,0.8359293806628453,20,Texas,2025-10-15,variant_b
U06500,fashion_shopper,29,0.6941053865126386,28,Louisiana,2024-08-11,control
U06501,fashion_shopper,38,0.6678920387922781,5,North Dakota,2024-10-18,control
U06502,electronics_buyer,19,0.47638250590845166,23,Maine,2024-06-22,variant_a
U06503,fashion_shopper,22,0.4566524664154341,20,North Carolina,2026-01-29,control
U06504,fashion_shopper,26,0.721236348266861,5,South Carolina,2026-05-01,control
U06505,hybrid,37,0.7660049847481412,7,North Dakota,2024-12-04,variant_b
U06506,electronics_buyer,63,0.5591918821278795,17,Mississippi,2025-06-17,variant_b
U06507,hybrid,35,0.9723423199136736,12,Colorado,2023-09-08,variant_b
U06508,hybrid,39,0.9601296030269847,15,Delaware,2023-09-26,variant_b
U06509,electronics_buyer,25,0.47118654101148283,3,Tennessee,2024-11-26,variant_b
U06510,fashion_shopper,51,0.8385600288548383,17,New York,2025-03-14,control
U06511,electronics_buyer,26,0.5889410574385738,14,Nevada,2025-12-11,variant_b
U06512,hybrid,24,0.5605802988014571,15,Georgia,2025-03-31,variant_b
U06513,electronics_buyer,47,0.14946765524078667,15,Wyoming,2025-05-30,variant_b
U06514,electronics_buyer,35,0.6165772394214791,15,Ohio,2025-04-25,variant_a
U06515,fashion_shopper,44,0.9105201375068481,19,Connecticut,2025-02-22,control
U06516,hybrid,33,0.8021204642755829,11,Alabama,2025-02-02,variant_b
U06517,electronics_buyer,38,0.8076854302293358,18,Mississippi,2025-10-09,variant_b
U06518,hybrid,22,0.24393613471870532,21,Alabama,2026-04-27,variant_b
U06519,fashion_shopper,46,0.4226045024202073,10,Indiana,2026-03-09,control
U06520,fashion_shopper,64,0.30988442498521224,21,Rhode Island,2026-01-11,control
U06521,fashion_shopper,54,0.38432375421007237,26,Rhode Island,2024-02-24,control
U06522,electronics_buyer,60,0.6215854091443528,9,Iowa,2026-01-03,variant_b
U06523,fashion_shopper,39,0.42830543203322313,24,Connecticut,2024-08-24,control
U06524,fashion_shopper,31,0.6046280357178394,3,Hawaii,2023-07-23,control
U06525,hybrid,36,0.49465112344711937,1,Mississippi,2025-10-02,variant_b
U06526,fashion_shopper,52,0.35795400260475485,21,South Dakota,2025-02-13,control
U06527,hybrid,41,0.18586309078464275,11,Alabama,2025-07-18,variant_b
U06528,fashion_shopper,59,0.9026546116103044,16,Texas,2025-10-23,variant_a
U06529,hybrid,23,0.11023602940418381,3,Michigan,2024-01-05,variant_b
U06530,electronics_buyer,20,0.10148723932777405,21,Louisiana,2025-11-11,variant_a
U06531,hybrid,51,0.8441179657871913,9,Maryland,2024-01-27,variant_b
U06532,hybrid,62,0.997129846293211,11,Ohio,2025-01-02,variant_b
U06533,fashion_shopper,19,0.7543925449422906,17,South Carolina,2024-03-09,control
U06534,fashion_shopper,32,0.11374645425659627,1,Washington,2024-03-17,control
U06535,fashion_shopper,54,0.304021204001662,9,New Jersey,2026-03-06,control
U06536,electronics_buyer,32,0.9746404302357652,3,West Virginia,2023-12-28,variant_a
U06537,hybrid,49,0.8277438269564513,28,Maryland,2024-08-26,variant_b
U06538,electronics_buyer,38,0.61011985942424,10,Delaware,2024-05-26,variant_a
U06539,electronics_buyer,34,0.3131746384963231,5,Washington,2025-01-15,variant_a
U06540,fashion_shopper,51,0.1129331853340741,25,Massachusetts,2024-10-18,control
U06541,hybrid,49,0.11877532537366811,11,Pennsylvania,2024-10-13,variant_b
U06542,hybrid,64,0.650782777177204,5,Arizona,2023-05-24,variant_b
U06543,fashion_shopper,40,0.11964868871718082,12,Massachusetts,2024-05-22,control
U06544,electronics_buyer,52,0.9942671277328354,14,Iowa,2025-07-15,variant_a
U06545,fashion_shopper,54,0.2650454501443643,12,Maine,2024-05-15,control
U06546,electronics_buyer,60,0.7396366256823496,19,Ohio,2023-11-29,variant_a
U06547,electronics_buyer,58,0.2395537492711721,9,Hawaii,2026-03-24,variant_a
U06548,fashion_shopper,54,0.5860840789879431,28,Vermont,2025-03-26,control
U06549,fashion_shopper,50,0.1725501596195958,7,Georgia,2025-08-28,variant_a
U06550,fashion_shopper,42,0.7901005820799188,16,Kentucky,2023-07-30,control
U06551,electronics_buyer,63,0.6264289852523467,28,Massachusetts,2024-10-25,variant_a
U06552,electronics_buyer,54,0.17755002406127351,28,Maryland,2024-06-06,variant_a
U06553,fashion_shopper,57,0.8637275702800049,7,Virginia,2023-11-02,control
U06554,electronics_buyer,38,0.5923167532990318,14,Louisiana,2024-06-10,variant_b
U06555,electronics_buyer,63,0.9294330790119861,8,Iowa,2023-08-31,variant_b
U06556,fashion_shopper,55,0.9249610363103014,27,Delaware,2026-02-13,variant_a
U06557,fashion_shopper,57,0.9284570105379242,21,South Carolina,2026-03-31,control
U06558,electronics_buyer,51,0.1700066801804212,18,Rhode Island,2023-09-23,variant_b
U06559,hybrid,36,0.2088619855790711,27,Arkansas,2025-06-18,variant_b
U06560,fashion_shopper,44,0.9889352287445782,25,Hawaii,2024-02-13,control
U06561,fashion_shopper,26,0.5388407392588354,3,New Mexico,2026-04-07,control
U06562,fashion_shopper,22,0.31439264754623286,27,Kansas,2025-02-25,control
U06563,electronics_buyer,22,0.7926980396487922,2,West Virginia,2024-04-22,variant_a
U06564,fashion_shopper,42,0.33785669909123384,26,Utah,2024-08-25,control
U06565,fashion_shopper,43,0.7544941192167781,26,Alabama,2024-06-18,variant_a
U06566,electronics_buyer,36,0.853557200064785,5,California,2026-01-19,variant_b
U06567,electronics_buyer,47,0.8058370395657526,8,Minnesota,2023-08-26,variant_a
U06568,fashion_shopper,53,0.3466430273781419,19,Oklahoma,2024-07-27,variant_a
U06569,fashion_shopper,33,0.4614567166713134,22,Connecticut,2026-02-02,variant_a
U06570,electronics_buyer,24,0.47192590290994874,9,New York,2025-03-14,variant_a
U06571,fashion_shopper,35,0.5421456262940246,2,Rhode Island,2025-08-08,control
U06572,fashion_shopper,38,0.25063556638612244,15,Maryland,2025-05-01,control
U06573,hybrid,48,0.5072230453729082,8,Kentucky,2023-12-31,variant_b
U06574,fashion_shopper,18,0.5597046914639318,10,Nevada,2024-10-10,control
U06575,electronics_buyer,20,0.5785380969229472,7,Arizona,2023-08-11,variant_b
U06576,hybrid,48,0.8379103869860124,19,North Dakota,2023-08-04,variant_b
U06577,fashion_shopper,42,0.5656010486315457,1,Maryland,2024-09-22,control
U06578,fashion_shopper,25,0.3077055302623077,22,Idaho,2026-03-16,variant_a
U06579,electronics_buyer,18,0.6968158644197684,2,Indiana,2025-02-27,variant_a
U06580,hybrid,24,0.8175827296779626,3,New Mexico,2023-10-09,variant_b
U06581,hybrid,24,0.38743449979443556,28,Minnesota,2024-05-22,variant_b
U06582,electronics_buyer,25,0.6807753361158446,14,Washington,2024-08-29,variant_b
U06583,fashion_shopper,36,0.23224419635141139,15,Utah,2024-12-01,control
U06584,electronics_buyer,34,0.4077336741202576,21,Illinois,2024-01-10,variant_a
U06585,fashion_shopper,28,0.9183015365946707,14,Florida,2025-08-22,variant_a
U06586,electronics_buyer,64,0.9201773468463137,27,New Jersey,2025-09-06,variant_a
U06587,fashion_shopper,58,0.6177921208687572,8,Minnesota,2026-01-01,control
U06588,fashion_shopper,28,0.7321163147785961,18,Virginia,2023-06-19,control
U06589,electronics_buyer,55,0.8686138736853473,22,Missouri,2023-06-09,variant_b
U06590,electronics_buyer,58,0.962697866781364,17,Wisconsin,2025-02-21,variant_a
U06591,fashion_shopper,19,0.5408977962607925,7,Connecticut,2023-09-13,control
U06592,fashion_shopper,21,0.6054181629634309,20,Mississippi,2025-12-05,variant_a
U06593,hybrid,45,0.47407740998304726,1,Wyoming,2023-06-04,variant_b
U06594,electronics_buyer,50,0.16478374335078588,9,Pennsylvania,2024-12-10,variant_b
U06595,fashion_shopper,28,0.4805231252039366,9,Mississippi,2026-03-09,control
U06596,fashion_shopper,20,0.8115646054447695,11,Vermont,2024-01-16,control
U06597,fashion_shopper,57,0.8243969481923757,19,Maine,2024-11-22,control
U06598,hybrid,22,0.9031394031339698,6,Oregon,2024-01-05,variant_b
U06599,electronics_buyer,38,0.14632003465837218,7,Missouri,2025-05-17,variant_a
U06600,electronics_buyer,39,0.5744391306225705,29,Oregon,2023-12-20,variant_a
U06601,electronics_buyer,54,0.19668203914336863,15,Nevada,2023-07-15,variant_a
U06602,fashion_shopper,28,0.280667964849169,20,Louisiana,2024-07-05,variant_a
U06603,hybrid,61,0.9101948521425458,6,New York,2023-12-11,variant_b
U06604,electronics_buyer,39,0.5471121325867263,9,Vermont,2026-03-27,variant_a
U06605,fashion_shopper,58,0.7826904288069523,15,Florida,2026-03-16,control
U06606,fashion_shopper,30,0.15794569533581276,26,Missouri,2023-05-22,control
U06607,electronics_buyer,20,0.47514385353236677,22,Colorado,2025-05-08,variant_a
U06608,hybrid,30,0.7068162525979039,23,Illinois,2023-07-29,variant_b
U06609,fashion_shopper,45,0.22006583315039197,6,Missouri,2026-01-04,control
U06610,hybrid,28,0.3932360911951148,7,Michigan,2023-11-09,variant_b
U06611,electronics_buyer,28,0.15809302452149493,17,Arkansas,2026-05-01,variant_b
U06612,fashion_shopper,38,0.6862059467825594,6,California,2025-12-17,control
U06613,fashion_shopper,38,0.9738021331523067,28,New Mexico,2024-03-05,control
U06614,fashion_shopper,24,0.8443409420285467,9,Ohio,2024-12-26,control
U06615,electronics_buyer,34,0.977160805126809,27,Pennsylvania,2024-08-29,variant_b
U06616,fashion_shopper,31,0.8610443155885569,3,Indiana,2024-07-30,control
U06617,fashion_shopper,50,0.8696762255772807,14,Indiana,2023-09-21,variant_a
U06618,electronics_buyer,28,0.6194594758342084,6,Arkansas,2024-05-05,variant_a
U06619,electronics_buyer,30,0.5664270802718889,4,Nevada,2023-08-06,variant_b
U06620,fashion_shopper,18,0.4656288397850449,16,Michigan,2023-06-07,control
U06621,fashion_shopper,51,0.8362854055412919,23,North Carolina,2025-08-20,variant_a
U06622,electronics_buyer,26,0.26386085105022217,16,Massachusetts,2024-05-28,variant_a
U06623,electronics_buyer,30,0.1506024242417739,23,Alaska,2025-09-08,variant_a
U06624,hybrid,54,0.9531044404162076,29,Indiana,2024-03-19,variant_b
U06625,fashion_shopper,47,0.10340036668312935,9,Kentucky,2025-05-20,control
U06626,hybrid,58,0.9791463896882666,4,Tennessee,2023-06-20,variant_b
U06627,electronics_buyer,62,0.7559680328863893,8,New Hampshire,2024-05-09,variant_b
U06628,electronics_buyer,54,0.3956490277280449,24,West Virginia,2026-01-11,variant_a
U06629,electronics_buyer,64,0.7280378587776792,8,Ohio,2024-02-12,variant_b
U06630,fashion_shopper,24,0.8360876414666146,24,New Hampshire,2024-03-16,variant_a
U06631,fashion_shopper,31,0.3208258503877923,6,South Dakota,2023-12-02,control
U06632,electronics_buyer,23,0.7938061149516237,8,Wisconsin,2026-01-19,variant_a
U06633,electronics_buyer,51,0.8239326625074161,6,Arizona,2024-03-28,variant_a
U06634,electronics_buyer,33,0.3244191671128109,26,Tennessee,2024-07-28,variant_a
U06635,fashion_shopper,54,0.13773371894018518,14,Mississippi,2024-01-23,control
U06636,hybrid,53,0.28371005610228794,14,Wyoming,2026-05-17,variant_b
U06637,electronics_buyer,63,0.280581768000455,18,Illinois,2026-02-14,variant_a
U06638,fashion_shopper,23,0.15871640875793488,13,Wyoming,2023-09-30,control
U06639,fashion_shopper,25,0.7534066461896762,15,Missouri,2026-03-13,variant_a
U06640,electronics_buyer,41,0.44197743201256734,3,Maine,2024-04-14,variant_b
U06641,electronics_buyer,20,0.8959475507084725,6,Delaware,2024-10-24,variant_b
U06642,electronics_buyer,21,0.3269539950986674,23,Ohio,2026-05-02,variant_a
U06643,hybrid,49,0.5079089485899346,20,Missouri,2026-01-10,variant_b
U06644,fashion_shopper,18,0.6751156860340866,17,Hawaii,2024-12-09,control
U06645,fashion_shopper,51,0.8897184547046002,20,Vermont,2023-11-21,variant_a
U06646,hybrid,62,0.5721589914574373,16,Nevada,2025-07-14,variant_b
U06647,hybrid,26,0.43617216503114453,6,Oregon,2023-12-15,variant_b
U06648,electronics_buyer,29,0.880313570624808,8,California,2024-05-06,variant_b
U06649,hybrid,27,0.3792217822188495,29,Georgia,2025-02-24,variant_b
U06650,fashion_shopper,27,0.1714813296693188,28,Texas,2024-08-01,control
U06651,hybrid,61,0.500537896759216,13,Florida,2024-02-18,variant_b
U06652,fashion_shopper,40,0.8065839758481927,29,Arizona,2025-03-14,control
U06653,fashion_shopper,23,0.1277027485781708,13,New Jersey,2024-11-06,control
U06654,fashion_shopper,41,0.6272940204906329,20,Hawaii,2025-08-09,control
U06655,fashion_shopper,41,0.6350176436745125,26,Colorado,2025-10-07,variant_a
U06656,fashion_shopper,38,0.9356875870846434,17,South Dakota,2024-10-17,control
U06657,fashion_shopper,59,0.35781833543051966,21,Mississippi,2025-04-12,control
U06658,fashion_shopper,48,0.3509529518896266,23,New York,2024-10-07,control
U06659,fashion_shopper,64,0.4964352862057103,22,Washington,2025-01-18,control
U06660,electronics_buyer,58,0.4212234113243637,3,Wyoming,2023-08-09,variant_a
U06661,fashion_shopper,47,0.762711276420394,13,Arkansas,2025-12-21,variant_a
U06662,fashion_shopper,51,0.6775768694183946,7,Alabama,2025-06-13,variant_a
U06663,electronics_buyer,35,0.7830289341156397,20,Tennessee,2024-06-12,variant_b
U06664,hybrid,29,0.8380376120788202,5,Nevada,2023-06-08,variant_b
U06665,electronics_buyer,52,0.930683019460733,11,Ohio,2023-09-07,variant_b
U06666,fashion_shopper,24,0.48784305860618293,23,New York,2025-05-28,control
U06667,electronics_buyer,58,0.9862276505243945,18,Missouri,2023-08-17,variant_b
U06668,fashion_shopper,57,0.29409473206328746,4,Connecticut,2026-04-04,control
U06669,fashion_shopper,42,0.7429286457525958,20,Kentucky,2025-12-31,control
U06670,fashion_shopper,23,0.5806083855764703,22,North Dakota,2023-09-21,variant_a
U06671,hybrid,18,0.8352105352163951,28,Ohio,2023-06-29,variant_b
U06672,fashion_shopper,63,0.5290934685457834,27,Indiana,2023-11-04,control
U06673,fashion_shopper,33,0.8055447718261881,7,New Jersey,2025-04-06,control
U06674,fashion_shopper,21,0.9371518431829102,4,Alabama,2025-03-15,control
U06675,hybrid,46,0.7590648395260786,10,Washington,2025-09-18,variant_b
U06676,electronics_buyer,55,0.7984848575964919,1,New Mexico,2024-10-15,variant_a
U06677,fashion_shopper,64,0.16045788813927053,17,Oklahoma,2023-08-30,control
U06678,electronics_buyer,45,0.2844618960090526,5,South Dakota,2024-11-13,variant_a
U06679,electronics_buyer,39,0.9768733664532343,17,Kansas,2025-10-04,variant_a
U06680,electronics_buyer,25,0.7238683034086549,3,Arkansas,2025-12-03,variant_a
U06681,fashion_shopper,49,0.6053041155799042,9,Kansas,2026-05-18,control
U06682,hybrid,50,0.4302787360568051,3,Idaho,2024-01-03,variant_b
U06683,fashion_shopper,30,0.13995010108622613,3,Ohio,2023-07-13,control
U06684,electronics_buyer,44,0.4322223171677215,29,North Carolina,2023-10-25,variant_b
U06685,fashion_shopper,35,0.5490215859606183,9,Missouri,2025-05-03,control
U06686,fashion_shopper,35,0.29031355844819806,5,Connecticut,2025-07-09,variant_a
U06687,fashion_shopper,30,0.25582311214644926,28,Kentucky,2025-03-09,variant_a
U06688,electronics_buyer,39,0.5575748962217651,24,West Virginia,2025-08-08,variant_a
U06689,fashion_shopper,31,0.6273138120647895,10,Kentucky,2024-02-14,control
U06690,electronics_buyer,28,0.3159261269690724,15,Nebraska,2025-06-05,variant_b
U06691,fashion_shopper,56,0.6286505270105918,25,Virginia,2025-12-17,control
U06692,electronics_buyer,39,0.9103059674868654,12,Nevada,2024-11-09,variant_b
U06693,hybrid,53,0.5258559322192184,6,Louisiana,2025-12-13,variant_b
U06694,electronics_buyer,34,0.8716511526284633,7,Washington,2023-07-08,variant_a
U06695,electronics_buyer,49,0.9345443000799866,7,Georgia,2026-01-23,variant_b
U06696,electronics_buyer,31,0.18315462604337712,23,West Virginia,2025-12-04,variant_a
U06697,fashion_shopper,59,0.1862304216911173,4,South Carolina,2026-04-16,variant_a
U06698,hybrid,46,0.5284397645988413,29,South Carolina,2024-03-25,variant_b
U06699,fashion_shopper,23,0.6292921998859323,13,Missouri,2026-01-23,control
U06700,electronics_buyer,21,0.4832951180185263,15,Delaware,2024-10-16,variant_a
U06701,electronics_buyer,28,0.3938056933757528,18,Florida,2023-06-29,variant_b
U06702,fashion_shopper,62,0.6768947045135403,18,California,2024-11-06,variant_a
U06703,fashion_shopper,57,0.10187336111492824,7,Louisiana,2024-04-04,control
U06704,electronics_buyer,27,0.9712659527773682,10,Alabama,2024-03-31,variant_a
U06705,hybrid,45,0.30887117936921993,16,Oregon,2024-05-16,variant_b
U06706,hybrid,28,0.9253888917247064,23,Wisconsin,2023-11-24,variant_b
U06707,electronics_buyer,52,0.1981132700810554,26,Wisconsin,2026-03-07,variant_a
U06708,electronics_buyer,32,0.3142784638401153,23,Utah,2025-07-07,variant_a
U06709,hybrid,25,0.31138633097875035,29,Georgia,2025-03-05,variant_b
U06710,fashion_shopper,37,0.9965376137805816,8,Kansas,2023-06-09,control
U06711,fashion_shopper,38,0.10414049115329599,19,Indiana,2025-04-02,control
U06712,electronics_buyer,18,0.6756743883731462,29,Alabama,2024-04-07,variant_b
U06713,hybrid,46,0.8827179229547676,11,Texas,2026-04-20,variant_b
U06714,hybrid,41,0.705046288622263,21,Alabama,2025-05-11,variant_b
U06715,fashion_shopper,47,0.4264604363952498,6,Illinois,2024-11-14,variant_a
U06716,fashion_shopper,57,0.9624784264326414,29,Kansas,2024-08-23,control
U06717,fashion_shopper,52,0.9041686791301369,24,Mississippi,2025-01-24,variant_a
U06718,fashion_shopper,50,0.490559428224566,24,Maryland,2024-06-03,control
U06719,fashion_shopper,37,0.6159956433500471,10,South Carolina,2026-04-13,control
U06720,electronics_buyer,33,0.9707672690247167,19,Utah,2025-12-06,variant_b
U06721,fashion_shopper,26,0.9843043257338231,28,Michigan,2024-07-10,control
U06722,hybrid,48,0.504840948146157,14,Indiana,2025-01-24,variant_b
U06723,fashion_shopper,34,0.8626150253287798,20,West Virginia,2026-01-09,variant_a
U06724,electronics_buyer,48,0.3717822042585427,6,Kentucky,2025-10-20,variant_a
U06725,fashion_shopper,40,0.4346315856375982,4,Iowa,2024-02-04,control
U06726,fashion_shopper,23,0.24833969469120365,26,Virginia,2024-07-22,control
U06727,fashion_shopper,47,0.2882661334990573,20,Kansas,2025-07-18,control
U06728,hybrid,24,0.691185972033423,15,Massachusetts,2026-02-13,variant_b
U06729,hybrid,57,0.5597034562063729,5,Nevada,2025-11-18,variant_b
U06730,electronics_buyer,59,0.3080186745630426,16,South Carolina,2025-10-09,variant_a
U06731,fashion_shopper,63,0.46261865472548735,26,New Hampshire,2026-05-04,control
U06732,hybrid,28,0.4358651138773135,7,Illinois,2024-12-14,variant_b
U06733,fashion_shopper,51,0.9886241840818009,28,Arizona,2024-09-17,variant_a
U06734,fashion_shopper,29,0.8682092534902414,2,Texas,2025-12-01,control
U06735,electronics_buyer,62,0.4491697000454419,13,Virginia,2023-09-05,variant_a
U06736,hybrid,64,0.9225249210064298,2,Hawaii,2026-04-20,variant_b
U06737,fashion_shopper,44,0.408371852465354,28,Oklahoma,2023-08-24,control
U06738,fashion_shopper,29,0.7011113614613734,26,Montana,2025-10-08,control
U06739,hybrid,30,0.9699849970139013,9,Connecticut,2023-08-12,variant_b
U06740,fashion_shopper,25,0.451250977589697,20,Connecticut,2025-12-21,control
U06741,fashion_shopper,33,0.7118964685944404,5,Ohio,2023-08-18,control
U06742,electronics_buyer,46,0.3663314299563699,3,Alabama,2025-08-14,variant_a
U06743,hybrid,52,0.3396810840381772,2,South Dakota,2024-07-19,variant_b
U06744,electronics_buyer,46,0.6167409997883967,14,California,2026-01-07,variant_a
U06745,hybrid,48,0.9813381382298964,26,Wyoming,2024-06-04,variant_b
U06746,electronics_buyer,30,0.5078204638481529,8,West Virginia,2026-02-22,variant_b
U06747,fashion_shopper,29,0.9438732732849225,20,West Virginia,2025-11-08,control
U06748,hybrid,19,0.9229271682202854,12,Colorado,2025-10-20,variant_b
U06749,fashion_shopper,50,0.3283863511104953,17,Louisiana,2023-12-25,variant_a
U06750,fashion_shopper,25,0.46163746637589465,29,Michigan,2023-12-31,control
U06751,electronics_buyer,58,0.6789722306447648,16,Washington,2024-07-01,variant_a
U06752,fashion_shopper,57,0.5662412959702525,6,Alaska,2024-10-31,control
U06753,fashion_shopper,58,0.1863626768768569,6,Idaho,2024-01-20,control
U06754,fashion_shopper,49,0.9943282271144425,18,Hawaii,2024-09-23,control
U06755,fashion_shopper,55,0.777388601090152,2,Utah,2026-04-05,variant_a
U06756,hybrid,45,0.49392463440224055,8,Florida,2024-10-28,variant_b
U06757,electronics_buyer,32,0.6563516946996621,27,West Virginia,2025-12-16,variant_a
U06758,hybrid,40,0.1788155355396071,23,Mississippi,2025-08-27,variant_b
U06759,fashion_shopper,41,0.545771488320649,14,Tennessee,2023-08-08,control
U06760,fashion_shopper,30,0.937749174235739,2,Wyoming,2023-08-14,control
U06761,fashion_shopper,38,0.9069408622494805,26,South Dakota,2023-11-27,control
U06762,fashion_shopper,29,0.4036427609348311,17,Kansas,2026-05-02,control
U06763,fashion_shopper,30,0.578231077439205,27,Georgia,2024-08-05,control
U06764,electronics_buyer,56,0.7276451716788821,24,Pennsylvania,2024-06-14,variant_b
U06765,hybrid,40,0.40600834021711485,16,Nebraska,2024-05-12,variant_b
U06766,hybrid,63,0.15839129628454465,26,Maine,2024-11-13,variant_b
U06767,fashion_shopper,60,0.5548974910460243,18,Indiana,2025-07-09,control
U06768,hybrid,45,0.6414721622410028,21,North Dakota,2025-03-16,variant_b
U06769,fashion_shopper,31,0.10525744010935922,6,Montana,2024-04-26,control
U06770,fashion_shopper,34,0.18601783618467757,26,New Mexico,2024-01-19,control
U06771,hybrid,41,0.2865615792347371,17,Alabama,2023-05-31,variant_b
U06772,electronics_buyer,51,0.4132470582918407,18,New York,2024-06-28,variant_a
U06773,fashion_shopper,39,0.5869461005475224,14,South Carolina,2023-09-14,control
U06774,fashion_shopper,27,0.3644586268836988,10,New Hampshire,2024-12-05,variant_a
U06775,fashion_shopper,25,0.3485654329658534,4,New Jersey,2025-10-25,control
U06776,electronics_buyer,38,0.8824144094317736,18,South Carolina,2024-05-19,variant_b
U06777,electronics_buyer,54,0.23054557672128365,11,Wisconsin,2025-04-05,variant_a
U06778,hybrid,24,0.5459141198551243,22,Texas,2023-12-29,variant_b
U06779,fashion_shopper,43,0.9575422452425224,16,Kansas,2025-01-18,control
U06780,fashion_shopper,30,0.6625119242044413,4,Washington,2025-08-27,variant_a
U06781,electronics_buyer,33,0.7454849319049947,27,Mississippi,2024-07-26,variant_a
U06782,electronics_buyer,47,0.4881132922515464,19,Vermont,2026-04-10,variant_a
U06783,fashion_shopper,48,0.11793895040774761,6,Pennsylvania,2024-08-03,control
U06784,electronics_buyer,22,0.6815173315304849,25,Oklahoma,2026-01-13,variant_b
U06785,hybrid,49,0.6687318532853117,8,Iowa,2023-06-06,variant_b
U06786,hybrid,33,0.1993848728169998,18,Texas,2023-10-17,variant_b
U06787,hybrid,64,0.5159437422621683,19,South Dakota,2026-02-04,variant_b
U06788,hybrid,26,0.9237960501990854,18,New Jersey,2023-07-04,variant_b
U06789,electronics_buyer,39,0.28457634877477767,16,Colorado,2025-03-07,variant_a
U06790,hybrid,61,0.5149888791706994,26,Rhode Island,2025-01-14,variant_b
U06791,fashion_shopper,57,0.5149928666804684,7,Mississippi,2024-12-05,control
U06792,fashion_shopper,62,0.8296853213328745,25,North Dakota,2026-03-19,variant_a
U06793,fashion_shopper,54,0.8421182832965001,17,South Dakota,2025-05-02,control
U06794,electronics_buyer,31,0.7833424776970527,27,Wyoming,2023-05-21,variant_a
U06795,fashion_shopper,33,0.4289087432694464,3,Nebraska,2023-12-22,control
U06796,hybrid,60,0.1648332325166681,22,Oregon,2023-10-18,variant_b
U06797,fashion_shopper,37,0.4145346795016127,15,New Mexico,2024-06-06,control
U06798,fashion_shopper,61,0.7118120811442057,4,Arizona,2025-07-23,control
U06799,electronics_buyer,32,0.7324719170401688,26,Indiana,2024-06-24,variant_a
U06800,fashion_shopper,61,0.9685001885290472,16,Montana,2025-04-03,control
U06801,fashion_shopper,43,0.5082771082993377,14,Hawaii,2024-07-12,control
U06802,fashion_shopper,26,0.6691920246462613,26,Mississippi,2023-06-20,control
U06803,electronics_buyer,18,0.5852717836502785,17,Oregon,2025-07-16,variant_a
U06804,fashion_shopper,52,0.23555670410191365,9,Nebraska,2023-10-25,variant_a
U06805,electronics_buyer,61,0.5150822249189224,7,New York,2023-10-24,variant_b
U06806,electronics_buyer,37,0.5903516392200948,14,Oregon,2025-03-21,variant_b
U06807,fashion_shopper,62,0.9556746454380327,27,Wisconsin,2026-03-23,variant_a
U06808,fashion_shopper,23,0.4298851489680605,28,Tennessee,2023-06-18,control
U06809,fashion_shopper,59,0.98208919279718,23,Oklahoma,2024-10-04,control
U06810,electronics_buyer,27,0.588070066621676,12,Texas,2023-11-25,variant_b
U06811,fashion_shopper,50,0.31822231897275177,17,Ohio,2025-12-22,control
U06812,fashion_shopper,33,0.272497948314227,9,Louisiana,2023-09-10,control
U06813,electronics_buyer,53,0.2275254255342086,12,Tennessee,2025-08-30,variant_b
U06814,electronics_buyer,23,0.5076395835161077,12,New Hampshire,2026-03-22,variant_a
U06815,fashion_shopper,36,0.11973378681003091,8,Colorado,2025-12-06,control
U06816,fashion_shopper,48,0.5005407549833788,27,Idaho,2025-10-25,control
U06817,hybrid,19,0.9895642229403516,28,New Hampshire,2026-03-12,variant_b
U06818,hybrid,35,0.70309611615004,10,Arkansas,2023-09-22,variant_b
U06819,electronics_buyer,59,0.7838075090803642,12,Tennessee,2024-01-23,variant_b
U06820,electronics_buyer,45,0.2071048516464363,5,Minnesota,2024-07-22,variant_a
U06821,electronics_buyer,21,0.5257907753410818,20,Oklahoma,2024-10-29,variant_a
U06822,hybrid,18,0.35760079092314256,1,Texas,2024-10-24,variant_b
U06823,hybrid,64,0.9046877751901263,9,Wyoming,2025-05-09,variant_b
U06824,fashion_shopper,59,0.2631632248125213,15,Arkansas,2024-01-06,control
U06825,hybrid,33,0.5128599944230678,24,Virginia,2026-04-27,variant_b
U06826,fashion_shopper,62,0.6292429465110739,29,Louisiana,2024-05-03,control
U06827,fashion_shopper,64,0.5626369824206794,2,Connecticut,2024-08-08,control
U06828,electronics_buyer,19,0.8472191751733666,4,South Carolina,2024-06-29,variant_b
U06829,fashion_shopper,53,0.30830785418767637,4,Michigan,2024-10-29,variant_a
U06830,hybrid,18,0.43965199938132216,29,Wisconsin,2024-07-19,variant_b
U06831,fashion_shopper,56,0.8128758669165572,23,Indiana,2024-07-03,control
U06832,electronics_buyer,40,0.5752642705631243,3,North Dakota,2023-12-17,variant_a
U06833,hybrid,43,0.4619056470831616,16,Ohio,2024-06-16,variant_b
U06834,hybrid,28,0.12649826327034835,8,Maine,2025-08-23,variant_b
U06835,fashion_shopper,59,0.7780468816140484,27,Michigan,2023-07-24,control
U06836,fashion_shopper,18,0.9749638701700842,7,Maryland,2024-06-19,variant_a
U06837,electronics_buyer,28,0.658258308539659,26,New Mexico,2023-11-15,variant_a
U06838,fashion_shopper,41,0.8708870986199151,12,Michigan,2024-05-08,control
U06839,hybrid,27,0.5651881688754335,12,Georgia,2025-10-12,variant_b
U06840,hybrid,31,0.30851286888102813,4,New York,2024-01-07,variant_b
U06841,fashion_shopper,31,0.11299789381163093,15,North Dakota,2025-03-15,control
U06842,fashion_shopper,24,0.6880584408309903,25,Virginia,2024-05-14,control
U06843,fashion_shopper,40,0.5437979634234202,6,West Virginia,2025-01-15,control
U06844,hybrid,60,0.8038883323788414,3,Massachusetts,2025-01-27,variant_b
U06845,fashion_shopper,39,0.7252141756917742,7,Montana,2025-02-11,control
U06846,fashion_shopper,53,0.9891571313859082,22,Iowa,2025-09-21,variant_a
U06847,fashion_shopper,44,0.5592813250708358,24,Maryland,2025-08-01,variant_a
U06848,electronics_buyer,19,0.4844573107057084,21,Georgia,2023-10-02,variant_a
U06849,fashion_shopper,56,0.35806572049536545,6,New Mexico,2026-03-25,control
U06850,fashion_shopper,63,0.529175162612147,1,Minnesota,2025-02-01,control
U06851,hybrid,36,0.8855843303106299,8,Rhode Island,2024-01-31,variant_b
U06852,hybrid,24,0.13819575321256716,1,California,2025-09-18,variant_b
U06853,electronics_buyer,29,0.9801100425575698,16,Kentucky,2025-06-04,variant_b
U06854,fashion_shopper,20,0.9939764748770182,3,Mississippi,2025-03-07,control
U06855,fashion_shopper,64,0.6380392407291116,28,Connecticut,2023-10-27,control
U06856,electronics_buyer,22,0.3983897833258613,2,South Carolina,2025-08-26,variant_a
U06857,fashion_shopper,25,0.3007440714898214,6,South Dakota,2023-10-27,control
U06858,hybrid,31,0.3488413561163909,8,Nebraska,2025-09-19,variant_b
U06859,electronics_buyer,53,0.14509488385447467,24,Mississippi,2025-12-23,variant_a
U06860,fashion_shopper,24,0.527599862635023,7,Iowa,2024-09-25,control
U06861,hybrid,24,0.15159184377796525,7,Oklahoma,2023-12-17,variant_b
U06862,hybrid,63,0.7466267932983327,24,Oregon,2024-10-30,variant_b
U06863,fashion_shopper,49,0.4347365099795687,21,Arizona,2025-11-30,control
U06864,electronics_buyer,25,0.2794282585724469,19,North Carolina,2024-11-11,variant_a
U06865,fashion_shopper,29,0.5903682020524346,18,Delaware,2023-06-18,control
U06866,fashion_shopper,27,0.9763833765187123,3,North Carolina,2026-03-03,variant_a
U06867,fashion_shopper,31,0.7256179441165764,11,Wyoming,2025-12-11,control
U06868,electronics_buyer,26,0.5425721650937442,11,Rhode Island,2023-11-18,variant_a
U06869,hybrid,55,0.7992228693290556,3,Minnesota,2023-10-21,variant_b
U06870,electronics_buyer,47,0.7637288247090898,28,Washington,2026-03-21,variant_a
U06871,fashion_shopper,22,0.9025619149520143,23,Louisiana,2025-09-05,control
U06872,electronics_buyer,18,0.28420205283455274,1,Nebraska,2026-02-23,variant_a
U06873,fashion_shopper,18,0.8729898186328587,23,Rhode Island,2024-11-12,variant_a
U06874,hybrid,37,0.37092347833752903,22,North Dakota,2024-12-05,variant_b
U06875,fashion_shopper,28,0.9468990350425873,27,Maryland,2024-09-04,variant_a
U06876,fashion_shopper,43,0.3529586340520616,10,Maine,2024-08-01,control
U06877,fashion_shopper,61,0.9341636888464085,2,Tennessee,2025-04-08,control
U06878,electronics_buyer,20,0.967411643017672,26,Montana,2025-03-08,variant_b
U06879,fashion_shopper,23,0.23094222171131285,17,Washington,2026-01-26,control
U06880,electronics_buyer,60,0.9770498949365047,9,Florida,2025-03-12,variant_b
U06881,fashion_shopper,62,0.17715067158635406,18,Rhode Island,2024-12-14,control
U06882,fashion_shopper,28,0.2967110079512698,20,Hawaii,2023-12-06,control
U06883,electronics_buyer,25,0.49975190278552406,9,Kentucky,2025-12-16,variant_a
U06884,hybrid,46,0.994237629140539,25,Indiana,2023-07-30,variant_b
U06885,hybrid,27,0.5397067460488414,28,Wisconsin,2024-08-23,variant_b
U06886,fashion_shopper,51,0.5953684988606373,11,New Mexico,2025-07-28,control
U06887,fashion_shopper,41,0.7249824545712836,17,Montana,2024-08-19,variant_a
U06888,fashion_shopper,63,0.9714642024456562,14,Louisiana,2023-09-20,control
U06889,electronics_buyer,34,0.8050162601118199,18,Montana,2024-08-11,variant_a
U06890,electronics_buyer,49,0.30173860398132873,18,Louisiana,2024-03-15,variant_a
U06891,hybrid,28,0.37269183759791924,12,West Virginia,2024-08-12,variant_b
U06892,hybrid,51,0.18786541564767195,18,Wisconsin,2023-10-02,variant_b
U06893,fashion_shopper,41,0.6800071277482659,8,Minnesota,2024-12-23,variant_a
U06894,electronics_buyer,22,0.26266627588529945,29,New Jersey,2023-08-17,variant_a
U06895,hybrid,46,0.33166439963142913,8,Virginia,2024-12-20,variant_b
U06896,hybrid,51,0.8993022896623394,26,Nebraska,2023-06-10,variant_b
U06897,fashion_shopper,33,0.39408010779881375,28,Iowa,2025-01-21,control
U06898,fashion_shopper,42,0.6099820465187503,8,Kentucky,2025-11-21,control
U06899,fashion_shopper,54,0.45780940791025937,28,Arkansas,2023-09-09,variant_a
U06900,fashion_shopper,25,0.1666281586653222,20,Nebraska,2023-08-31,control
U06901,fashion_shopper,46,0.4265774469070346,15,California,2024-07-27,control
U06902,fashion_shopper,63,0.46726138273233775,8,Kansas,2023-08-12,control
U06903,electronics_buyer,42,0.9061309917203664,14,North Dakota,2025-12-22,variant_a
U06904,fashion_shopper,59,0.3920055882817056,13,Virginia,2024-04-21,control
U06905,fashion_shopper,40,0.44131700778586114,23,Michigan,2024-08-08,control
U06906,fashion_shopper,51,0.804607091805101,8,Colorado,2023-06-26,control
U06907,hybrid,20,0.7830609860904382,17,Idaho,2025-01-16,variant_b
U06908,hybrid,47,0.8184567489836417,19,Texas,2023-12-31,variant_b
U06909,electronics_buyer,51,0.9583936660684036,26,Ohio,2024-05-09,variant_a
U06910,fashion_shopper,49,0.8160017485553057,6,Washington,2026-02-08,variant_a
U06911,hybrid,46,0.46684738289610184,17,Iowa,2024-10-31,variant_b
U06912,fashion_shopper,26,0.8393576652082827,4,Pennsylvania,2024-01-16,control
U06913,fashion_shopper,19,0.5578071688809445,25,Minnesota,2025-09-09,control
U06914,fashion_shopper,56,0.34994262926670877,7,Oklahoma,2023-06-18,control
U06915,fashion_shopper,24,0.37262536131791113,17,Maine,2024-06-26,control
U06916,fashion_shopper,63,0.30145814970705853,29,Illinois,2025-05-01,variant_a
U06917,hybrid,22,0.23049366203777807,28,Indiana,2025-10-24,variant_b
U06918,electronics_buyer,25,0.2660413706682853,22,Ohio,2024-04-12,variant_a
U06919,fashion_shopper,49,0.15686024495843745,22,Texas,2023-08-10,variant_a
U06920,hybrid,35,0.8996057784391477,28,Florida,2025-12-19,variant_b
U06921,fashion_shopper,55,0.9379070286842109,18,Nevada,2024-05-25,control
U06922,fashion_shopper,63,0.628093353244506,6,Mississippi,2025-07-08,control
U06923,electronics_buyer,35,0.8564406009478165,10,Idaho,2026-04-26,variant_a
U06924,electronics_buyer,58,0.26521399238783244,18,Washington,2024-08-08,variant_a
U06925,fashion_shopper,62,0.9115064427042866,24,New York,2026-01-11,control
U06926,fashion_shopper,33,0.5557254036674575,7,Texas,2025-06-22,variant_a
U06927,electronics_buyer,38,0.16044849334499958,14,Florida,2025-09-23,variant_a
U06928,electronics_buyer,27,0.2271814700447442,22,Rhode Island,2023-08-23,variant_b
U06929,electronics_buyer,59,0.3780788147081354,14,North Dakota,2025-03-11,variant_a
U06930,fashion_shopper,21,0.1392018223192763,10,Iowa,2025-07-24,control
U06931,fashion_shopper,61,0.37836404021569925,22,Ohio,2024-05-31,control
U06932,fashion_shopper,25,0.1539373898070026,25,Ohio,2023-08-17,variant_a
U06933,fashion_shopper,64,0.3124248446735427,9,North Dakota,2026-02-26,control
U06934,hybrid,36,0.33910278027079743,26,Oklahoma,2025-08-05,variant_b
U06935,electronics_buyer,64,0.9949320787301145,10,Iowa,2025-02-17,variant_a
U06936,fashion_shopper,57,0.311992006387298,2,Texas,2026-05-13,control
U06937,electronics_buyer,57,0.3152678040447223,3,Arizona,2026-01-03,variant_b
U06938,electronics_buyer,26,0.7181100715225465,16,Hawaii,2025-08-31,variant_a
U06939,fashion_shopper,47,0.8734217306648068,10,Idaho,2025-01-25,control
U06940,hybrid,34,0.44834987134187787,23,Illinois,2025-03-15,variant_b
U06941,hybrid,57,0.8880562179466231,11,Massachusetts,2023-07-27,variant_b
U06942,electronics_buyer,61,0.4061278186729814,10,Rhode Island,2023-10-31,variant_b
U06943,fashion_shopper,32,0.2773142916535174,12,Montana,2026-02-23,control
U06944,electronics_buyer,21,0.3966749418949512,29,Oklahoma,2023-12-13,variant_a
U06945,electronics_buyer,23,0.6484207365351932,14,Alabama,2025-09-30,variant_b
U06946,fashion_shopper,33,0.4304288433808664,9,Utah,2023-05-21,control
U06947,fashion_shopper,43,0.7056044235903599,28,Ohio,2026-05-14,control
U06948,hybrid,54,0.3132422914802342,13,New Mexico,2024-10-16,variant_b
U06949,fashion_shopper,40,0.7308936045902339,6,Kansas,2026-03-28,control
U06950,electronics_buyer,30,0.41269452692361996,11,Nebraska,2025-05-28,variant_b
U06951,electronics_buyer,64,0.5102815344417411,1,Missouri,2025-03-28,variant_a
U06952,fashion_shopper,34,0.6019706263986063,27,Wisconsin,2024-11-24,variant_a
U06953,fashion_shopper,44,0.7176025028673942,15,New Hampshire,2023-11-22,control
U06954,hybrid,39,0.31484232266386036,7,Tennessee,2025-01-18,variant_b
U06955,fashion_shopper,54,0.8523509836697294,11,Alaska,2025-11-04,variant_a
U06956,electronics_buyer,36,0.7496584747797158,17,North Dakota,2023-12-20,variant_a
U06957,electronics_buyer,56,0.31068812712159954,5,Montana,2025-02-23,variant_b
U06958,electronics_buyer,52,0.9774771063426193,9,New Hampshire,2023-11-30,variant_b
U06959,hybrid,30,0.6983172919274125,26,Michigan,2024-11-15,variant_b
U06960,electronics_buyer,31,0.5071841978200351,16,North Dakota,2024-03-01,variant_a
U06961,fashion_shopper,48,0.24177459299816473,11,Tennessee,2023-07-23,variant_a
U06962,hybrid,62,0.5798989020773183,26,Connecticut,2025-07-17,variant_b
U06963,electronics_buyer,19,0.24829829814440638,25,Washington,2023-10-09,variant_a
U06964,fashion_shopper,63,0.48654251082805944,17,Kansas,2025-02-01,control
U06965,fashion_shopper,56,0.467841270465567,6,Hawaii,2025-11-19,control
U06966,hybrid,54,0.7479456799127141,15,Massachusetts,2026-01-29,variant_b
U06967,fashion_shopper,31,0.27314486310182484,29,Utah,2024-07-04,variant_a
U06968,electronics_buyer,26,0.8396842193837613,3,South Dakota,2024-05-04,variant_a
U06969,electronics_buyer,27,0.39351909431454923,28,Kentucky,2025-10-19,variant_a
U06970,fashion_shopper,24,0.4995897642718976,9,Tennessee,2026-04-07,control
U06971,electronics_buyer,45,0.7951068779984583,12,Virginia,2023-10-04,variant_a
U06972,fashion_shopper,63,0.6628531597421633,19,California,2026-05-18,control
U06973,fashion_shopper,42,0.3772228166217436,18,Nevada,2024-04-08,variant_a
U06974,electronics_buyer,63,0.4475826320912929,16,New Hampshire,2026-01-05,variant_a
U06975,fashion_shopper,45,0.3752081325906491,8,Wyoming,2023-11-09,variant_a
U06976,electronics_buyer,19,0.6352931505494415,19,South Dakota,2023-07-31,variant_b
U06977,hybrid,34,0.3993620798861558,5,Oregon,2024-01-29,variant_b
U06978,electronics_buyer,21,0.7531279253048268,12,Alaska,2025-09-26,variant_b
U06979,fashion_shopper,30,0.6218084427253535,6,West Virginia,2024-02-11,control
U06980,fashion_shopper,35,0.2311359505727581,12,New Hampshire,2024-08-24,control
U06981,electronics_buyer,20,0.3792417568118942,26,Massachusetts,2025-04-22,variant_a
U06982,hybrid,54,0.2993026977191402,15,South Dakota,2024-09-17,variant_b
U06983,hybrid,50,0.4512818912963368,10,Montana,2024-11-25,variant_b
U06984,hybrid,58,0.5643856775884268,17,Alaska,2023-06-17,variant_b
U06985,fashion_shopper,41,0.5560865715556988,7,New Jersey,2024-04-10,control
U06986,fashion_shopper,25,0.7790713089069601,27,North Dakota,2025-02-06,variant_a
U06987,electronics_buyer,52,0.2702546772415384,7,Iowa,2025-03-27,variant_a
U06988,fashion_shopper,19,0.9518255463677021,21,Ohio,2023-08-21,control
U06989,fashion_shopper,50,0.4085605961939518,25,Massachusetts,2025-12-06,control
U06990,hybrid,29,0.3702239622245247,11,California,2024-11-01,variant_b
U06991,fashion_shopper,39,0.7166607203621977,2,Connecticut,2025-05-02,control
U06992,fashion_shopper,30,0.8249649658147562,21,Michigan,2023-08-21,control
U06993,fashion_shopper,27,0.4406245883322881,2,Kentucky,2025-11-09,control
U06994,hybrid,34,0.7721622774045794,14,Arizona,2023-10-15,variant_b
U06995,electronics_buyer,60,0.8953623605224492,18,Oregon,2026-04-26,variant_a
U06996,electronics_buyer,22,0.7901232986862616,16,Kentucky,2024-08-10,variant_a
U06997,hybrid,26,0.1307768370137497,28,Mississippi,2025-10-07,variant_b
U06998,fashion_shopper,30,0.8446320202295694,11,New Jersey,2024-08-20,variant_a
U06999,electronics_buyer,40,0.7970328626089306,9,North Dakota,2023-06-16,variant_a
U07000,fashion_shopper,47,0.7023612143378674,7,Maryland,2023-09-01,control
U07001,fashion_shopper,60,0.7840201771791131,4,Connecticut,2025-06-22,control
U07002,hybrid,21,0.981482856248745,16,Colorado,2023-11-22,variant_b
U07003,electronics_buyer,38,0.48800159903651474,14,Florida,2024-11-21,variant_b
U07004,fashion_shopper,60,0.16050091145913803,11,New Jersey,2023-08-22,variant_a
U07005,fashion_shopper,26,0.5148009726649451,8,Wyoming,2024-07-07,variant_a
U07006,electronics_buyer,24,0.14179028985194314,11,Delaware,2025-12-25,variant_a
U07007,fashion_shopper,33,0.364825367279615,27,Utah,2025-01-11,control
U07008,fashion_shopper,40,0.6281918126170831,29,South Dakota,2024-12-07,control
U07009,fashion_shopper,40,0.3786606036335407,20,Hawaii,2023-10-24,control
U07010,fashion_shopper,48,0.7168557213185848,17,Missouri,2026-02-17,control
U07011,hybrid,22,0.839787694917149,28,Florida,2024-06-23,variant_b
U07012,fashion_shopper,23,0.47839526135158317,26,Wisconsin,2024-01-10,control
U07013,fashion_shopper,18,0.9101241561637032,19,Nebraska,2024-03-20,control
U07014,electronics_buyer,45,0.1718550382153602,10,Oklahoma,2023-06-17,variant_a
U07015,hybrid,35,0.8561018477804048,12,North Dakota,2023-10-24,variant_b
U07016,fashion_shopper,41,0.8457158308953691,1,Texas,2023-10-19,control
U07017,fashion_shopper,30,0.38979450669408844,2,North Carolina,2025-08-28,control
U07018,fashion_shopper,50,0.36884366841215355,18,Mississippi,2025-04-22,variant_a
U07019,electronics_buyer,27,0.3745854830381614,7,Michigan,2026-03-30,variant_b
U07020,electronics_buyer,24,0.8302543411099699,16,Texas,2025-05-01,variant_a
U07021,hybrid,54,0.8484881388491756,13,Nebraska,2024-10-21,variant_b
U07022,hybrid,49,0.39675021294490087,4,Mississippi,2023-09-25,variant_b
U07023,electronics_buyer,62,0.6333313127000156,10,Maryland,2023-07-23,variant_b
U07024,electronics_buyer,39,0.22503990649640906,28,New Mexico,2024-09-13,variant_a
U07025,electronics_buyer,33,0.5219008644529199,9,New Jersey,2025-03-27,variant_a
U07026,fashion_shopper,41,0.9989135657699845,18,New Jersey,2024-12-18,control
U07027,hybrid,31,0.24295523293562218,9,Massachusetts,2024-07-18,variant_b
U07028,fashion_shopper,28,0.952806375964053,22,Colorado,2024-03-02,variant_a
U07029,fashion_shopper,36,0.841829249768507,10,New Hampshire,2025-12-06,control
U07030,electronics_buyer,40,0.974993185851643,8,Indiana,2024-03-24,variant_a
U07031,fashion_shopper,51,0.26162088454947974,23,Texas,2024-05-08,control
U07032,electronics_buyer,57,0.2921666413990278,11,Tennessee,2025-10-17,variant_a
U07033,electronics_buyer,30,0.11518046356137282,13,Alabama,2023-08-30,variant_a
U07034,fashion_shopper,56,0.7522316316240449,24,New York,2025-12-29,variant_a
U07035,hybrid,61,0.679685224092567,13,Oregon,2025-02-25,variant_b
U07036,fashion_shopper,45,0.2602588944922589,16,Indiana,2023-09-03,control
U07037,fashion_shopper,57,0.8120304689878647,13,Minnesota,2024-10-13,variant_a
U07038,electronics_buyer,33,0.36927595551855286,25,Alabama,2025-09-06,variant_a
U07039,electronics_buyer,45,0.22149601239757166,12,Alabama,2025-02-01,variant_a
U07040,electronics_buyer,21,0.4803063985174133,15,Alaska,2024-04-18,variant_b
U07041,fashion_shopper,45,0.18187286358417049,29,Virginia,2026-01-08,variant_a
U07042,electronics_buyer,29,0.33691929064592196,16,Texas,2024-12-30,variant_a
U07043,fashion_shopper,33,0.43420002258461154,8,Illinois,2024-05-02,control
U07044,hybrid,53,0.8666777570627349,6,Oklahoma,2024-12-31,variant_b
U07045,fashion_shopper,37,0.8132938671638993,24,Massachusetts,2026-04-10,variant_a
U07046,electronics_buyer,43,0.4984788571755564,8,Virginia,2024-10-22,variant_b
U07047,fashion_shopper,43,0.7521175519771488,2,Ohio,2024-01-29,control
U07048,fashion_shopper,39,0.6117846725611045,18,Nebraska,2025-01-17,control
U07049,electronics_buyer,26,0.40675766957026127,11,New Hampshire,2024-10-26,variant_a
U07050,hybrid,22,0.7532869091457564,17,Virginia,2023-06-30,variant_b
U07051,electronics_buyer,34,0.7151492390197401,10,South Dakota,2026-03-04,variant_a
U07052,hybrid,51,0.6571849979742418,2,Kansas,2024-01-01,variant_b
U07053,electronics_buyer,19,0.6561599689389255,23,Maine,2023-10-14,variant_a
U07054,electronics_buyer,24,0.7146837930942791,27,New Mexico,2025-04-06,variant_a
U07055,fashion_shopper,53,0.4460909613782844,19,West Virginia,2026-02-16,control
U07056,hybrid,30,0.8821682335609321,20,Maine,2025-12-17,variant_b
U07057,fashion_shopper,37,0.24607706094681475,20,Virginia,2026-03-01,control
U07058,hybrid,47,0.8954969169152387,20,Pennsylvania,2024-04-19,variant_b
U07059,hybrid,47,0.40805365872879495,2,New York,2025-01-22,variant_b
U07060,hybrid,28,0.21252845404776027,27,Vermont,2024-02-17,variant_b
U07061,electronics_buyer,48,0.6400246624112169,6,Washington,2024-01-10,variant_a
U07062,electronics_buyer,20,0.4383880021633647,17,Alabama,2026-03-16,variant_b
U07063,electronics_buyer,19,0.8339497543931673,12,North Carolina,2025-03-30,variant_b
U07064,fashion_shopper,20,0.4877069216758906,5,Vermont,2024-07-04,control
U07065,electronics_buyer,32,0.7017062730058988,2,Maine,2024-09-05,variant_a
U07066,fashion_shopper,34,0.37743219055434296,9,Utah,2026-01-04,control
U07067,electronics_buyer,24,0.2885071375228061,2,Missouri,2025-08-12,variant_a
U07068,fashion_shopper,22,0.4492441278539414,22,Nevada,2024-08-04,control
U07069,fashion_shopper,51,0.6461270511421902,20,Virginia,2025-10-31,control
U07070,fashion_shopper,50,0.6912520652902167,14,Texas,2025-01-01,variant_a
U07071,fashion_shopper,62,0.6203859987682165,22,Virginia,2024-02-17,variant_a
U07072,electronics_buyer,33,0.989250146761698,15,Vermont,2024-10-03,variant_a
U07073,fashion_shopper,54,0.7219811678456488,2,Utah,2024-06-12,control
U07074,electronics_buyer,20,0.938367664837226,28,Oklahoma,2023-08-01,variant_a
U07075,fashion_shopper,64,0.20613987540565706,18,Texas,2025-10-03,control
U07076,electronics_buyer,60,0.15523563683213099,12,Delaware,2025-04-01,variant_a
U07077,electronics_buyer,38,0.37989523181075835,7,Washington,2024-12-20,variant_a
U07078,electronics_buyer,58,0.22293004453878157,16,Kansas,2026-03-30,variant_a
U07079,electronics_buyer,25,0.573281675405441,19,Pennsylvania,2023-06-26,variant_b
U07080,fashion_shopper,39,0.5670831281709509,3,Illinois,2024-03-10,control
U07081,electronics_buyer,22,0.6175424497995551,15,Delaware,2025-11-12,variant_b
U07082,fashion_shopper,34,0.7707050927479654,15,Michigan,2025-02-25,variant_a
U07083,electronics_buyer,54,0.9741967301910879,7,New Hampshire,2024-11-16,variant_a
U07084,electronics_buyer,31,0.8904328222952318,8,Michigan,2026-04-29,variant_a
U07085,fashion_shopper,56,0.20653051561802344,7,Oklahoma,2025-03-03,control
U07086,electronics_buyer,58,0.4046623198935916,3,New York,2025-05-07,variant_a
U07087,electronics_buyer,45,0.3302407225432377,19,Louisiana,2025-10-12,variant_a
U07088,fashion_shopper,48,0.2591356220018135,23,Mississippi,2025-11-08,control
U07089,fashion_shopper,34,0.590252388990206,19,North Carolina,2023-11-14,control
U07090,fashion_shopper,52,0.5979379618294575,29,Rhode Island,2025-08-10,control
U07091,hybrid,57,0.3045203450992552,18,Oklahoma,2024-07-20,variant_b
U07092,electronics_buyer,39,0.7407075252760169,7,Connecticut,2025-05-12,variant_b
U07093,fashion_shopper,62,0.7596228692525547,19,Idaho,2024-06-08,control
U07094,fashion_shopper,46,0.11888199535053999,5,Illinois,2023-11-14,variant_a
U07095,electronics_buyer,27,0.45618193335008494,23,Maryland,2024-06-04,variant_a
U07096,hybrid,35,0.9011265770814589,13,Washington,2025-02-03,variant_b
U07097,fashion_shopper,52,0.5682867474194544,2,Virginia,2023-05-29,control
U07098,fashion_shopper,61,0.41286502129509484,24,Michigan,2023-09-17,control
U07099,hybrid,33,0.32830853643561714,18,Oregon,2024-01-17,variant_b
U07100,fashion_shopper,24,0.31901906792645407,4,Ohio,2023-12-22,control
U07101,fashion_shopper,47,0.1897912304657257,4,New Hampshire,2025-11-01,control
U07102,hybrid,36,0.8355037771837829,8,Alaska,2025-06-21,variant_b
U07103,electronics_buyer,40,0.1779916648547541,11,Idaho,2023-12-14,variant_a
U07104,fashion_shopper,25,0.3630652892756342,1,Oklahoma,2024-07-21,control
U07105,fashion_shopper,34,0.1411081647097179,28,West Virginia,2026-04-30,control
U07106,fashion_shopper,38,0.8032479127513305,9,Iowa,2023-12-19,control
U07107,fashion_shopper,43,0.13535531400411144,6,Utah,2024-05-30,control
U07108,hybrid,45,0.3774709934813876,4,Rhode Island,2023-06-17,variant_b
U07109,fashion_shopper,56,0.6159676330779976,6,Tennessee,2023-11-08,variant_a
U07110,electronics_buyer,50,0.46860522426409945,13,Rhode Island,2026-03-30,variant_b
U07111,hybrid,57,0.3540439605241904,29,Illinois,2026-03-24,variant_b
U07112,fashion_shopper,36,0.3476701651847875,22,Maryland,2026-03-16,variant_a
U07113,fashion_shopper,46,0.8180112754056243,29,Kentucky,2025-06-14,control
U07114,electronics_buyer,37,0.9765802855785206,9,South Carolina,2024-01-25,variant_a
U07115,hybrid,37,0.413236963403914,27,Ohio,2023-09-09,variant_b
U07116,hybrid,27,0.13523096224811487,14,Maryland,2024-02-10,variant_b
U07117,fashion_shopper,29,0.1329092001181976,12,Mississippi,2024-12-04,control
U07118,electronics_buyer,50,0.7832920736896463,4,Wyoming,2025-04-23,variant_b
U07119,electronics_buyer,42,0.5971328394482143,8,Alabama,2025-06-07,variant_a
U07120,hybrid,42,0.8052333916755974,17,Delaware,2024-06-09,variant_b
U07121,fashion_shopper,21,0.7277473092597173,22,Arizona,2025-05-06,control
U07122,electronics_buyer,21,0.9167557143388568,5,Utah,2025-05-31,variant_a
U07123,hybrid,26,0.8972418619419612,3,Ohio,2025-07-11,variant_b
U07124,fashion_shopper,32,0.8094946560590597,4,Montana,2023-06-29,variant_a
U07125,electronics_buyer,43,0.5276702440379294,8,New Jersey,2023-11-12,variant_a
U07126,fashion_shopper,32,0.3773137668434672,16,Connecticut,2025-08-25,control
U07127,fashion_shopper,43,0.5563241087001759,11,Virginia,2024-12-02,control
U07128,fashion_shopper,45,0.5518644465878413,27,Indiana,2025-11-23,control
U07129,hybrid,24,0.6492479940004039,26,Colorado,2025-02-07,variant_b
U07130,fashion_shopper,49,0.2674878110046137,27,New Hampshire,2024-07-20,control
U07131,electronics_buyer,29,0.6900578924004899,2,Vermont,2025-03-21,variant_a
U07132,electronics_buyer,52,0.5109408317852342,8,South Carolina,2024-09-10,variant_b
U07133,fashion_shopper,49,0.6581843487467732,7,Kansas,2025-10-22,control
U07134,electronics_buyer,26,0.3156443406275911,1,Wisconsin,2024-09-17,variant_a
U07135,electronics_buyer,31,0.4909554044896195,29,Maryland,2023-05-24,variant_b
U07136,hybrid,30,0.28918109300726824,2,Wisconsin,2024-10-12,variant_b
U07137,electronics_buyer,61,0.8877746410811215,23,Arkansas,2024-09-29,variant_a
U07138,electronics_buyer,50,0.5391649405373838,27,New Hampshire,2025-11-11,variant_a
U07139,fashion_shopper,49,0.30248327401643094,13,Alabama,2024-05-26,control
U07140,hybrid,36,0.13708782616739168,11,Oklahoma,2024-05-28,variant_b
U07141,fashion_shopper,47,0.7081647981881877,3,Kentucky,2023-11-09,control
U07142,electronics_buyer,33,0.2931802425907801,2,Wyoming,2025-05-15,variant_b
U07143,fashion_shopper,29,0.9906239730869004,16,Georgia,2024-08-12,control
U07144,hybrid,27,0.5803303360736545,1,California,2026-01-24,variant_b
U07145,electronics_buyer,19,0.3600792966232289,7,Kansas,2024-07-11,variant_b
U07146,electronics_buyer,35,0.6919096904133673,3,New York,2024-07-22,variant_b
U07147,fashion_shopper,30,0.347697931094277,22,Michigan,2026-01-23,control
U07148,fashion_shopper,46,0.8382468645187718,16,Texas,2024-05-27,variant_a
U07149,electronics_buyer,41,0.37741244583694766,26,North Dakota,2025-04-17,variant_a
U07150,electronics_buyer,55,0.9894229591563183,24,Texas,2025-08-07,variant_b
U07151,fashion_shopper,29,0.6446303069007643,6,Minnesota,2025-10-18,control
U07152,hybrid,46,0.859970034048397,14,Nevada,2026-02-05,variant_b
U07153,hybrid,39,0.16553392262058,23,Wyoming,2024-08-09,variant_b
U07154,fashion_shopper,53,0.4134694756475694,11,North Carolina,2024-05-28,control
U07155,hybrid,18,0.7637383775495347,22,West Virginia,2025-01-04,variant_b
U07156,electronics_buyer,60,0.6895531156065244,23,Kansas,2025-06-06,variant_a
U07157,electronics_buyer,57,0.274818809290382,21,Wisconsin,2023-09-16,variant_a
U07158,fashion_shopper,51,0.4205826374587389,25,South Carolina,2024-04-21,control
U07159,electronics_buyer,51,0.33709906673878687,19,Washington,2025-11-09,variant_a
U07160,electronics_buyer,50,0.6520331527856587,22,North Carolina,2025-09-03,variant_b
U07161,fashion_shopper,21,0.41011140651289746,25,Georgia,2023-06-07,variant_a
U07162,electronics_buyer,55,0.37814881780031484,1,Mississippi,2025-10-14,variant_a
U07163,electronics_buyer,47,0.28664018239270755,21,Rhode Island,2023-06-03,variant_b
U07164,electronics_buyer,63,0.4681244088231835,13,Maryland,2025-03-25,variant_b
U07165,fashion_shopper,37,0.2759523311768982,20,Iowa,2025-03-18,control
U07166,hybrid,43,0.9663126286398691,9,Pennsylvania,2023-10-31,variant_b
U07167,electronics_buyer,32,0.23905163034577306,27,Tennessee,2024-06-14,variant_a
U07168,fashion_shopper,24,0.9219742434628987,29,Indiana,2025-09-30,control
U07169,fashion_shopper,24,0.48562578834092374,11,Wyoming,2023-08-29,control
U07170,electronics_buyer,46,0.44007939240554983,1,Texas,2024-10-16,variant_a
U07171,hybrid,40,0.30818782081436397,13,Michigan,2024-06-30,variant_b
U07172,fashion_shopper,51,0.6721807009307672,20,New Hampshire,2025-01-08,variant_a
U07173,electronics_buyer,37,0.7169752135097527,1,New Jersey,2025-03-07,variant_b
U07174,fashion_shopper,32,0.5208138660271757,3,Connecticut,2023-08-09,control
U07175,electronics_buyer,50,0.15013620612408174,20,New Hampshire,2024-01-30,variant_a
U07176,hybrid,34,0.9266591356196949,17,Wyoming,2023-09-11,variant_b
U07177,electronics_buyer,37,0.9822962195887429,5,Maine,2024-12-10,variant_b
U07178,fashion_shopper,30,0.4879390736906515,6,Maryland,2023-10-15,control
U07179,electronics_buyer,61,0.6522947266683944,17,California,2025-05-04,variant_a
U07180,fashion_shopper,41,0.5052687636193721,10,Utah,2025-03-14,control
U07181,fashion_shopper,64,0.38969168579750857,11,Massachusetts,2026-03-22,variant_a
U07182,electronics_buyer,54,0.16958691357202688,13,Ohio,2025-08-04,variant_b
U07183,electronics_buyer,24,0.510460957357569,29,North Dakota,2024-01-10,variant_b
U07184,fashion_shopper,25,0.8365461007235063,10,Alaska,2024-12-19,control
U07185,hybrid,40,0.11532831497920322,14,Maryland,2026-04-23,variant_b
U07186,electronics_buyer,31,0.6238969148622001,28,Montana,2025-05-17,variant_a
U07187,fashion_shopper,21,0.89269489785402,13,Montana,2024-12-02,variant_a
U07188,electronics_buyer,38,0.2957944870129222,28,Iowa,2026-02-21,variant_a
U07189,electronics_buyer,63,0.26493027822015597,4,Washington,2025-01-30,variant_a
U07190,electronics_buyer,27,0.7950489631317488,20,Kentucky,2025-06-10,variant_a
U07191,electronics_buyer,39,0.329577788007364,17,Louisiana,2023-11-13,variant_a
U07192,electronics_buyer,47,0.2727858408045836,18,North Carolina,2023-12-29,variant_a
U07193,fashion_shopper,47,0.4401903255123115,11,Minnesota,2025-03-09,control
U07194,hybrid,33,0.45325181104319623,10,Tennessee,2024-09-18,variant_b
U07195,electronics_buyer,28,0.8866909567149094,21,Maryland,2025-11-01,variant_a
U07196,fashion_shopper,39,0.6565991247403092,18,South Dakota,2024-04-07,control
U07197,electronics_buyer,46,0.4653653107056305,19,California,2026-02-05,variant_b
U07198,hybrid,42,0.5809491678571902,9,Oklahoma,2023-06-20,variant_b
U07199,hybrid,31,0.9585687099927468,5,Washington,2024-10-08,variant_b
U07200,fashion_shopper,31,0.20189320894890583,1,Montana,2025-03-09,variant_a
U07201,fashion_shopper,19,0.2869439695522223,5,Colorado,2024-04-08,control
U07202,electronics_buyer,30,0.9662758359278998,3,Colorado,2023-06-16,variant_a
U07203,fashion_shopper,20,0.9615923636744838,1,Illinois,2025-03-24,control
U07204,hybrid,47,0.2594488791382954,19,Massachusetts,2024-06-06,variant_b
U07205,fashion_shopper,35,0.2305979354127684,27,New Jersey,2024-06-06,control
U07206,fashion_shopper,53,0.4789766209047579,6,Tennessee,2024-02-16,control
U07207,fashion_shopper,38,0.1447464632391722,10,Montana,2023-07-04,variant_a
U07208,fashion_shopper,36,0.689413179056626,5,Alabama,2023-06-20,variant_a
U07209,electronics_buyer,33,0.16974641949556796,12,Montana,2024-10-31,variant_b
U07210,electronics_buyer,45,0.15222666438485266,12,New Mexico,2023-07-20,variant_a
U07211,fashion_shopper,21,0.5366682425879643,17,Washington,2024-02-08,control
U07212,fashion_shopper,32,0.9620079724990913,27,Louisiana,2025-02-21,control
U07213,electronics_buyer,18,0.48411634245684365,2,Oklahoma,2025-11-16,variant_a
U07214,fashion_shopper,64,0.42083304279449596,21,South Carolina,2023-11-06,control
U07215,electronics_buyer,33,0.9981610439520573,25,Arizona,2024-08-29,variant_a
U07216,electronics_buyer,37,0.5787720647012651,27,Idaho,2023-09-04,variant_a
U07217,electronics_buyer,50,0.43771726620122375,14,New Mexico,2023-07-02,variant_b
U07218,hybrid,34,0.4472747320074416,12,Oregon,2025-02-01,variant_b
U07219,hybrid,22,0.27546354643015947,28,Delaware,2023-06-18,variant_b
U07220,hybrid,22,0.5610007517027851,13,Kentucky,2025-07-05,variant_b
U07221,fashion_shopper,56,0.4949695253512052,5,New York,2025-01-29,control
U07222,fashion_shopper,30,0.34371576671267207,5,Louisiana,2026-05-10,control
U07223,fashion_shopper,61,0.2444860779415838,17,Nevada,2025-05-24,control
U07224,hybrid,53,0.3801149818007983,5,South Carolina,2024-10-27,variant_b
U07225,hybrid,47,0.5578149949189564,24,Louisiana,2024-05-30,variant_b
U07226,hybrid,21,0.15249994505632153,25,Indiana,2026-03-05,variant_b
U07227,fashion_shopper,40,0.2383696257255604,26,Ohio,2024-10-19,control
U07228,hybrid,38,0.9528915402721858,19,Mississippi,2026-05-16,variant_b
U07229,fashion_shopper,38,0.5885698159282051,4,Hawaii,2026-03-03,variant_a
U07230,fashion_shopper,23,0.1571043732940341,7,Vermont,2023-05-30,control
U07231,fashion_shopper,41,0.7237789828926157,23,Alaska,2025-07-18,variant_a
U07232,fashion_shopper,64,0.15562258307113128,17,Massachusetts,2026-01-15,control
U07233,electronics_buyer,48,0.7649868043417356,11,Arkansas,2024-10-11,variant_a
U07234,fashion_shopper,36,0.7749664495480242,6,New York,2024-08-07,control
U07235,electronics_buyer,55,0.6859710781743273,13,Alaska,2025-01-23,variant_a
U07236,electronics_buyer,29,0.7589840901574147,12,Alabama,2025-06-08,variant_a
U07237,hybrid,31,0.17916920291175198,25,Alaska,2025-05-20,variant_b
U07238,electronics_buyer,29,0.7541024971197409,5,Ohio,2025-07-23,variant_a
U07239,fashion_shopper,32,0.22301948775149466,24,Nevada,2025-12-25,variant_a
U07240,hybrid,36,0.4055553165446595,27,New York,2024-11-21,variant_b
U07241,hybrid,45,0.9484707281505695,10,New Jersey,2023-12-29,variant_b
U07242,fashion_shopper,57,0.5525879298932261,11,New Jersey,2024-02-06,control
U07243,electronics_buyer,58,0.9706837888747124,9,New Mexico,2025-08-10,variant_a
U07244,fashion_shopper,22,0.18003021299806382,26,Utah,2025-02-14,control
U07245,fashion_shopper,22,0.5298009396068621,26,Pennsylvania,2024-11-02,control
U07246,electronics_buyer,23,0.1561620882491836,13,Montana,2023-09-13,variant_a
U07247,hybrid,40,0.6671892361593563,3,Minnesota,2025-12-22,variant_b
U07248,fashion_shopper,20,0.17083630123166477,17,Alaska,2023-12-19,control
U07249,hybrid,54,0.2578310222863396,18,Tennessee,2026-04-15,variant_b
U07250,hybrid,50,0.33294727906235244,5,Minnesota,2023-12-24,variant_b
U07251,hybrid,60,0.7738694664980349,16,Louisiana,2023-07-18,variant_b
U07252,fashion_shopper,38,0.2475659069362673,26,Wisconsin,2024-03-05,control
U07253,hybrid,37,0.861968847963761,23,Mississippi,2024-06-12,variant_b
U07254,fashion_shopper,18,0.21871354494772077,16,Iowa,2025-02-04,control
U07255,electronics_buyer,56,0.13172000416314072,11,New Hampshire,2023-07-06,variant_a
U07256,fashion_shopper,64,0.4555408770727011,22,Maryland,2024-12-01,control
U07257,fashion_shopper,34,0.9814974777741656,4,Oklahoma,2026-01-22,control
U07258,electronics_buyer,46,0.1993080050098995,9,Delaware,2025-12-28,variant_b
U07259,fashion_shopper,25,0.19154659963566614,15,Kentucky,2025-09-28,variant_a
U07260,fashion_shopper,43,0.7760498597160616,12,Hawaii,2024-03-28,control
U07261,fashion_shopper,45,0.38094552459420883,27,Pennsylvania,2023-08-07,control
U07262,electronics_buyer,51,0.7455534555031452,16,Mississippi,2023-08-09,variant_a
U07263,fashion_shopper,43,0.28000953049902705,4,New Jersey,2024-01-08,control
U07264,hybrid,30,0.5140647947783467,3,Virginia,2023-08-28,variant_b
U07265,fashion_shopper,61,0.3387608899740261,27,Michigan,2024-06-04,control
U07266,fashion_shopper,54,0.5063753933911782,21,Mississippi,2025-12-03,control
U07267,fashion_shopper,30,0.7921873833267734,4,Virginia,2026-02-21,variant_a
U07268,electronics_buyer,55,0.7858089464298955,2,Arkansas,2024-01-11,variant_a
U07269,fashion_shopper,42,0.5641950589063512,19,New Jersey,2024-10-04,variant_a
U07270,fashion_shopper,64,0.9355346593489459,7,Idaho,2023-10-27,control
U07271,hybrid,40,0.3374056922034466,28,West Virginia,2023-12-01,variant_b
U07272,electronics_buyer,39,0.31628021600730977,2,Louisiana,2026-04-10,variant_a
U07273,fashion_shopper,38,0.6524257610578903,1,Kansas,2024-05-06,control
U07274,fashion_shopper,47,0.6591673307951101,18,Rhode Island,2025-06-08,variant_a
U07275,hybrid,28,0.1418860356084766,28,Iowa,2024-12-16,variant_b
U07276,fashion_shopper,21,0.6469999411482078,8,Kansas,2025-01-05,control
U07277,fashion_shopper,50,0.43699254161411294,8,Rhode Island,2026-02-19,control
U07278,electronics_buyer,64,0.7726982727885032,28,Tennessee,2023-08-20,variant_b
U07279,electronics_buyer,29,0.8272950980907456,10,Utah,2023-12-23,variant_a
U07280,electronics_buyer,26,0.5969384375923329,18,Ohio,2025-07-21,variant_a
U07281,fashion_shopper,49,0.10153452835203858,22,Oregon,2024-04-01,control
U07282,fashion_shopper,28,0.6727292291499779,27,Delaware,2025-04-13,control
U07283,electronics_buyer,54,0.7739931516993409,28,Oklahoma,2024-08-02,variant_a
U07284,fashion_shopper,41,0.3240849396083628,11,North Dakota,2023-09-30,control
U07285,electronics_buyer,24,0.51818140102671,27,Alabama,2024-08-06,variant_a
U07286,electronics_buyer,25,0.9691539610706095,23,Connecticut,2025-10-23,variant_a
U07287,fashion_shopper,50,0.36830399805469316,1,Virginia,2024-01-11,control
U07288,hybrid,42,0.3008379259375667,7,Arkansas,2025-02-10,variant_b
U07289,hybrid,18,0.2897693114302091,28,Delaware,2024-06-01,variant_b
U07290,electronics_buyer,20,0.6029207509185966,27,West Virginia,2025-03-07,variant_b
U07291,fashion_shopper,57,0.9548083911772058,8,Illinois,2024-06-20,control
U07292,fashion_shopper,45,0.6478211162803192,25,Nebraska,2023-07-27,control
U07293,electronics_buyer,60,0.37299080821389397,14,New Hampshire,2025-12-24,variant_a
U07294,fashion_shopper,50,0.6747128002607087,24,New Hampshire,2024-11-11,control
U07295,hybrid,63,0.6623580678380087,19,West Virginia,2026-04-17,variant_b
U07296,fashion_shopper,18,0.6372326221566887,8,Missouri,2025-06-05,control
U07297,electronics_buyer,55,0.2434835861994718,19,Michigan,2023-06-13,variant_a
U07298,fashion_shopper,44,0.6711101194104947,22,New Hampshire,2024-10-19,variant_a
U07299,electronics_buyer,55,0.48714800726304974,4,Mississippi,2023-05-30,variant_a
U07300,fashion_shopper,52,0.11673285276073003,23,Virginia,2025-01-18,control
U07301,fashion_shopper,27,0.5857880384327456,24,Idaho,2025-02-11,variant_a
U07302,fashion_shopper,29,0.9903400706965758,10,Arizona,2024-11-10,control
U07303,hybrid,27,0.41476563175958525,22,Alaska,2026-02-03,variant_b
U07304,fashion_shopper,51,0.9690032964867924,10,Maine,2024-12-07,control
U07305,hybrid,41,0.18658516749633508,4,Kentucky,2024-06-02,variant_b
U07306,hybrid,45,0.7592051042805756,8,Pennsylvania,2025-09-27,variant_b
U07307,fashion_shopper,39,0.2028969951965518,7,Kentucky,2026-05-05,control
U07308,electronics_buyer,62,0.3462144161997468,26,Missouri,2024-09-21,variant_b
U07309,fashion_shopper,33,0.613756751789912,15,Georgia,2025-05-30,control
U07310,hybrid,30,0.633501724579074,8,Vermont,2024-09-16,variant_b
U07311,electronics_buyer,53,0.7976901855107541,29,New Mexico,2024-06-23,variant_a
U07312,fashion_shopper,53,0.6537802665046953,10,Connecticut,2024-07-30,control
U07313,fashion_shopper,60,0.6342532339425047,7,Wisconsin,2023-11-27,variant_a
U07314,fashion_shopper,40,0.9211177782902245,19,Indiana,2025-08-02,control
U07315,hybrid,31,0.5069446769882415,3,Kansas,2023-11-06,variant_b
U07316,fashion_shopper,49,0.30273920082554956,9,New Jersey,2024-10-19,control
U07317,electronics_buyer,20,0.24560972652126722,16,Kentucky,2025-04-19,variant_a
U07318,fashion_shopper,44,0.4599951371285498,14,Wyoming,2024-07-17,variant_a
U07319,hybrid,36,0.7414774796743262,7,Texas,2023-07-30,variant_b
U07320,fashion_shopper,39,0.13828913643691082,12,Oregon,2023-11-06,control
U07321,electronics_buyer,18,0.21614804785846553,1,Missouri,2024-09-02,variant_a
U07322,electronics_buyer,22,0.1955021140932755,16,Alaska,2024-07-15,variant_a
U07323,electronics_buyer,50,0.6267251377463129,3,Kansas,2025-11-07,variant_b
U07324,fashion_shopper,36,0.31857818547813965,27,Kentucky,2024-02-24,control
U07325,fashion_shopper,53,0.24963348547125686,1,Oregon,2024-08-25,control
U07326,fashion_shopper,23,0.6334936477687201,6,West Virginia,2023-09-06,control
U07327,electronics_buyer,32,0.7851789239071413,29,Illinois,2023-11-02,variant_b
U07328,fashion_shopper,53,0.39893942480739797,2,North Carolina,2025-09-17,control
U07329,electronics_buyer,50,0.6203841451089366,7,Massachusetts,2025-09-05,variant_a
U07330,fashion_shopper,41,0.18831197187951418,8,New Jersey,2023-07-09,control
U07331,hybrid,44,0.941671927411813,13,South Carolina,2025-11-22,variant_b
U07332,hybrid,28,0.4032065667832956,29,New Jersey,2026-04-18,variant_b
U07333,electronics_buyer,40,0.9977551238561511,16,Maine,2024-06-22,variant_a
U07334,fashion_shopper,50,0.9807289802648038,29,South Dakota,2025-06-27,variant_a
U07335,fashion_shopper,58,0.8009411044022303,22,Arkansas,2025-05-11,control
U07336,fashion_shopper,63,0.11806038586627005,21,New Mexico,2024-11-17,control
U07337,fashion_shopper,64,0.589127428345927,10,Washington,2024-11-20,control
U07338,electronics_buyer,46,0.17815277839601035,4,Arkansas,2024-08-08,variant_a
U07339,electronics_buyer,48,0.9056242233653645,25,Georgia,2025-12-29,variant_a
U07340,hybrid,18,0.8106726273826625,24,Nebraska,2023-08-10,variant_b
U07341,fashion_shopper,51,0.9751063389361146,21,Montana,2024-07-23,variant_a
U07342,electronics_buyer,35,0.6475446578348159,13,Minnesota,2025-09-28,variant_b
U07343,electronics_buyer,35,0.5699555240359042,17,Missouri,2024-02-13,variant_a
U07344,electronics_buyer,23,0.5670764703499489,8,Minnesota,2026-05-10,variant_a
U07345,fashion_shopper,57,0.4478035370089104,8,Washington,2023-06-15,control
U07346,electronics_buyer,18,0.5218210605062269,23,South Dakota,2024-04-10,variant_a
U07347,electronics_buyer,64,0.6718713248218153,7,Maine,2026-01-03,variant_a
U07348,electronics_buyer,59,0.9396528468006494,24,Florida,2025-12-03,variant_b
U07349,hybrid,47,0.6362959044304279,1,New Hampshire,2025-11-02,variant_b
U07350,fashion_shopper,21,0.8714043480856305,15,New Hampshire,2025-02-09,control
U07351,fashion_shopper,49,0.8765019201722506,15,Alaska,2025-07-05,control
U07352,electronics_buyer,27,0.5669494082634333,28,Arkansas,2025-11-04,variant_a
U07353,electronics_buyer,60,0.4127226773478595,19,Georgia,2023-11-10,variant_a
U07354,fashion_shopper,22,0.6756164859988729,4,South Carolina,2024-11-14,control
U07355,electronics_buyer,26,0.5012896077233585,27,Nebraska,2023-10-22,variant_b
U07356,hybrid,22,0.17329678058973963,6,Idaho,2026-05-08,variant_b
U07357,hybrid,28,0.4400281903891903,10,South Dakota,2025-12-02,variant_b
U07358,fashion_shopper,52,0.9946649242443925,12,Alabama,2023-11-07,control
U07359,hybrid,44,0.1436606830236585,26,Nebraska,2024-06-18,variant_b
U07360,electronics_buyer,21,0.727000220710834,25,Montana,2025-06-01,variant_b
U07361,electronics_buyer,27,0.8570698345641223,4,Missouri,2023-11-14,variant_a
U07362,electronics_buyer,56,0.6838533131278408,6,New Jersey,2024-06-16,variant_a
U07363,hybrid,50,0.612773408046961,25,Indiana,2025-09-16,variant_b
U07364,electronics_buyer,55,0.7367989752808818,14,Oregon,2024-08-24,variant_a
U07365,fashion_shopper,25,0.48640846356969014,13,New Jersey,2024-02-01,variant_a
U07366,electronics_buyer,41,0.18222556357798908,25,Utah,2023-07-11,variant_a
U07367,electronics_buyer,56,0.9661345788730435,22,South Dakota,2024-11-26,variant_a
U07368,fashion_shopper,50,0.48907069298577655,21,Indiana,2023-10-17,control
U07369,hybrid,58,0.6988503134512158,3,Connecticut,2025-04-12,variant_b
U07370,electronics_buyer,60,0.5781793932003657,21,Wyoming,2026-02-02,variant_b
U07371,electronics_buyer,36,0.1492057647797991,15,Kentucky,2026-05-10,variant_a
U07372,fashion_shopper,19,0.9574719408932847,3,Pennsylvania,2025-07-06,control
U07373,electronics_buyer,28,0.813283503502891,5,Oregon,2025-08-01,variant_a
U07374,fashion_shopper,52,0.23418810502245543,13,Nevada,2024-04-18,control
U07375,fashion_shopper,34,0.9834839886594401,26,Maine,2026-02-06,control
U07376,electronics_buyer,59,0.7632112349545371,26,West Virginia,2025-08-18,variant_a
U07377,fashion_shopper,20,0.525089485385478,15,West Virginia,2023-06-27,variant_a
U07378,electronics_buyer,39,0.6502330509036159,17,New Hampshire,2023-07-03,variant_a
U07379,fashion_shopper,52,0.1960630138131378,6,Mississippi,2025-03-30,control
U07380,fashion_shopper,38,0.6043703590140499,23,Texas,2024-04-23,variant_a
U07381,fashion_shopper,42,0.16629496481535347,18,Maryland,2023-12-01,control
U07382,hybrid,56,0.5903697314073718,3,Arkansas,2025-07-18,variant_b
U07383,electronics_buyer,19,0.5974261198865068,26,Alabama,2023-08-29,variant_a
U07384,electronics_buyer,18,0.8869949066446695,9,Oregon,2024-08-15,variant_b
U07385,fashion_shopper,24,0.7525517502450646,8,Michigan,2023-05-26,control
U07386,fashion_shopper,37,0.32459715299360803,20,Indiana,2026-03-13,control
U07387,hybrid,60,0.8995835279690712,11,Ohio,2023-10-25,variant_b
U07388,fashion_shopper,23,0.6159183983632052,28,Montana,2025-09-12,control
U07389,fashion_shopper,53,0.6457415307166303,24,Oregon,2024-05-20,variant_a
U07390,electronics_buyer,38,0.2520832322999605,11,North Dakota,2023-07-13,variant_a
U07391,fashion_shopper,63,0.8719962363722026,8,Michigan,2026-04-12,control
U07392,hybrid,52,0.9378686035148895,22,Missouri,2026-04-16,variant_b
U07393,electronics_buyer,53,0.7974915845454174,1,Mississippi,2026-04-20,variant_a
U07394,fashion_shopper,25,0.9466772073805055,2,Utah,2025-01-22,control
U07395,fashion_shopper,21,0.37206991371011133,20,Oregon,2025-11-05,control
U07396,fashion_shopper,60,0.8750072515264941,4,Texas,2023-08-03,control
U07397,hybrid,33,0.5400038285773683,2,Nebraska,2025-06-16,variant_b
U07398,electronics_buyer,20,0.24752548264922644,25,Mississippi,2024-11-24,variant_b
U07399,fashion_shopper,24,0.701920539130061,2,Pennsylvania,2023-06-20,control
U07400,fashion_shopper,19,0.715708243635291,13,Wyoming,2023-10-20,control
U07401,electronics_buyer,18,0.3582320623810211,29,Virginia,2024-03-30,variant_b
U07402,electronics_buyer,18,0.12474399846481306,22,Nevada,2023-08-07,variant_a
U07403,fashion_shopper,55,0.27986253317700704,21,Wyoming,2024-01-15,variant_a
U07404,fashion_shopper,24,0.4597997929064981,20,Missouri,2024-03-03,variant_a
U07405,fashion_shopper,41,0.2508066199538817,6,Montana,2023-11-25,control
U07406,electronics_buyer,22,0.2746269534156438,4,Delaware,2024-04-09,variant_a
U07407,hybrid,38,0.45225159794404257,25,Wyoming,2023-11-30,variant_b
U07408,fashion_shopper,45,0.9656079528777043,27,Washington,2024-07-19,control
U07409,electronics_buyer,35,0.7878191638668836,26,Illinois,2024-10-05,variant_a
U07410,fashion_shopper,41,0.3877735611039077,15,Kansas,2024-08-27,variant_a
U07411,fashion_shopper,49,0.9564436620266934,23,Arizona,2024-04-28,variant_a
U07412,fashion_shopper,62,0.6810821130328594,3,Michigan,2025-10-29,control
U07413,hybrid,50,0.5099046801761261,28,New York,2024-12-03,variant_b
U07414,electronics_buyer,27,0.5214701790596323,26,Nebraska,2024-09-16,variant_a
U07415,electronics_buyer,26,0.46967002105185274,4,Connecticut,2024-09-03,variant_a
U07416,fashion_shopper,50,0.3096928472913457,17,New Hampshire,2025-03-31,control
U07417,fashion_shopper,50,0.4479689729923352,6,Washington,2024-03-05,control
U07418,fashion_shopper,24,0.5751067456390533,2,Massachusetts,2025-09-01,control
U07419,electronics_buyer,21,0.575224615657199,20,Tennessee,2026-05-14,variant_b
U07420,fashion_shopper,45,0.7855632119912662,13,Wyoming,2024-10-30,control
U07421,electronics_buyer,40,0.4229180714416173,15,Vermont,2026-03-01,variant_b
U07422,fashion_shopper,49,0.7451182263735572,5,Nebraska,2024-11-22,variant_a
U07423,fashion_shopper,61,0.6202826548918162,28,Oregon,2024-07-29,variant_a
U07424,electronics_buyer,33,0.965660864074151,24,Arizona,2025-08-02,variant_a
U07425,fashion_shopper,63,0.44675643343058447,19,Georgia,2024-12-30,variant_a
U07426,fashion_shopper,27,0.9110948178347112,6,Vermont,2025-03-16,control
U07427,fashion_shopper,31,0.8385782925684605,17,Nebraska,2026-01-03,control
U07428,electronics_buyer,56,0.6738978561305112,25,Minnesota,2026-03-14,variant_a
U07429,electronics_buyer,53,0.6890630200679055,28,New Mexico,2024-08-01,variant_a
U07430,fashion_shopper,51,0.1761849411457696,1,New Hampshire,2023-07-02,control
U07431,electronics_buyer,41,0.9552021450340891,2,Michigan,2025-07-04,variant_a
U07432,fashion_shopper,35,0.19624245714616953,1,New Jersey,2025-06-05,control
U07433,fashion_shopper,33,0.6069099778691563,8,Idaho,2025-03-08,control
U07434,fashion_shopper,58,0.3970637204042391,29,Alabama,2023-12-08,control
U07435,hybrid,54,0.4868667804608666,4,North Carolina,2025-10-28,variant_b
U07436,fashion_shopper,58,0.6491647097531353,18,Colorado,2026-01-11,control
U07437,fashion_shopper,42,0.9179662400940894,23,New Mexico,2026-02-23,control
U07438,fashion_shopper,25,0.5118104112150713,24,North Dakota,2025-10-21,control
U07439,fashion_shopper,41,0.988956599775797,9,Rhode Island,2025-01-06,control
U07440,electronics_buyer,37,0.6335308588163497,15,Virginia,2025-10-09,variant_a
U07441,fashion_shopper,47,0.24449854837795704,16,Wyoming,2025-02-09,control
U07442,fashion_shopper,37,0.27100836534812706,21,New Mexico,2025-01-04,control
U07443,electronics_buyer,35,0.7444999320303259,3,Utah,2025-03-28,variant_a
U07444,fashion_shopper,21,0.1453580148190436,1,Utah,2025-05-11,control
U07445,electronics_buyer,53,0.5323074186000042,24,Arkansas,2024-11-03,variant_b
U07446,electronics_buyer,23,0.23339719882316495,13,California,2024-02-20,variant_a
U07447,fashion_shopper,20,0.4898967716600605,14,Connecticut,2025-04-26,control
U07448,electronics_buyer,35,0.7749256798645475,6,Delaware,2026-05-05,variant_a
U07449,fashion_shopper,64,0.5129316354172908,5,Minnesota,2024-08-10,control
U07450,electronics_buyer,57,0.2471059980828343,29,Michigan,2023-05-22,variant_a
U07451,fashion_shopper,35,0.3267328333209782,23,Louisiana,2024-11-02,variant_a
U07452,fashion_shopper,40,0.4307856297869642,5,Michigan,2024-11-12,control
U07453,electronics_buyer,52,0.16260506513777323,27,Washington,2025-03-13,variant_a
U07454,hybrid,23,0.6259038724730097,4,New York,2025-04-21,variant_b
U07455,hybrid,43,0.6467804121502452,21,Florida,2024-04-07,variant_b
U07456,electronics_buyer,38,0.15593673441931072,12,Louisiana,2023-11-20,variant_a
U07457,fashion_shopper,41,0.46208018905674586,14,Idaho,2025-11-20,variant_a
U07458,fashion_shopper,32,0.47260061459625247,27,Michigan,2025-01-04,control
U07459,fashion_shopper,44,0.40043761169734104,23,Maryland,2024-05-25,control
U07460,electronics_buyer,49,0.6019657662980007,14,North Dakota,2024-11-11,variant_a
U07461,fashion_shopper,29,0.4113617410541006,11,Indiana,2025-05-20,variant_a
U07462,hybrid,22,0.4747683515300255,22,Wisconsin,2023-07-20,variant_b
U07463,fashion_shopper,24,0.817771192697445,10,Kansas,2024-05-24,variant_a
U07464,fashion_shopper,39,0.2458984198871813,10,Illinois,2024-07-29,variant_a
U07465,fashion_shopper,44,0.6572032257730788,29,Alaska,2023-10-09,variant_a
U07466,hybrid,32,0.555034961521761,28,Alaska,2024-01-26,variant_b
U07467,electronics_buyer,56,0.3745644737314142,27,West Virginia,2024-04-06,variant_a
U07468,electronics_buyer,62,0.7547811908413696,9,Florida,2023-09-14,variant_a
U07469,fashion_shopper,52,0.5960695235870332,26,Nebraska,2025-05-19,control
U07470,hybrid,43,0.5296253742646259,2,South Carolina,2024-12-18,variant_b
U07471,fashion_shopper,40,0.7009023832940801,14,Arkansas,2025-01-09,control
U07472,hybrid,30,0.8220612771832247,7,Oregon,2025-05-14,variant_b
U07473,electronics_buyer,43,0.9754019110302186,17,Vermont,2025-06-10,variant_a
U07474,fashion_shopper,20,0.6664153315387361,24,Idaho,2024-10-09,variant_a
U07475,electronics_buyer,46,0.8869959868603446,20,Delaware,2024-08-23,variant_a
U07476,electronics_buyer,19,0.10098238692066125,8,Texas,2024-04-26,variant_a
U07477,fashion_shopper,45,0.5772121234533021,24,Montana,2023-07-04,control
U07478,hybrid,40,0.2931827938931783,20,Louisiana,2024-11-21,variant_b
U07479,fashion_shopper,53,0.18477321137482344,4,Delaware,2023-06-28,variant_a
U07480,fashion_shopper,23,0.5787739153579529,5,Michigan,2025-07-17,variant_a
U07481,fashion_shopper,28,0.7721438555341846,13,Nebraska,2025-08-06,control
U07482,fashion_shopper,55,0.47104527022694176,7,Missouri,2025-11-26,variant_a
U07483,electronics_buyer,51,0.7030967044099914,6,Alabama,2026-02-28,variant_a
U07484,fashion_shopper,34,0.5407473284568549,17,North Dakota,2025-09-25,variant_a
U07485,electronics_buyer,20,0.4933772793634834,6,New Hampshire,2023-09-22,variant_b
U07486,fashion_shopper,61,0.36123097639227464,19,Texas,2024-11-18,variant_a
U07487,hybrid,63,0.4443341630509041,25,Montana,2023-08-22,variant_b
U07488,electronics_buyer,51,0.41481606771498514,3,Vermont,2025-08-30,variant_a
U07489,hybrid,39,0.6815684656133933,9,Virginia,2024-03-30,variant_b
U07490,fashion_shopper,46,0.2044166601512256,21,Utah,2025-01-18,control
U07491,fashion_shopper,46,0.18337273181902541,28,South Dakota,2025-03-11,variant_a
U07492,fashion_shopper,22,0.6940116947876144,26,Illinois,2024-11-12,control
U07493,electronics_buyer,27,0.5916682628909927,15,Illinois,2026-01-09,variant_a
U07494,hybrid,27,0.4871800870683919,8,Delaware,2025-12-29,variant_b
U07495,fashion_shopper,26,0.2371985959671132,25,New York,2023-06-05,control
U07496,fashion_shopper,38,0.4699244006823804,25,Oregon,2024-02-01,control
U07497,hybrid,30,0.8107585869880104,23,South Dakota,2025-10-25,variant_b
U07498,fashion_shopper,27,0.9006591122103313,26,Texas,2026-05-19,control
U07499,electronics_buyer,55,0.7323189129677982,15,Iowa,2024-09-13,variant_a
U07500,electronics_buyer,28,0.15392095829279276,1,Texas,2024-10-21,variant_a
U07501,hybrid,21,0.7033687989410067,8,Hawaii,2024-02-25,variant_b
U07502,fashion_shopper,63,0.3168870305916651,23,Mississippi,2025-01-15,control
U07503,fashion_shopper,48,0.3837261187237646,4,Oklahoma,2025-04-15,control
U07504,electronics_buyer,51,0.27628588716398605,22,Iowa,2025-11-01,variant_a
U07505,hybrid,59,0.7981802115581842,10,Hawaii,2024-02-09,variant_b
U07506,fashion_shopper,52,0.6837419103735511,16,South Dakota,2025-11-08,variant_a
U07507,fashion_shopper,56,0.6506515491392628,18,New Jersey,2024-07-16,control
U07508,electronics_buyer,56,0.7011753487023484,4,Minnesota,2025-11-16,variant_a
U07509,hybrid,50,0.31309503526351307,8,Louisiana,2024-06-17,variant_b
U07510,hybrid,25,0.5001799728928255,4,Alaska,2025-04-05,variant_b
U07511,hybrid,49,0.6699283493940903,10,Virginia,2025-07-19,variant_b
U07512,fashion_shopper,50,0.6729346248564704,20,Utah,2025-11-30,control
U07513,fashion_shopper,25,0.8126666764796174,4,Florida,2026-04-30,control
U07514,electronics_buyer,63,0.3583935700192995,16,North Carolina,2026-05-04,variant_a
U07515,hybrid,31,0.7933025095271402,12,Nebraska,2024-01-01,variant_b
U07516,fashion_shopper,51,0.49616603255524216,10,Wyoming,2024-09-18,control
U07517,fashion_shopper,25,0.7031554228530413,25,North Carolina,2024-03-17,control
U07518,electronics_buyer,59,0.5101474420587582,11,Tennessee,2024-02-28,variant_b
U07519,fashion_shopper,24,0.9537491528118489,2,Maryland,2025-06-23,control
U07520,fashion_shopper,30,0.26137203826748,16,Texas,2024-05-04,variant_a
U07521,electronics_buyer,38,0.7075045797241214,23,Michigan,2024-12-18,variant_a
U07522,electronics_buyer,64,0.618881500691343,19,Colorado,2023-09-07,variant_a
U07523,electronics_buyer,49,0.25545793685297014,12,Washington,2024-06-21,variant_b
U07524,fashion_shopper,28,0.15940570223050116,4,Kansas,2025-03-13,variant_a
U07525,electronics_buyer,31,0.8192299500744973,17,Indiana,2024-02-13,variant_a
U07526,electronics_buyer,28,0.24170620028163867,12,Wyoming,2024-01-13,variant_a
U07527,electronics_buyer,19,0.2678560145071984,16,Rhode Island,2025-12-26,variant_a
U07528,electronics_buyer,51,0.9805908015901355,3,Ohio,2025-07-21,variant_a
U07529,fashion_shopper,61,0.7455347663289676,2,Massachusetts,2024-02-14,control
U07530,fashion_shopper,64,0.3254381574411003,26,Maine,2025-01-15,control
U07531,fashion_shopper,34,0.6318540641364411,7,Utah,2025-05-16,control
U07532,fashion_shopper,31,0.5807006545622619,6,West Virginia,2024-10-02,control
U07533,electronics_buyer,42,0.8600259407624627,1,Rhode Island,2024-12-19,variant_a
U07534,hybrid,44,0.7563886730493619,15,New York,2024-04-09,variant_b
U07535,electronics_buyer,25,0.8485490129438672,27,New Hampshire,2024-09-27,variant_b
U07536,electronics_buyer,34,0.2903559291796262,12,Minnesota,2023-09-21,variant_b
U07537,fashion_shopper,22,0.6761972839303046,13,South Carolina,2025-03-20,variant_a
U07538,fashion_shopper,29,0.1362167725765423,8,New York,2025-09-24,variant_a
U07539,fashion_shopper,55,0.16204655105129812,9,Oklahoma,2026-03-26,variant_a
U07540,fashion_shopper,35,0.7421743294341375,1,Texas,2025-02-26,control
U07541,fashion_shopper,43,0.12197809237953822,5,North Dakota,2026-05-06,control
U07542,electronics_buyer,48,0.6217885080104583,7,Indiana,2023-08-11,variant_a
U07543,hybrid,54,0.856364588600077,18,Vermont,2025-01-25,variant_b
U07544,fashion_shopper,23,0.44194762757622574,22,Arizona,2023-11-14,control
U07545,fashion_shopper,58,0.14035639315592152,8,Nebraska,2024-03-19,control
U07546,electronics_buyer,32,0.7424627046658542,24,New Mexico,2024-03-29,variant_b
U07547,fashion_shopper,59,0.9367178072177358,26,Texas,2025-10-12,control
U07548,hybrid,43,0.745454252852441,10,West Virginia,2024-05-31,variant_b
U07549,electronics_buyer,29,0.6206025187024977,29,South Dakota,2025-02-20,variant_b
U07550,hybrid,58,0.30702594689115403,8,Montana,2026-01-31,variant_b
U07551,fashion_shopper,64,0.1138380616400473,12,Maryland,2023-11-01,variant_a
U07552,electronics_buyer,31,0.7252048976311479,16,New Jersey,2026-03-07,variant_a
U07553,electronics_buyer,18,0.30792355825986367,12,Kentucky,2024-03-29,variant_a
U07554,electronics_buyer,34,0.8723464094641218,22,New York,2023-11-29,variant_a
U07555,fashion_shopper,50,0.5197277069493502,22,North Dakota,2025-08-21,variant_a
U07556,fashion_shopper,46,0.5775720241352106,27,South Dakota,2023-07-05,control
U07557,electronics_buyer,62,0.77854288983973,3,New Hampshire,2025-04-29,variant_a
U07558,electronics_buyer,48,0.8014875470230088,18,North Carolina,2025-08-03,variant_a
U07559,hybrid,25,0.6783857497725113,5,Pennsylvania,2024-04-12,variant_b
U07560,electronics_buyer,47,0.9445886338714687,14,Texas,2024-07-18,variant_b
U07561,electronics_buyer,30,0.9840685926883774,25,Iowa,2023-06-08,variant_a
U07562,fashion_shopper,33,0.9521968999371552,20,California,2024-08-20,control
U07563,electronics_buyer,19,0.8417612668095492,21,Minnesota,2025-03-24,variant_b
U07564,electronics_buyer,62,0.7350626982198263,16,Kansas,2023-12-23,variant_a
U07565,hybrid,35,0.6969932720935008,22,Nebraska,2023-11-14,variant_b
U07566,hybrid,52,0.19337515922848053,27,Indiana,2026-04-30,variant_b
U07567,fashion_shopper,62,0.34433591213720127,6,Arkansas,2023-08-13,control
U07568,hybrid,36,0.10511940117643934,16,Wisconsin,2024-05-08,variant_b
U07569,fashion_shopper,30,0.2236688832105927,20,Kansas,2023-10-21,control
U07570,fashion_shopper,21,0.4953065294522695,14,New Jersey,2024-12-06,variant_a
U07571,electronics_buyer,36,0.23188289571016601,20,New York,2024-03-13,variant_a
U07572,fashion_shopper,42,0.9114970732090821,24,Washington,2024-08-18,control
U07573,electronics_buyer,55,0.8251292668017538,5,Rhode Island,2025-11-26,variant_b
U07574,fashion_shopper,48,0.1644507208805664,14,New Jersey,2024-09-23,control
U07575,fashion_shopper,53,0.3240223439205394,11,South Carolina,2026-01-22,control
U07576,electronics_buyer,21,0.8371646961503579,21,Ohio,2024-07-19,variant_a
U07577,electronics_buyer,56,0.8227415139038862,9,South Dakota,2023-11-14,variant_b
U07578,hybrid,24,0.9509054951060099,20,Delaware,2023-09-28,variant_b
U07579,electronics_buyer,33,0.9977929854556242,7,Delaware,2025-05-26,variant_b
U07580,electronics_buyer,22,0.9786430569170097,5,Nebraska,2026-02-20,variant_b
U07581,fashion_shopper,64,0.46912418714929727,29,Florida,2025-11-14,variant_a
U07582,fashion_shopper,40,0.325295599421829,15,Washington,2024-10-16,control
U07583,fashion_shopper,53,0.7825691713843562,25,Michigan,2025-11-20,control
U07584,electronics_buyer,49,0.36934560346962775,13,Nevada,2025-11-24,variant_a
U07585,electronics_buyer,41,0.8257603241181968,12,Minnesota,2024-06-03,variant_b
U07586,fashion_shopper,42,0.580559257358132,24,New Mexico,2024-10-24,variant_a
U07587,electronics_buyer,62,0.8145345477114585,15,South Dakota,2023-12-05,variant_b
U07588,electronics_buyer,45,0.3482918917453094,24,Connecticut,2024-11-17,variant_a
U07589,fashion_shopper,36,0.5572245839984388,26,Connecticut,2024-04-15,control
U07590,fashion_shopper,24,0.6076214142419638,26,Washington,2024-04-28,control
U07591,hybrid,61,0.9487972609481189,19,Colorado,2023-07-01,variant_b
U07592,electronics_buyer,58,0.3399378191473756,25,Maryland,2024-07-01,variant_b
U07593,hybrid,34,0.9430194153564052,24,Wyoming,2024-01-07,variant_b
U07594,fashion_shopper,19,0.8243730239191442,19,Indiana,2026-01-09,control
U07595,hybrid,33,0.7578046486780258,10,Alaska,2023-07-27,variant_b
U07596,fashion_shopper,56,0.8081832422666126,17,New Mexico,2025-07-21,control
U07597,fashion_shopper,35,0.6448825412920512,16,Iowa,2025-05-26,control
U07598,hybrid,56,0.3196720094162373,5,New York,2025-11-29,variant_b
U07599,fashion_shopper,18,0.2705454719558675,29,Hawaii,2023-11-27,control
U07600,electronics_buyer,20,0.8797072922653514,4,Arkansas,2024-06-10,variant_a
U07601,fashion_shopper,38,0.7526254623362498,24,Idaho,2025-04-22,control
U07602,electronics_buyer,47,0.29188385448485415,22,California,2024-10-28,variant_a
U07603,hybrid,28,0.6535840292869614,10,Maryland,2026-01-03,variant_b
U07604,fashion_shopper,39,0.5027918332728014,21,New Jersey,2025-01-08,control
U07605,electronics_buyer,64,0.24278965296678454,25,Hawaii,2023-11-22,variant_b
U07606,fashion_shopper,42,0.5786713984214479,6,Vermont,2025-12-14,control
U07607,electronics_buyer,20,0.35336718321977556,29,Nebraska,2023-11-25,variant_a
U07608,fashion_shopper,47,0.1866197117418144,11,Alabama,2024-04-02,control
U07609,fashion_shopper,41,0.5202624686908698,11,North Dakota,2026-04-14,control
U07610,fashion_shopper,62,0.6310976968842057,27,Arkansas,2026-03-10,control
U07611,fashion_shopper,53,0.14221576934303548,16,New Hampshire,2024-11-23,control
U07612,hybrid,40,0.4618834744698972,14,Louisiana,2024-01-07,variant_b
U07613,fashion_shopper,25,0.3318957278530168,27,New Mexico,2025-08-28,variant_a
U07614,fashion_shopper,21,0.12758553163650918,19,Nebraska,2023-12-08,control
U07615,fashion_shopper,56,0.21309629465035523,22,South Carolina,2025-01-10,variant_a
U07616,fashion_shopper,60,0.2251307429365398,28,Kentucky,2024-05-26,control
U07617,electronics_buyer,48,0.26458682330617406,27,Ohio,2024-02-27,variant_b
U07618,hybrid,46,0.8230398142941291,28,Maryland,2025-05-26,variant_b
U07619,fashion_shopper,53,0.4955426798303253,4,Indiana,2025-01-19,variant_a
U07620,hybrid,30,0.2323773930433482,5,Nevada,2023-06-05,variant_b
U07621,electronics_buyer,58,0.19026727023510032,22,Kansas,2025-03-01,variant_a
U07622,fashion_shopper,26,0.36814641285613514,25,Massachusetts,2025-12-11,control
U07623,electronics_buyer,38,0.818213966834007,19,Alaska,2025-07-20,variant_b
U07624,electronics_buyer,20,0.42801386314567913,17,California,2025-03-14,variant_a
U07625,electronics_buyer,42,0.2439076242645443,18,Arizona,2024-11-27,variant_a
U07626,hybrid,42,0.463704563391544,8,Arkansas,2025-05-16,variant_b
U07627,fashion_shopper,29,0.5997804015583518,4,Alaska,2026-03-13,variant_a
U07628,hybrid,46,0.12662576527421246,23,Maryland,2024-11-24,variant_b
U07629,electronics_buyer,28,0.6648776212961558,18,Maine,2025-01-26,variant_b
U07630,electronics_buyer,28,0.4555906777133104,28,Maine,2026-01-17,variant_a
U07631,electronics_buyer,43,0.10875328761807496,11,Utah,2024-07-30,variant_a
U07632,fashion_shopper,31,0.7065004590517427,26,Ohio,2024-02-20,control
U07633,hybrid,33,0.7411488720063834,14,Indiana,2026-02-15,variant_b
U07634,electronics_buyer,27,0.6659558097028145,13,Vermont,2024-06-16,variant_a
U07635,fashion_shopper,48,0.40773719583858004,24,Montana,2025-09-24,control
U07636,fashion_shopper,48,0.5766443686593651,26,Ohio,2024-07-08,control
U07637,electronics_buyer,53,0.4484419355200918,16,Arizona,2025-05-30,variant_a
U07638,fashion_shopper,27,0.730559557143725,28,Pennsylvania,2026-02-04,control
U07639,fashion_shopper,43,0.6252221676103198,12,Indiana,2023-06-04,control
U07640,electronics_buyer,37,0.1736192024447048,9,Indiana,2026-04-16,variant_a
U07641,fashion_shopper,61,0.6787842023970977,7,Hawaii,2025-01-03,control
U07642,fashion_shopper,26,0.7185145729040213,10,New Jersey,2025-04-17,variant_a
U07643,fashion_shopper,32,0.43363196255322944,29,Michigan,2026-01-01,control
U07644,fashion_shopper,26,0.8882072028637339,27,South Dakota,2024-09-10,control
U07645,electronics_buyer,24,0.8587129193604665,17,Idaho,2024-04-25,variant_b
U07646,electronics_buyer,43,0.2576498715097641,18,Kansas,2024-10-12,variant_a
U07647,fashion_shopper,41,0.9138396776372817,25,Texas,2024-03-28,control
U07648,fashion_shopper,29,0.4967851343455698,26,New Hampshire,2024-01-21,control
U07649,electronics_buyer,37,0.751374687370864,7,Minnesota,2025-09-04,variant_a
U07650,fashion_shopper,31,0.8326873062705124,27,West Virginia,2023-10-24,control
U07651,fashion_shopper,39,0.5546011789627209,3,Utah,2024-07-15,control
U07652,fashion_shopper,33,0.4591917454337342,15,New Jersey,2024-02-29,control
U07653,hybrid,46,0.9239062317535885,16,South Carolina,2026-03-03,variant_b
U07654,electronics_buyer,49,0.3077681976418809,21,New Mexico,2024-10-20,variant_b
U07655,electronics_buyer,36,0.33127306994723005,17,Minnesota,2024-06-10,variant_b
U07656,electronics_buyer,52,0.4254582826120934,13,Virginia,2024-04-28,variant_b
U07657,electronics_buyer,60,0.873519200173509,26,New York,2024-05-22,variant_a
U07658,electronics_buyer,49,0.9449094377917683,3,Maine,2023-08-02,variant_a
U07659,electronics_buyer,37,0.2980609432793757,27,Washington,2026-01-07,variant_a
U07660,fashion_shopper,57,0.8774831328681209,20,Oklahoma,2023-08-17,control
U07661,electronics_buyer,37,0.3323826635217124,20,Utah,2023-09-19,variant_a
U07662,electronics_buyer,25,0.9735771220748992,23,Wisconsin,2025-02-02,variant_b
U07663,electronics_buyer,52,0.6376671027834241,5,North Dakota,2025-11-17,variant_a
U07664,fashion_shopper,59,0.10637782070264416,9,Montana,2023-06-20,variant_a
U07665,fashion_shopper,30,0.1307169136640601,23,Alaska,2025-07-05,control
U07666,electronics_buyer,58,0.23273607772423763,18,Alaska,2025-03-14,variant_a
U07667,electronics_buyer,23,0.268815842036881,29,Vermont,2025-07-24,variant_b
U07668,hybrid,64,0.790857210543937,11,West Virginia,2023-06-18,variant_b
U07669,fashion_shopper,33,0.30048928877525494,11,Kentucky,2024-04-06,variant_a
U07670,electronics_buyer,22,0.9722274580448739,16,Connecticut,2024-06-09,variant_b
U07671,electronics_buyer,62,0.6725008514826445,8,Rhode Island,2025-03-05,variant_a
U07672,hybrid,51,0.723265758328166,27,Delaware,2025-01-16,variant_b
U07673,electronics_buyer,23,0.29603486735668677,2,Montana,2025-09-11,variant_a
U07674,electronics_buyer,50,0.9034356826855763,23,Michigan,2025-10-16,variant_a
U07675,electronics_buyer,32,0.7010331155379382,21,Colorado,2025-10-06,variant_a
U07676,electronics_buyer,32,0.8779650619076774,10,Illinois,2025-10-03,variant_b
U07677,hybrid,31,0.9608329875081043,6,Wyoming,2025-07-03,variant_b
U07678,fashion_shopper,56,0.2130768793986368,27,Arkansas,2025-09-09,control
U07679,fashion_shopper,22,0.18692850724205112,4,Hawaii,2025-06-12,control
U07680,hybrid,43,0.8230670439306721,21,Hawaii,2023-11-02,variant_b
U07681,electronics_buyer,34,0.8795134531847533,28,Pennsylvania,2024-05-15,variant_a
U07682,electronics_buyer,60,0.6253852787901871,5,Minnesota,2024-10-21,variant_a
U07683,electronics_buyer,64,0.42940049297546856,23,Florida,2024-07-01,variant_a
U07684,fashion_shopper,33,0.6873666724677013,11,Louisiana,2024-07-31,control
U07685,electronics_buyer,52,0.37509766533321165,12,Colorado,2023-05-21,variant_b
U07686,electronics_buyer,55,0.31454712293812137,16,Connecticut,2025-06-03,variant_b
U07687,fashion_shopper,40,0.5393306885745389,20,Kentucky,2025-08-01,control
U07688,fashion_shopper,30,0.29453844484574176,21,Oregon,2026-01-03,control
U07689,hybrid,50,0.5353332474836556,14,Nevada,2026-05-06,variant_b
U07690,fashion_shopper,46,0.9609458549172147,14,Rhode Island,2025-12-10,control
U07691,hybrid,63,0.8558056320556514,20,Michigan,2025-07-20,variant_b
U07692,fashion_shopper,51,0.9474678275500201,20,Oklahoma,2025-10-12,control
U07693,electronics_buyer,51,0.8256960773626227,15,Nevada,2025-01-06,variant_a
U07694,hybrid,44,0.41927584235164905,8,Oklahoma,2025-05-14,variant_b
U07695,electronics_buyer,32,0.8308407146964032,27,Delaware,2026-04-08,variant_b
U07696,fashion_shopper,26,0.9306241691978926,5,South Carolina,2025-12-21,variant_a
U07697,electronics_buyer,43,0.952332209053349,29,Alabama,2025-12-09,variant_b
U07698,fashion_shopper,20,0.7148780656164974,9,South Carolina,2024-01-07,variant_a
U07699,fashion_shopper,53,0.29022997943360185,21,Mississippi,2025-12-08,control
U07700,hybrid,64,0.1357562380282218,16,Utah,2025-03-14,variant_b
U07701,electronics_buyer,22,0.2324802053441402,24,Kentucky,2025-11-06,variant_b
U07702,electronics_buyer,37,0.9689922261045508,3,South Carolina,2024-03-19,variant_a
U07703,fashion_shopper,37,0.5158871417734925,12,Kansas,2024-09-08,variant_a
U07704,fashion_shopper,22,0.8694874133488517,7,Illinois,2023-11-30,control
U07705,fashion_shopper,27,0.518539738202462,17,Mississippi,2024-03-28,control
U07706,electronics_buyer,33,0.6947358251138555,15,California,2023-06-08,variant_a
U07707,electronics_buyer,42,0.12172669941010028,15,North Dakota,2025-01-31,variant_b
U07708,electronics_buyer,61,0.3248784484474301,12,Illinois,2025-12-24,variant_a
U07709,hybrid,42,0.4926423520383303,21,Virginia,2025-09-11,variant_b
U07710,fashion_shopper,47,0.6675679424387468,2,Illinois,2025-09-08,control
U07711,fashion_shopper,31,0.2543690692478607,8,Colorado,2023-09-27,variant_a
U07712,fashion_shopper,39,0.788096317843441,28,Wisconsin,2025-11-06,control
U07713,fashion_shopper,60,0.42796423552261365,22,Indiana,2024-03-24,variant_a
U07714,fashion_shopper,45,0.835691742310496,5,New Jersey,2024-02-11,control
U07715,hybrid,47,0.18817218135556057,3,Louisiana,2023-09-21,variant_b
U07716,fashion_shopper,36,0.7117809289141347,29,Massachusetts,2023-08-18,control
U07717,hybrid,55,0.3639954998858592,1,Wyoming,2026-01-11,variant_b
U07718,fashion_shopper,59,0.8158448567103561,16,Connecticut,2025-10-07,variant_a
U07719,hybrid,37,0.46195338433816957,10,Indiana,2024-07-16,variant_b
U07720,electronics_buyer,52,0.6988146690372098,26,Iowa,2026-02-25,variant_a
U07721,hybrid,39,0.9408747417728262,10,Wisconsin,2024-05-25,variant_b
U07722,fashion_shopper,32,0.11856396881238793,11,Rhode Island,2026-02-24,control
U07723,electronics_buyer,28,0.11000510410093628,26,South Dakota,2026-03-11,variant_b
U07724,hybrid,51,0.7932513269590421,12,New Mexico,2025-05-13,variant_b
U07725,fashion_shopper,41,0.6817537463572703,8,Hawaii,2023-12-12,control
U07726,fashion_shopper,23,0.3636817484539894,27,Florida,2023-07-04,control
U07727,fashion_shopper,34,0.5449570324968361,5,Louisiana,2025-09-13,variant_a
U07728,hybrid,45,0.13774209903898188,9,Delaware,2024-01-30,variant_b
U07729,electronics_buyer,48,0.2732010448251167,11,Arkansas,2024-01-07,variant_a
U07730,electronics_buyer,53,0.4820467370744508,15,New York,2025-08-16,variant_a
U07731,fashion_shopper,26,0.850639974599334,23,Oklahoma,2023-08-19,control
U07732,fashion_shopper,27,0.5317004645740764,17,Nebraska,2025-08-03,control
U07733,hybrid,38,0.6277262540733808,11,Florida,2024-10-19,variant_b
U07734,fashion_shopper,51,0.8863784127944024,13,Idaho,2024-09-05,control
U07735,electronics_buyer,48,0.37793702222996073,17,Maryland,2024-03-06,variant_a
U07736,hybrid,46,0.7306293889918503,23,Minnesota,2024-07-29,variant_b
U07737,fashion_shopper,60,0.875500532810428,27,Alabama,2024-09-26,control
U07738,electronics_buyer,60,0.28235413062655906,7,North Dakota,2025-07-01,variant_a
U07739,fashion_shopper,28,0.42083034863304924,9,Nebraska,2024-11-23,control
U07740,electronics_buyer,50,0.9818291565004196,18,Washington,2024-02-05,variant_a
U07741,fashion_shopper,63,0.9848967083165899,23,New York,2026-04-15,control
U07742,electronics_buyer,18,0.3009069372645441,18,Arizona,2024-08-12,variant_b
U07743,fashion_shopper,38,0.1598012550033653,10,Arizona,2024-06-17,control
U07744,electronics_buyer,40,0.3438294501790476,12,Utah,2024-05-24,variant_a
U07745,electronics_buyer,26,0.4579587615733186,26,Michigan,2024-08-24,variant_a
U07746,fashion_shopper,18,0.4969050408380473,18,Connecticut,2023-12-13,control
U07747,electronics_buyer,38,0.6569256765973812,21,Montana,2024-12-21,variant_b
U07748,fashion_shopper,39,0.9095524841183917,9,Connecticut,2025-04-03,control
U07749,electronics_buyer,21,0.3973132107164462,9,New Jersey,2025-02-11,variant_a
U07750,fashion_shopper,18,0.8649860819492876,10,Washington,2023-10-31,control
U07751,electronics_buyer,27,0.1841310288339642,1,Oklahoma,2023-10-06,variant_b
U07752,fashion_shopper,32,0.13768722907589326,11,Pennsylvania,2025-05-25,control
U07753,fashion_shopper,53,0.5536406648111152,14,North Carolina,2025-09-05,variant_a
U07754,fashion_shopper,46,0.1536960009975444,23,Montana,2024-08-10,control
U07755,electronics_buyer,63,0.4532408211108072,26,South Carolina,2026-04-05,variant_b
U07756,fashion_shopper,22,0.9071003051823109,10,Connecticut,2026-04-03,control
U07757,hybrid,46,0.31733473258672606,28,Tennessee,2025-10-24,variant_b
U07758,hybrid,64,0.7353781976124129,14,Alabama,2025-09-11,variant_b
U07759,fashion_shopper,64,0.37212885315106026,19,Alabama,2024-02-07,control
U07760,electronics_buyer,44,0.14042804971792205,26,North Carolina,2026-02-04,variant_a
U07761,fashion_shopper,42,0.6010215232692784,10,Maryland,2026-05-17,control
U07762,fashion_shopper,33,0.8513681414830766,17,Connecticut,2025-12-19,variant_a
U07763,electronics_buyer,33,0.4685216035083575,2,Maryland,2023-07-25,variant_b
U07764,electronics_buyer,53,0.6555644438122783,22,Hawaii,2026-02-21,variant_a
U07765,electronics_buyer,42,0.9100212378919533,14,Kansas,2023-11-22,variant_a
U07766,fashion_shopper,58,0.8107250614632889,26,Delaware,2025-11-05,control
U07767,fashion_shopper,18,0.2744887594535374,18,Delaware,2024-09-22,variant_a
U07768,fashion_shopper,22,0.7600455634285052,2,North Carolina,2024-03-15,control
U07769,electronics_buyer,58,0.5517037226441368,20,Maryland,2025-07-22,variant_b
U07770,electronics_buyer,37,0.7713701270974762,19,Hawaii,2025-05-10,variant_a
U07771,electronics_buyer,22,0.5450639954699964,24,Maryland,2023-09-20,variant_b
U07772,fashion_shopper,53,0.21516234769747256,8,South Carolina,2026-02-22,control
U07773,fashion_shopper,46,0.6129185020203153,6,Vermont,2024-07-01,control
U07774,fashion_shopper,51,0.5429205931576059,20,New Hampshire,2025-02-10,control
U07775,fashion_shopper,35,0.5661295602772977,7,West Virginia,2025-07-02,control
U07776,fashion_shopper,19,0.8910122082812832,25,Tennessee,2023-06-13,variant_a
U07777,hybrid,33,0.9053533420356262,13,Virginia,2023-06-15,variant_b
U07778,hybrid,46,0.5081833960891465,2,Michigan,2023-09-23,variant_b
U07779,electronics_buyer,50,0.5101588371520795,22,Virginia,2023-12-09,variant_a
U07780,electronics_buyer,33,0.5636682629853544,7,Montana,2025-02-28,variant_a
U07781,fashion_shopper,52,0.5676303505008312,1,Louisiana,2024-06-06,control
U07782,hybrid,64,0.9553484297612014,6,North Dakota,2023-09-18,variant_b
U07783,fashion_shopper,60,0.6844604206397441,16,Arkansas,2024-11-14,control
U07784,hybrid,59,0.3497112953991496,8,Florida,2024-09-14,variant_b
U07785,electronics_buyer,34,0.5783831172585909,13,Oregon,2024-09-28,variant_a
U07786,fashion_shopper,21,0.6645012246171845,23,Washington,2023-05-26,variant_a
U07787,hybrid,21,0.6757945489125681,18,Florida,2025-01-10,variant_b
U07788,fashion_shopper,42,0.6267288036143644,14,Kansas,2026-03-04,control
U07789,electronics_buyer,50,0.2599625391593836,18,Oregon,2024-10-29,variant_a
U07790,electronics_buyer,31,0.13023387017155674,29,South Carolina,2023-08-19,variant_a
U07791,fashion_shopper,41,0.404058747130169,4,Missouri,2024-10-14,control
U07792,fashion_shopper,28,0.48476993910422816,15,Ohio,2024-05-24,variant_a
U07793,electronics_buyer,42,0.15562381561847796,5,Delaware,2023-10-02,variant_a
U07794,electronics_buyer,45,0.8334706042178615,21,Tennessee,2025-08-17,variant_b
U07795,fashion_shopper,24,0.40966969375924644,14,Utah,2024-06-09,control
U07796,hybrid,53,0.9222694715606542,16,Alabama,2026-01-02,variant_b
U07797,fashion_shopper,27,0.23896909705803865,15,North Dakota,2025-03-28,control
U07798,fashion_shopper,53,0.1512414612435821,11,Tennessee,2025-12-20,control
U07799,fashion_shopper,48,0.5340844939476896,2,Nevada,2023-09-19,control
U07800,fashion_shopper,36,0.270216403143136,23,Maine,2023-12-30,control
U07801,fashion_shopper,35,0.943659348020075,24,New Jersey,2026-04-23,control
U07802,hybrid,23,0.10927305860836506,18,Pennsylvania,2026-04-25,variant_b
U07803,fashion_shopper,45,0.47135770755313144,4,Maryland,2024-04-19,control
U07804,fashion_shopper,24,0.9340729942106515,15,Iowa,2024-07-02,control
U07805,fashion_shopper,55,0.4459763860567916,12,Tennessee,2024-11-29,control
U07806,electronics_buyer,29,0.18379835254041468,27,Connecticut,2023-12-22,variant_b
U07807,hybrid,58,0.3726054485756084,27,Rhode Island,2023-06-13,variant_b
U07808,fashion_shopper,51,0.5482093544509902,3,Texas,2023-11-23,control
U07809,fashion_shopper,42,0.2666365186089998,4,Maryland,2024-12-02,control
U07810,fashion_shopper,34,0.5199055346289357,21,Maryland,2025-04-02,control
U07811,fashion_shopper,50,0.8527088762072538,16,Minnesota,2023-06-05,control
U07812,fashion_shopper,40,0.8853561731769517,6,Illinois,2026-02-24,control
U07813,fashion_shopper,26,0.1443346612396589,2,Arizona,2025-03-06,variant_a
U07814,fashion_shopper,23,0.24481302224731616,26,Oregon,2025-01-08,control
U07815,electronics_buyer,19,0.3477611221901238,22,Pennsylvania,2025-11-15,variant_a
U07816,fashion_shopper,55,0.6353792657988416,9,New York,2024-09-11,control
U07817,hybrid,26,0.42489528291322043,12,Wisconsin,2023-09-16,variant_b
U07818,hybrid,20,0.8596368221014679,12,North Carolina,2025-05-02,variant_b
U07819,electronics_buyer,33,0.7450046814546438,27,Oregon,2024-04-30,variant_a
U07820,fashion_shopper,42,0.1904104208021574,24,North Dakota,2024-01-29,variant_a
U07821,fashion_shopper,41,0.6621017522608821,14,Iowa,2023-09-04,variant_a
U07822,fashion_shopper,64,0.20171136281228058,17,Alabama,2024-02-12,variant_a
U07823,electronics_buyer,46,0.3295321026728141,9,Oklahoma,2025-08-29,variant_b
U07824,electronics_buyer,61,0.26008357018080525,12,Rhode Island,2024-06-02,variant_a
U07825,hybrid,57,0.25575575428063446,27,Iowa,2024-01-06,variant_b
U07826,hybrid,43,0.6547559722991733,10,Rhode Island,2025-12-05,variant_b
U07827,fashion_shopper,55,0.6072444302987453,11,Arizona,2024-04-11,control
U07828,electronics_buyer,52,0.2584253375089542,2,Pennsylvania,2026-01-17,variant_a
U07829,fashion_shopper,40,0.9911555248765886,28,New Jersey,2023-11-04,control
U07830,fashion_shopper,21,0.4796530591314644,16,Michigan,2023-12-07,control
U07831,fashion_shopper,59,0.187362395339443,27,Michigan,2024-05-13,variant_a
U07832,fashion_shopper,31,0.20851211525960361,1,West Virginia,2026-03-12,control
U07833,hybrid,64,0.6255043423539353,22,Nevada,2023-07-13,variant_b
U07834,fashion_shopper,56,0.9811624630451256,29,New Mexico,2026-01-20,control
U07835,electronics_buyer,24,0.614755991457278,1,Kansas,2024-09-18,variant_a
U07836,electronics_buyer,25,0.9541373289549735,22,Kansas,2025-06-09,variant_a
U07837,electronics_buyer,59,0.4997195656822241,2,Utah,2023-11-15,variant_b
U07838,fashion_shopper,36,0.49225699328681083,12,Wisconsin,2024-08-21,variant_a
U07839,hybrid,19,0.5500066233842941,27,Nevada,2025-05-02,variant_b
U07840,electronics_buyer,64,0.7276829123399997,23,California,2025-12-10,variant_a
U07841,fashion_shopper,18,0.4308543698061994,23,Ohio,2024-05-31,variant_a
U07842,fashion_shopper,59,0.8774974294110613,28,Oklahoma,2024-04-03,control
U07843,electronics_buyer,55,0.12635324629133163,20,Montana,2024-12-03,variant_a
U07844,hybrid,30,0.49578777552559816,18,South Dakota,2024-05-13,variant_b
U07845,electronics_buyer,59,0.5598926649819261,12,Kansas,2026-02-01,variant_a
U07846,hybrid,61,0.6463290144367866,27,Arizona,2026-05-07,variant_b
U07847,electronics_buyer,41,0.34846472112927696,23,Florida,2023-07-25,variant_a
U07848,fashion_shopper,49,0.48473197388725187,1,Connecticut,2024-10-30,control
U07849,fashion_shopper,47,0.536083975192651,28,Vermont,2025-08-21,control
U07850,fashion_shopper,23,0.7182189808148919,27,Louisiana,2024-07-24,control
U07851,electronics_buyer,55,0.7961897662622326,11,Connecticut,2025-08-13,variant_b
U07852,electronics_buyer,50,0.7640445946094084,2,North Carolina,2023-08-23,variant_b
U07853,fashion_shopper,61,0.4074247470606268,12,Nebraska,2026-03-25,control
U07854,electronics_buyer,40,0.9995054706927672,2,Virginia,2023-11-24,variant_a
U07855,fashion_shopper,27,0.8637987806084615,17,Ohio,2024-06-09,variant_a
U07856,fashion_shopper,63,0.33402103583047205,25,Virginia,2023-10-22,variant_a
U07857,fashion_shopper,32,0.2755952251055448,6,Georgia,2025-11-03,control
U07858,fashion_shopper,40,0.3826191255250514,16,Indiana,2024-12-25,control
U07859,fashion_shopper,53,0.5071103676996804,19,Rhode Island,2025-11-26,control
U07860,fashion_shopper,18,0.8657194404876525,28,Kansas,2023-11-04,control
U07861,fashion_shopper,25,0.800526037415081,6,Hawaii,2025-01-20,control
U07862,fashion_shopper,20,0.8661215111552885,7,Kansas,2025-09-12,control
U07863,electronics_buyer,31,0.3447614034192956,19,Missouri,2024-11-29,variant_a
U07864,fashion_shopper,34,0.6341151002066525,20,Vermont,2024-08-20,control
U07865,hybrid,51,0.354924156049637,26,Oregon,2023-11-11,variant_b
U07866,fashion_shopper,64,0.19812084464754381,17,New Mexico,2025-07-28,control
U07867,fashion_shopper,23,0.7157779691272126,6,New Jersey,2024-07-23,variant_a
U07868,fashion_shopper,22,0.2286977960758949,15,Connecticut,2025-11-21,variant_a
U07869,fashion_shopper,63,0.7009279855358242,22,New York,2023-06-14,control
U07870,hybrid,58,0.6831678744148683,9,Florida,2025-10-12,variant_b
U07871,fashion_shopper,57,0.8292235999816153,2,Massachusetts,2026-01-13,control
U07872,hybrid,46,0.22559914410720797,5,Georgia,2026-03-11,variant_b
U07873,hybrid,52,0.8051321336579298,21,Florida,2025-05-03,variant_b
U07874,electronics_buyer,35,0.9993488733516134,23,Arizona,2025-08-30,variant_a
U07875,electronics_buyer,57,0.8659382037273119,5,Virginia,2024-01-06,variant_a
U07876,electronics_buyer,47,0.7766308686948996,12,Massachusetts,2023-08-31,variant_a
U07877,fashion_shopper,32,0.6959488192252369,10,Rhode Island,2025-04-11,variant_a
U07878,electronics_buyer,32,0.47960333621688644,4,Connecticut,2025-12-31,variant_a
U07879,fashion_shopper,33,0.757450151102442,12,Maryland,2026-01-29,control
U07880,fashion_shopper,50,0.7517602316264079,15,Illinois,2024-12-13,control
U07881,electronics_buyer,27,0.6683484544185594,10,South Dakota,2023-09-03,variant_a
U07882,electronics_buyer,36,0.8166505404680456,28,Iowa,2024-07-20,variant_a
U07883,hybrid,54,0.5038874995841512,18,Utah,2026-01-06,variant_b
U07884,fashion_shopper,20,0.20912744091915159,24,Georgia,2025-10-26,control
U07885,hybrid,53,0.6031609548483137,5,Pennsylvania,2024-02-22,variant_b
U07886,fashion_shopper,21,0.3385391758402084,13,Hawaii,2025-09-19,control
U07887,fashion_shopper,28,0.4459897876862352,4,South Dakota,2023-10-29,variant_a
U07888,fashion_shopper,58,0.11567341354710342,9,Minnesota,2023-05-31,control
U07889,fashion_shopper,50,0.44451152912609504,18,Illinois,2025-03-14,variant_a
U07890,fashion_shopper,45,0.8279209955219091,3,Rhode Island,2024-02-03,control
U07891,electronics_buyer,49,0.5884501302444294,24,South Carolina,2025-12-13,variant_a
U07892,hybrid,33,0.10882047424057395,11,Iowa,2024-06-24,variant_b
U07893,fashion_shopper,26,0.5228594382158626,4,Indiana,2025-06-11,variant_a
U07894,electronics_buyer,28,0.36230648288086675,9,Oregon,2025-10-21,variant_a
U07895,hybrid,23,0.529795589857454,26,Oklahoma,2024-06-26,variant_b
U07896,electronics_buyer,44,0.46422344930308934,29,California,2024-10-03,variant_b
U07897,electronics_buyer,29,0.9387812976016433,12,South Dakota,2026-04-13,variant_a
U07898,fashion_shopper,39,0.13705956906671424,26,Hawaii,2025-07-19,control
U07899,hybrid,57,0.715229210153739,10,Montana,2025-03-24,variant_b
U07900,electronics_buyer,54,0.8659239366715673,10,Nevada,2023-08-11,variant_a
U07901,fashion_shopper,38,0.9633147261854279,9,Utah,2025-12-10,control
U07902,fashion_shopper,50,0.2598726038898663,10,Vermont,2023-12-24,control
U07903,hybrid,34,0.5781743217695745,9,North Carolina,2023-12-02,variant_b
U07904,fashion_shopper,46,0.13923061958549074,1,Oregon,2024-09-04,control
U07905,hybrid,57,0.5492651720095797,22,South Carolina,2026-05-10,variant_b
U07906,fashion_shopper,27,0.21291228058688372,16,Kansas,2026-04-26,control
U07907,electronics_buyer,35,0.854107007228842,26,Idaho,2025-03-15,variant_b
U07908,fashion_shopper,64,0.20248300234482836,14,Connecticut,2025-05-23,variant_a
U07909,electronics_buyer,30,0.5619595243478458,13,Kansas,2024-11-01,variant_a
U07910,hybrid,44,0.5689864620934784,6,Connecticut,2025-08-26,variant_b
U07911,fashion_shopper,27,0.9744854481384448,14,Mississippi,2025-12-16,variant_a
U07912,electronics_buyer,49,0.6894826246349993,8,California,2024-05-17,variant_a
U07913,fashion_shopper,58,0.3590562637691217,23,Oregon,2025-03-01,control
U07914,fashion_shopper,62,0.31671937894432467,23,Florida,2024-12-08,control
U07915,fashion_shopper,20,0.21542338508055842,18,Tennessee,2025-10-03,control
U07916,electronics_buyer,39,0.7808632516441536,29,Indiana,2024-05-13,variant_b
U07917,fashion_shopper,44,0.7216809905641047,28,Indiana,2025-12-18,control
U07918,fashion_shopper,20,0.6488894145772953,27,West Virginia,2025-08-07,control
U07919,fashion_shopper,50,0.1367563986549895,20,Kentucky,2023-10-21,variant_a
U07920,electronics_buyer,19,0.7865459797548651,1,Pennsylvania,2026-01-23,variant_a
U07921,electronics_buyer,28,0.6776988194336313,12,Alabama,2024-03-23,variant_b
U07922,fashion_shopper,63,0.9674999812994395,27,Kentucky,2024-05-01,control
U07923,fashion_shopper,27,0.6284819168891309,11,Idaho,2025-02-23,control
U07924,hybrid,56,0.3735567159955373,13,Arizona,2026-03-30,variant_b
U07925,fashion_shopper,50,0.44336849697038827,23,Tennessee,2026-03-30,control
U07926,hybrid,24,0.2582566348404093,4,Delaware,2024-04-10,variant_b
U07927,hybrid,32,0.7506227639812466,25,Virginia,2023-10-10,variant_b
U07928,electronics_buyer,43,0.7369494940195528,6,West Virginia,2025-09-13,variant_b
U07929,fashion_shopper,28,0.28058501392990864,22,Georgia,2025-04-22,control
U07930,hybrid,55,0.24264039086405076,25,Arizona,2024-12-02,variant_b
U07931,electronics_buyer,44,0.16930443988197513,13,South Dakota,2026-01-12,variant_b
U07932,electronics_buyer,56,0.9207781693135827,24,Nevada,2025-11-22,variant_a
U07933,fashion_shopper,24,0.309762850325366,22,Vermont,2025-08-25,control
U07934,fashion_shopper,18,0.40974717407662353,13,Arizona,2024-04-23,control
U07935,fashion_shopper,27,0.35245405753974157,6,Wisconsin,2024-01-19,control
U07936,electronics_buyer,38,0.472262142349712,22,Hawaii,2025-03-09,variant_a
U07937,electronics_buyer,32,0.742643919444235,4,Vermont,2024-08-14,variant_a
U07938,fashion_shopper,47,0.883536070353656,21,Utah,2023-06-13,variant_a
U07939,electronics_buyer,47,0.26433887457568617,3,Connecticut,2023-05-30,variant_a
U07940,fashion_shopper,25,0.7177711093670486,25,Arkansas,2025-10-15,variant_a
U07941,electronics_buyer,41,0.4173059280182366,15,West Virginia,2025-11-18,variant_a
U07942,hybrid,36,0.9824744514675635,11,New Hampshire,2025-05-15,variant_b
U07943,fashion_shopper,20,0.36902724335566917,2,Minnesota,2024-11-02,control
U07944,fashion_shopper,32,0.10647366040707397,27,New Mexico,2024-07-08,variant_a
U07945,fashion_shopper,53,0.5640759766178607,23,California,2026-04-21,control
U07946,electronics_buyer,23,0.23565797584834397,17,New Hampshire,2025-03-25,variant_a
U07947,electronics_buyer,59,0.1400449841365592,26,Maine,2025-05-23,variant_b
U07948,hybrid,35,0.7284423087529377,28,Utah,2025-09-24,variant_b
U07949,fashion_shopper,55,0.7590333542576109,23,Arizona,2024-12-03,control
U07950,hybrid,36,0.5146291118048523,2,Oklahoma,2024-07-08,variant_b
U07951,fashion_shopper,47,0.7091969650809196,21,New York,2025-09-17,control
U07952,electronics_buyer,30,0.5844155034224205,1,Mississippi,2024-08-30,variant_a
U07953,fashion_shopper,56,0.6668209969497385,5,Arkansas,2025-07-23,control
U07954,hybrid,29,0.6370335758691651,27,Tennessee,2025-04-02,variant_b
U07955,electronics_buyer,51,0.6992404876500331,20,Wyoming,2024-11-26,variant_a
U07956,electronics_buyer,29,0.27966758380585416,17,California,2024-11-20,variant_a
U07957,hybrid,61,0.3418359580330302,28,South Carolina,2026-04-19,variant_b
U07958,fashion_shopper,41,0.4959668345569228,1,West Virginia,2025-11-30,control
U07959,fashion_shopper,21,0.5015152084772678,7,Connecticut,2024-09-25,control
U07960,hybrid,53,0.7969705404282138,29,Mississippi,2025-02-14,variant_b
U07961,fashion_shopper,31,0.4306542933065789,3,Virginia,2026-01-07,control
U07962,fashion_shopper,34,0.24625464045326415,26,Wisconsin,2025-03-24,control
U07963,electronics_buyer,20,0.3263193734419683,16,Maine,2024-12-10,variant_a
U07964,electronics_buyer,55,0.2932601521458056,16,Idaho,2024-11-13,variant_a
U07965,fashion_shopper,40,0.7584940173304198,12,Virginia,2024-11-09,control
U07966,fashion_shopper,30,0.5233056531633838,9,Minnesota,2024-08-09,control
U07967,fashion_shopper,26,0.7377676281738851,25,Washington,2025-01-15,control
U07968,fashion_shopper,38,0.47459771268186424,14,New Mexico,2026-01-28,variant_a
U07969,hybrid,58,0.9007620422535146,12,Montana,2024-05-21,variant_b
U07970,hybrid,25,0.9851682769504612,26,Arizona,2025-01-18,variant_b
U07971,electronics_buyer,34,0.7028582578323505,27,Virginia,2024-03-11,variant_a
U07972,fashion_shopper,33,0.877431301512597,25,Iowa,2026-01-24,control
U07973,hybrid,33,0.5571399404548564,16,Hawaii,2024-03-26,variant_b
U07974,electronics_buyer,45,0.9411587563185171,17,Wyoming,2024-10-01,variant_a
U07975,fashion_shopper,33,0.8484278371055451,12,Kentucky,2024-01-12,control
U07976,hybrid,63,0.9926007145894352,4,Vermont,2023-07-03,variant_b
U07977,electronics_buyer,63,0.6607843617950026,17,Georgia,2024-03-28,variant_b
U07978,electronics_buyer,31,0.8012860662414057,1,New York,2025-06-27,variant_b
U07979,electronics_buyer,63,0.5885813259803921,25,Illinois,2024-09-15,variant_b
U07980,fashion_shopper,61,0.3332080938442806,21,Nevada,2024-08-15,control
U07981,fashion_shopper,55,0.419279654016782,17,Alabama,2023-09-13,control
U07982,electronics_buyer,37,0.9046048732581845,11,Nevada,2023-08-03,variant_b
U07983,fashion_shopper,62,0.15035315193875853,19,Oregon,2024-07-20,control
U07984,fashion_shopper,58,0.6323318974669674,23,Kentucky,2024-08-27,variant_a
U07985,electronics_buyer,51,0.43523562925369785,18,Arkansas,2023-08-20,variant_b
U07986,electronics_buyer,46,0.44802328420500015,20,Florida,2024-09-04,variant_b
U07987,electronics_buyer,20,0.8961140857723906,2,Wyoming,2025-03-28,variant_a
U07988,electronics_buyer,27,0.868440137091604,9,Louisiana,2025-06-16,variant_b
U07989,hybrid,37,0.6389581380152218,28,Illinois,2025-10-09,variant_b
U07990,electronics_buyer,19,0.3456269626639005,9,Washington,2025-11-15,variant_a
U07991,fashion_shopper,44,0.5279107115458217,12,Ohio,2023-11-26,control
U07992,fashion_shopper,49,0.4674640544102945,13,Hawaii,2025-02-15,control
U07993,fashion_shopper,27,0.4182562262822458,16,Wisconsin,2024-08-02,control
U07994,fashion_shopper,57,0.19250702070156678,29,Nebraska,2025-05-09,control
U07995,fashion_shopper,34,0.5888024980437884,13,Ohio,2023-09-20,control
U07996,fashion_shopper,50,0.37164816808703527,23,Arkansas,2025-01-27,control
U07997,electronics_buyer,23,0.6947271486347756,14,Connecticut,2024-10-20,variant_a
U07998,hybrid,56,0.3872835422429777,7,Ohio,2023-12-20,variant_b
U07999,fashion_shopper,64,0.4880471438213215,2,Texas,2023-11-07,control
U08000,electronics_buyer,35,0.14712433677496678,12,Rhode Island,2026-02-12,variant_b
U08001,electronics_buyer,26,0.9932842629149299,26,Alaska,2025-08-31,variant_b
U08002,fashion_shopper,25,0.5568493449476583,28,South Carolina,2024-04-06,control
U08003,hybrid,42,0.12181383474775553,24,South Dakota,2025-11-12,variant_b
U08004,electronics_buyer,48,0.5871075928850297,17,Kentucky,2024-05-12,variant_a
U08005,fashion_shopper,59,0.8833185993750847,24,Wisconsin,2025-03-03,variant_a
U08006,electronics_buyer,21,0.7952969208395824,5,Oklahoma,2024-10-11,variant_b
U08007,fashion_shopper,37,0.7308160157165087,29,Hawaii,2024-01-25,control
U08008,electronics_buyer,45,0.2255181891391314,20,New Mexico,2024-07-21,variant_b
U08009,fashion_shopper,57,0.6919633710887251,10,North Carolina,2026-02-08,control
U08010,hybrid,18,0.7896685402110343,18,Washington,2023-09-24,variant_b
U08011,fashion_shopper,57,0.6151771575689469,3,Ohio,2025-11-11,variant_a
U08012,electronics_buyer,61,0.9034741040683164,13,New York,2025-12-14,variant_a
U08013,fashion_shopper,40,0.34929080360639686,13,Rhode Island,2025-09-15,control
U08014,electronics_buyer,64,0.31793022976532553,10,Utah,2024-03-23,variant_b
U08015,electronics_buyer,30,0.8826127704483815,29,Utah,2025-06-27,variant_b
U08016,electronics_buyer,33,0.6628584186923072,2,Idaho,2024-01-15,variant_a
U08017,electronics_buyer,43,0.1013024984688994,27,West Virginia,2024-12-22,variant_a
U08018,electronics_buyer,48,0.41781826765994723,28,West Virginia,2024-03-25,variant_a
U08019,hybrid,18,0.8720703872332071,16,Kansas,2024-05-25,variant_b
U08020,electronics_buyer,34,0.12458756047756897,4,Kentucky,2023-11-19,variant_a
U08021,hybrid,33,0.102923135435358,19,Georgia,2025-11-17,variant_b
U08022,hybrid,54,0.35313336147261676,5,Idaho,2024-07-03,variant_b
U08023,fashion_shopper,27,0.92260003330835,7,Rhode Island,2025-06-20,variant_a
U08024,fashion_shopper,55,0.9113298233230147,9,Missouri,2025-10-23,control
U08025,fashion_shopper,61,0.5668857512213571,5,Wyoming,2023-09-23,variant_a
U08026,hybrid,48,0.5979131840256604,8,Utah,2024-01-01,variant_b
U08027,fashion_shopper,27,0.39880721018546994,2,Oklahoma,2026-01-20,control
U08028,electronics_buyer,51,0.3193629958250289,22,Maine,2025-06-29,variant_a
U08029,hybrid,23,0.8336996687909064,24,Idaho,2023-08-01,variant_b
U08030,fashion_shopper,45,0.1956653744496773,25,Maine,2026-05-04,variant_a
U08031,electronics_buyer,45,0.5386189337907722,27,North Carolina,2023-09-18,variant_a
U08032,fashion_shopper,30,0.670957533547376,20,South Carolina,2026-03-12,control
U08033,fashion_shopper,58,0.19331226133392632,20,Massachusetts,2025-06-26,control
U08034,electronics_buyer,29,0.5676463859251116,7,Indiana,2024-02-09,variant_b
U08035,fashion_shopper,57,0.6197691591211989,29,Colorado,2025-11-25,control
U08036,fashion_shopper,19,0.7682464544566283,4,New Hampshire,2025-06-14,control
U08037,hybrid,25,0.3113524442327796,21,Colorado,2023-10-02,variant_b
U08038,fashion_shopper,59,0.3639947529616825,15,Missouri,2025-09-23,variant_a
U08039,hybrid,26,0.6125690319697301,18,Utah,2025-08-18,variant_b
U08040,hybrid,25,0.9848137689834527,2,New York,2024-01-12,variant_b
U08041,fashion_shopper,20,0.295743864538103,27,Mississippi,2025-02-20,control
U08042,fashion_shopper,26,0.9873134444111176,14,Alaska,2023-12-15,control
U08043,electronics_buyer,30,0.7429082797490332,10,Missouri,2026-03-17,variant_b
U08044,electronics_buyer,26,0.8434738626670208,5,South Dakota,2026-04-28,variant_a
U08045,fashion_shopper,48,0.1806771414127053,12,Oklahoma,2026-02-07,control
U08046,electronics_buyer,42,0.370378168687569,10,Maryland,2023-11-21,variant_b
U08047,fashion_shopper,61,0.15196265168588297,26,New York,2023-12-23,control
U08048,hybrid,62,0.43439229550285774,29,Idaho,2025-06-07,variant_b
U08049,fashion_shopper,25,0.9831606939280467,18,Kentucky,2023-08-24,control
U08050,fashion_shopper,64,0.19474575598570465,28,Indiana,2025-04-13,control
U08051,fashion_shopper,48,0.6061355041340796,6,Illinois,2023-11-27,control
U08052,hybrid,62,0.1054635605324311,28,Nebraska,2024-12-27,variant_b
U08053,electronics_buyer,62,0.7414145344396564,22,Massachusetts,2025-03-07,variant_b
U08054,hybrid,48,0.27747342313483697,12,Maine,2023-11-02,variant_b
U08055,fashion_shopper,34,0.21662608341228662,24,Louisiana,2023-07-29,variant_a
U08056,fashion_shopper,64,0.4033160309447089,28,New Mexico,2024-10-31,control
U08057,fashion_shopper,36,0.7939398681450834,1,Alaska,2025-06-02,control
U08058,electronics_buyer,20,0.19595177768008973,7,New Jersey,2026-01-24,variant_a
U08059,electronics_buyer,63,0.30685509621882584,12,New Mexico,2026-03-31,variant_a
U08060,electronics_buyer,47,0.10761797945557859,7,Idaho,2025-11-22,variant_a
U08061,fashion_shopper,27,0.9715733764260562,9,Minnesota,2023-08-11,control
U08062,hybrid,46,0.6329310399899775,20,Arizona,2023-09-17,variant_b
U08063,fashion_shopper,57,0.7479096727462295,15,New Hampshire,2025-04-19,control
U08064,hybrid,35,0.686244854040413,23,Vermont,2026-03-14,variant_b
U08065,fashion_shopper,29,0.22992810298270694,12,Wyoming,2023-06-14,control
U08066,electronics_buyer,40,0.6354459450945947,13,California,2024-01-11,variant_a
U08067,fashion_shopper,28,0.2182740356271359,22,Idaho,2024-02-18,control
U08068,fashion_shopper,26,0.46111280856681514,4,Virginia,2024-02-28,variant_a
U08069,electronics_buyer,41,0.6120668223327637,10,South Dakota,2025-12-16,variant_a
U08070,fashion_shopper,42,0.6029930026919403,28,Maine,2023-06-21,variant_a
U08071,fashion_shopper,42,0.20716608338446685,24,Massachusetts,2024-07-13,variant_a
U08072,electronics_buyer,64,0.13099237268186997,3,West Virginia,2023-06-01,variant_b
U08073,electronics_buyer,26,0.8184108824864325,24,New Jersey,2025-12-19,variant_b
U08074,hybrid,29,0.7533301932964048,29,Mississippi,2024-08-12,variant_b
U08075,fashion_shopper,28,0.17363701410826426,5,Colorado,2026-05-19,control
U08076,electronics_buyer,55,0.21467396692139812,4,Nebraska,2026-04-14,variant_a
U08077,electronics_buyer,45,0.9033253987506582,19,Kansas,2023-11-01,variant_a
U08078,fashion_shopper,25,0.792216011459602,15,Alabama,2025-09-26,variant_a
U08079,electronics_buyer,27,0.9965442665950067,28,Arizona,2025-02-16,variant_a
U08080,fashion_shopper,42,0.32858870428451953,26,Pennsylvania,2025-08-27,control
U08081,fashion_shopper,64,0.5390226899819335,23,Wisconsin,2024-11-12,control
U08082,fashion_shopper,53,0.3128136184561201,29,New Mexico,2024-10-27,control
U08083,fashion_shopper,60,0.6605201246295788,7,Maryland,2025-10-04,control
U08084,electronics_buyer,26,0.2038728151821862,29,New Jersey,2023-07-05,variant_b
U08085,electronics_buyer,58,0.21451885546872979,22,Minnesota,2025-04-23,variant_a
U08086,hybrid,25,0.16469910226461038,3,New Hampshire,2026-03-28,variant_b
U08087,electronics_buyer,20,0.7242274740377502,25,Rhode Island,2024-04-03,variant_b
U08088,fashion_shopper,35,0.5446653196898861,27,North Carolina,2023-11-05,control
U08089,hybrid,63,0.655958094719167,16,Iowa,2026-01-10,variant_b
U08090,hybrid,52,0.891370941930423,15,Arizona,2024-11-30,variant_b
U08091,fashion_shopper,34,0.7662956362798228,18,Alabama,2023-11-15,variant_a
U08092,electronics_buyer,53,0.5155506263500219,3,North Carolina,2024-05-22,variant_a
U08093,hybrid,45,0.9859203895548038,14,Ohio,2023-12-26,variant_b
U08094,electronics_buyer,32,0.5106304910277759,1,Montana,2025-02-18,variant_a
U08095,hybrid,36,0.20120560591017989,7,Kentucky,2024-09-27,variant_b
U08096,fashion_shopper,39,0.9933892725274444,2,Wyoming,2024-04-06,control
U08097,fashion_shopper,23,0.12053865701336258,10,Indiana,2024-08-09,control
U08098,fashion_shopper,64,0.594895203538977,24,Louisiana,2025-11-20,variant_a
U08099,electronics_buyer,24,0.37818593982973836,25,Mississippi,2023-11-10,variant_a
U08100,hybrid,61,0.5531969359152863,16,Michigan,2024-12-17,variant_b
U08101,hybrid,26,0.6028416573350694,12,Alabama,2024-10-20,variant_b
U08102,fashion_shopper,37,0.31608630665063886,27,Louisiana,2023-08-24,variant_a
U08103,fashion_shopper,54,0.6011728801635357,18,Tennessee,2025-08-10,control
U08104,hybrid,28,0.7804550008049838,6,Kentucky,2026-03-15,variant_b
U08105,electronics_buyer,19,0.33985885351959855,27,Wisconsin,2025-06-24,variant_a
U08106,fashion_shopper,39,0.4450835199825164,17,Indiana,2024-08-22,control
U08107,electronics_buyer,53,0.34141842384765214,8,New Mexico,2024-09-06,variant_a
U08108,electronics_buyer,22,0.8385037578893823,21,Vermont,2026-01-17,variant_b
U08109,electronics_buyer,24,0.752484033288637,9,South Dakota,2026-04-06,variant_b
U08110,electronics_buyer,23,0.8840767934965666,19,Ohio,2024-04-25,variant_a
U08111,fashion_shopper,39,0.25304490361149334,2,Maryland,2025-07-20,control
U08112,hybrid,27,0.16622167434377638,7,Kentucky,2023-11-11,variant_b
U08113,electronics_buyer,63,0.207445153472806,11,New Jersey,2024-11-07,variant_a
U08114,fashion_shopper,57,0.24491649954181277,23,Oklahoma,2023-12-20,variant_a
U08115,fashion_shopper,63,0.5797743946073222,13,California,2026-02-26,control
U08116,electronics_buyer,63,0.9738208633264883,10,Idaho,2024-04-13,variant_b
U08117,fashion_shopper,37,0.4215118749551039,15,South Carolina,2025-03-04,control
U08118,fashion_shopper,45,0.9626574424241846,21,New York,2026-05-02,control
U08119,electronics_buyer,40,0.13438071549026176,7,Nevada,2025-09-05,variant_a
U08120,fashion_shopper,52,0.9341849825331925,28,Pennsylvania,2025-07-06,control
U08121,electronics_buyer,18,0.2630373465744741,6,Minnesota,2025-09-27,variant_a
U08122,fashion_shopper,46,0.921227487147414,25,Kansas,2023-07-02,control
U08123,electronics_buyer,26,0.15060468710391506,12,Nebraska,2026-04-05,variant_a
U08124,fashion_shopper,26,0.9533975027455294,3,Rhode Island,2024-09-29,control
U08125,fashion_shopper,39,0.28071843788697476,16,Hawaii,2024-11-09,control
U08126,fashion_shopper,19,0.37244265406584465,20,Louisiana,2024-12-02,control
U08127,hybrid,33,0.5418481096926623,9,South Dakota,2026-02-04,variant_b
U08128,hybrid,57,0.44264879311192773,10,Oklahoma,2025-06-25,variant_b
U08129,fashion_shopper,23,0.700775172336835,13,Minnesota,2024-03-17,control
U08130,electronics_buyer,30,0.9773269905250695,8,Alabama,2024-06-11,variant_b
U08131,electronics_buyer,50,0.6457838417244466,26,Colorado,2024-05-24,variant_a
U08132,hybrid,36,0.7493368684928944,6,Alaska,2024-05-28,variant_b
U08133,fashion_shopper,32,0.17920472527513137,28,Arizona,2026-03-12,variant_a
U08134,electronics_buyer,50,0.6650311861630048,3,Minnesota,2025-02-10,variant_b
U08135,fashion_shopper,27,0.5084647993417719,12,Arizona,2025-07-09,control
U08136,fashion_shopper,18,0.8972041221276655,9,Alabama,2025-08-18,variant_a
U08137,hybrid,29,0.44938998967879173,9,Florida,2024-12-07,variant_b
U08138,electronics_buyer,60,0.7115087296449272,11,California,2026-01-22,variant_a
U08139,fashion_shopper,46,0.3053383554331712,6,Louisiana,2024-06-29,control
U08140,fashion_shopper,34,0.33343528017177637,2,Kansas,2024-10-16,control
U08141,electronics_buyer,21,0.43851018783004625,7,Alaska,2026-01-19,variant_b
U08142,electronics_buyer,46,0.37365718375585244,9,Georgia,2025-03-30,variant_a
U08143,fashion_shopper,24,0.3284909554510673,25,Arizona,2026-04-06,variant_a
U08144,hybrid,61,0.1447018353107284,19,Idaho,2025-06-13,variant_b
U08145,fashion_shopper,30,0.8530716985772131,18,Kansas,2025-09-06,control
U08146,fashion_shopper,22,0.1578713778021559,12,Vermont,2024-02-25,control
U08147,hybrid,23,0.8986289640426709,21,Arkansas,2025-07-18,variant_b
U08148,fashion_shopper,51,0.21291885016125423,11,Minnesota,2024-09-19,control
U08149,fashion_shopper,24,0.15873556335639313,10,Illinois,2024-02-23,control
U08150,electronics_buyer,63,0.6067042875826274,29,Florida,2024-03-13,variant_a
U08151,hybrid,45,0.5521976133172496,23,New Mexico,2023-11-22,variant_b
U08152,fashion_shopper,63,0.5421111119486967,3,North Carolina,2023-11-27,control
U08153,hybrid,27,0.617053894751258,12,Colorado,2023-11-15,variant_b
U08154,electronics_buyer,21,0.3583509455072402,4,North Carolina,2024-07-29,variant_b
U08155,fashion_shopper,20,0.6966543460866501,10,Nevada,2025-02-09,control
U08156,electronics_buyer,42,0.5521619977364649,2,Indiana,2025-06-05,variant_b
U08157,fashion_shopper,40,0.4012691202615928,12,Maryland,2023-07-31,variant_a
U08158,fashion_shopper,44,0.8438506002826552,28,Arkansas,2024-10-06,variant_a
U08159,electronics_buyer,31,0.7549489866940391,11,Minnesota,2023-06-17,variant_b
U08160,hybrid,55,0.4542493077501598,14,Rhode Island,2026-05-16,variant_b
U08161,fashion_shopper,49,0.8628560067059855,15,Virginia,2024-08-27,control
U08162,fashion_shopper,40,0.9282324251005968,14,Iowa,2023-05-27,variant_a
U08163,electronics_buyer,64,0.5831796403759263,26,Oklahoma,2025-03-26,variant_a
U08164,fashion_shopper,57,0.2934572051412287,29,Maine,2023-11-30,variant_a
U08165,fashion_shopper,54,0.9242129408922882,12,Kentucky,2024-09-30,variant_a
U08166,fashion_shopper,20,0.2705316580859655,29,Iowa,2025-03-31,control
U08167,electronics_buyer,52,0.14358090377554225,2,West Virginia,2024-06-12,variant_b
U08168,fashion_shopper,30,0.39473830798581777,23,Idaho,2025-09-05,variant_a
U08169,fashion_shopper,51,0.7542697100149358,2,Rhode Island,2025-02-04,control
U08170,hybrid,41,0.9309466777181945,1,Texas,2023-05-29,variant_b
U08171,hybrid,18,0.6735570821329959,20,Utah,2025-09-19,variant_b
U08172,electronics_buyer,29,0.956654692269994,15,Mississippi,2025-08-26,variant_a
U08173,fashion_shopper,25,0.18313375534830695,22,Louisiana,2025-07-31,control
U08174,electronics_buyer,36,0.15467835662921806,10,Idaho,2025-11-10,variant_a
U08175,fashion_shopper,26,0.6437727556692976,26,Virginia,2023-09-26,control
U08176,fashion_shopper,45,0.9695046902434793,20,California,2024-03-04,control
U08177,electronics_buyer,31,0.5524491780592516,1,Virginia,2024-03-07,variant_b
U08178,fashion_shopper,44,0.14636370334537463,1,Maine,2024-08-30,control
U08179,fashion_shopper,35,0.29909679046971055,25,West Virginia,2023-06-01,control
U08180,fashion_shopper,59,0.3203136157741936,1,Nevada,2023-07-04,control
U08181,fashion_shopper,58,0.40407141622325504,23,Nevada,2024-02-17,control
U08182,fashion_shopper,23,0.13924304522759137,11,Connecticut,2025-02-28,control
U08183,hybrid,50,0.9144034304481247,28,New Jersey,2026-02-04,variant_b
U08184,fashion_shopper,54,0.5640075502493458,28,South Carolina,2025-01-04,control
U08185,fashion_shopper,59,0.7038377136586982,12,Minnesota,2025-01-17,control
U08186,fashion_shopper,42,0.16045555320550808,15,Colorado,2023-11-09,control
U08187,hybrid,30,0.14870392102328447,14,Nevada,2025-09-10,variant_b
U08188,electronics_buyer,40,0.6278209948364925,23,Florida,2025-11-20,variant_a
U08189,fashion_shopper,53,0.8985664094537872,1,Tennessee,2026-02-21,variant_a
U08190,hybrid,50,0.5756338008635923,1,Vermont,2025-08-19,variant_b
U08191,fashion_shopper,38,0.8900372553130643,6,Iowa,2025-06-04,variant_a
U08192,fashion_shopper,51,0.8298921457497154,24,Ohio,2026-02-02,control
U08193,fashion_shopper,53,0.16826840721542868,23,Iowa,2024-09-18,control
U08194,fashion_shopper,34,0.2817617269471209,22,Wisconsin,2024-02-04,variant_a
U08195,fashion_shopper,27,0.6919396022398082,26,Georgia,2026-04-25,control
U08196,electronics_buyer,40,0.49915124429503743,3,Kentucky,2026-02-05,variant_b
U08197,fashion_shopper,61,0.36162983228222856,14,Hawaii,2025-09-05,control
U08198,electronics_buyer,19,0.4767704704431812,28,New Jersey,2024-11-02,variant_a
U08199,fashion_shopper,52,0.5006796816435709,27,Wisconsin,2023-06-06,control
U08200,fashion_shopper,31,0.9194970257394368,23,Utah,2025-02-06,control
U08201,fashion_shopper,64,0.19311245533445773,6,West Virginia,2024-06-21,variant_a
U08202,hybrid,62,0.3517576721268535,8,Arkansas,2024-07-13,variant_b
U08203,fashion_shopper,58,0.5838083349244425,20,Washington,2024-06-02,variant_a
U08204,electronics_buyer,19,0.7284582339675325,25,New Hampshire,2025-05-10,variant_a
U08205,fashion_shopper,36,0.6675735600633192,15,New Hampshire,2025-09-01,control
U08206,fashion_shopper,33,0.947478463963655,17,Louisiana,2024-06-07,control
U08207,fashion_shopper,60,0.8160480323375259,28,Maine,2026-01-05,control
U08208,fashion_shopper,61,0.6013691577769873,29,Missouri,2023-09-06,control
U08209,fashion_shopper,42,0.29321442250615676,23,Maryland,2024-04-08,control
U08210,fashion_shopper,18,0.5057868082620158,9,Louisiana,2024-08-05,control
U08211,electronics_buyer,19,0.7240440197750296,16,Mississippi,2024-03-20,variant_b
U08212,fashion_shopper,44,0.8541659573524765,26,Wyoming,2023-12-08,control
U08213,electronics_buyer,19,0.9637626019801486,1,Missouri,2023-10-12,variant_a
U08214,fashion_shopper,47,0.6449074895241259,26,Connecticut,2025-04-29,variant_a
U08215,electronics_buyer,27,0.5742274305739892,16,Mississippi,2024-03-18,variant_a
U08216,electronics_buyer,36,0.11592273080903348,19,Kansas,2024-08-17,variant_a
U08217,fashion_shopper,59,0.16488916223516195,23,Georgia,2025-12-12,control
U08218,fashion_shopper,33,0.24049449787366026,9,New York,2025-12-24,control
U08219,electronics_buyer,30,0.14928393807066528,17,Oklahoma,2024-02-28,variant_b
U08220,hybrid,25,0.46077691492443384,6,Hawaii,2025-08-13,variant_b
U08221,fashion_shopper,48,0.4031906906249849,27,Alaska,2023-07-19,control
U08222,fashion_shopper,62,0.6736187420815536,14,Hawaii,2025-11-02,control
U08223,hybrid,42,0.5820985971400625,18,Iowa,2025-12-28,variant_b
U08224,fashion_shopper,56,0.6363736834490737,21,Alabama,2024-08-09,variant_a
U08225,electronics_buyer,38,0.5247794826438887,14,Connecticut,2024-01-24,variant_a
U08226,fashion_shopper,55,0.3499634336988314,23,Montana,2025-04-20,variant_a
U08227,fashion_shopper,58,0.9575427834518293,7,Mississippi,2023-11-29,control
U08228,electronics_buyer,46,0.1777682437841251,10,New York,2024-06-29,variant_a
U08229,electronics_buyer,23,0.9450018995187764,16,Nebraska,2024-01-24,variant_a
U08230,fashion_shopper,35,0.3801142421782612,7,Michigan,2025-06-01,control
U08231,electronics_buyer,61,0.5613953008305677,28,Oregon,2025-12-16,variant_a
U08232,electronics_buyer,52,0.19795809054479152,20,Vermont,2024-03-23,variant_b
U08233,electronics_buyer,44,0.16383796153390834,28,New York,2023-12-29,variant_a
U08234,fashion_shopper,22,0.48659090384674264,6,Alaska,2025-06-27,control
U08235,electronics_buyer,24,0.7675276387417104,27,Idaho,2024-01-19,variant_a
U08236,electronics_buyer,27,0.34242829979369405,26,Rhode Island,2024-09-03,variant_b
U08237,electronics_buyer,27,0.6061131000417881,6,Idaho,2025-01-21,variant_b
U08238,electronics_buyer,45,0.3507853064705365,7,Connecticut,2026-03-06,variant_a
U08239,fashion_shopper,53,0.44975175480373675,25,North Dakota,2025-03-15,control
U08240,electronics_buyer,27,0.9158016866264422,22,New York,2024-01-27,variant_b
U08241,electronics_buyer,52,0.8702556629454276,28,Montana,2024-07-15,variant_b
U08242,fashion_shopper,52,0.5644157890758669,26,Connecticut,2024-01-01,control
U08243,fashion_shopper,54,0.3142950647248709,17,Missouri,2023-10-26,variant_a
U08244,fashion_shopper,37,0.27386552145972054,8,Montana,2024-10-17,control
U08245,electronics_buyer,30,0.9586786177321428,2,Kentucky,2024-12-16,variant_a
U08246,fashion_shopper,28,0.2824449368596188,19,Ohio,2026-04-17,control
U08247,electronics_buyer,62,0.8273514798212852,28,Ohio,2025-03-06,variant_a
U08248,hybrid,36,0.4320731885819835,21,Kansas,2023-06-17,variant_b
U08249,electronics_buyer,45,0.9870938628024145,22,Minnesota,2023-09-02,variant_b
U08250,hybrid,55,0.43134016632650907,7,Wyoming,2024-02-29,variant_b
U08251,hybrid,62,0.4163649624196535,12,Kansas,2024-03-27,variant_b
U08252,fashion_shopper,21,0.6737172659898608,20,New Hampshire,2023-07-27,control
U08253,electronics_buyer,54,0.9653651259641374,3,Maine,2025-06-17,variant_a
U08254,fashion_shopper,36,0.9785886452167896,25,Minnesota,2023-10-17,variant_a
U08255,hybrid,54,0.7364855318202866,4,Wyoming,2024-11-27,variant_b
U08256,fashion_shopper,31,0.7791457290727183,25,Montana,2025-11-23,control
U08257,hybrid,48,0.6070619583757249,25,Colorado,2024-10-02,variant_b
U08258,electronics_buyer,45,0.7801981652190987,11,Arizona,2023-12-12,variant_a
U08259,electronics_buyer,53,0.8738016894734469,12,Utah,2025-06-16,variant_b
U08260,fashion_shopper,61,0.5374857728755209,19,Louisiana,2024-03-26,control
U08261,fashion_shopper,55,0.6578760365470927,19,West Virginia,2025-02-15,control
U08262,electronics_buyer,36,0.5835850257097429,29,North Carolina,2025-05-28,variant_b
U08263,fashion_shopper,59,0.6062235521758095,11,Minnesota,2024-10-10,control
U08264,hybrid,18,0.9010431188865468,13,North Dakota,2024-02-12,variant_b
U08265,fashion_shopper,40,0.42005514718501324,24,Texas,2025-02-01,control
U08266,electronics_buyer,45,0.2873656230405618,1,Idaho,2023-10-20,variant_a
U08267,fashion_shopper,21,0.5106520992462662,6,South Dakota,2024-05-11,variant_a
U08268,electronics_buyer,58,0.2872766714331387,22,New Jersey,2024-04-11,variant_a
U08269,electronics_buyer,35,0.5485603830958172,25,Washington,2025-11-21,variant_b
U08270,fashion_shopper,64,0.9131572948213528,16,Michigan,2024-09-24,variant_a
U08271,fashion_shopper,56,0.65569016843423,2,Rhode Island,2025-02-24,control
U08272,fashion_shopper,42,0.86988956797277,14,Delaware,2024-03-17,control
U08273,electronics_buyer,35,0.24957182765396063,24,Indiana,2024-02-21,variant_a
U08274,electronics_buyer,23,0.9107862332834591,23,Arkansas,2024-04-27,variant_a
U08275,electronics_buyer,36,0.6416084479664041,18,Ohio,2025-12-12,variant_b
U08276,electronics_buyer,29,0.12858380986643184,17,Kentucky,2024-08-03,variant_a
U08277,fashion_shopper,42,0.6698070597565331,20,Ohio,2025-07-18,variant_a
U08278,fashion_shopper,52,0.9562572606348261,18,Arkansas,2024-06-20,variant_a
U08279,fashion_shopper,18,0.17125030042782585,19,Connecticut,2024-02-21,control
U08280,fashion_shopper,22,0.6242105174226149,15,Nebraska,2024-05-25,control
U08281,hybrid,18,0.9239307425827432,2,North Carolina,2024-05-01,variant_b
U08282,hybrid,25,0.1087256515009371,25,Kentucky,2024-06-04,variant_b
U08283,fashion_shopper,56,0.6678216338192409,4,South Carolina,2024-05-21,control
U08284,electronics_buyer,64,0.5274120626478664,1,West Virginia,2026-05-09,variant_a
U08285,hybrid,60,0.4122903867837495,8,Vermont,2024-10-29,variant_b
U08286,fashion_shopper,35,0.6647828409508384,20,Florida,2024-02-12,variant_a
U08287,fashion_shopper,63,0.14743188512867525,14,North Carolina,2024-02-04,control
U08288,fashion_shopper,26,0.7777567416586602,26,Missouri,2024-06-06,control
U08289,electronics_buyer,22,0.10403152922773687,11,Wisconsin,2025-02-07,variant_a
U08290,hybrid,21,0.37624216941311706,27,West Virginia,2025-01-19,variant_b
U08291,electronics_buyer,61,0.5535627739162106,24,Alaska,2025-03-31,variant_b
U08292,fashion_shopper,46,0.4393200255098966,24,Iowa,2026-05-16,control
U08293,fashion_shopper,18,0.3767283416850242,25,Maine,2025-03-12,control
U08294,electronics_buyer,47,0.8477516309212865,14,Vermont,2025-10-15,variant_b
U08295,hybrid,62,0.941349316844718,28,Florida,2023-05-21,variant_b
U08296,electronics_buyer,18,0.8863414164152998,16,Florida,2024-04-03,variant_a
U08297,electronics_buyer,20,0.5701881817449997,10,Maine,2024-03-27,variant_a
U08298,fashion_shopper,39,0.8957477576741347,7,Nevada,2025-04-07,control
U08299,hybrid,25,0.9287754086633894,16,Wisconsin,2024-02-09,variant_b
U08300,electronics_buyer,35,0.4683145573427159,4,Kansas,2024-01-15,variant_b
U08301,fashion_shopper,42,0.35510127355490095,12,South Dakota,2024-11-19,control
U08302,electronics_buyer,37,0.1884386852319883,12,Iowa,2024-10-15,variant_b
U08303,fashion_shopper,48,0.5311827289443062,2,Iowa,2025-07-02,control
U08304,fashion_shopper,47,0.9516672283945973,6,Oregon,2024-02-27,control
U08305,fashion_shopper,33,0.6048167752633339,20,Florida,2025-06-23,control
U08306,fashion_shopper,19,0.7008058916075545,15,North Dakota,2024-07-02,control
U08307,fashion_shopper,34,0.20159543664266283,15,Rhode Island,2023-11-24,control
U08308,fashion_shopper,27,0.22916769772803064,22,Pennsylvania,2025-01-03,variant_a
U08309,electronics_buyer,24,0.5180259357637053,16,Illinois,2025-05-23,variant_a
U08310,electronics_buyer,59,0.9561383190853532,24,Alabama,2025-12-29,variant_a
U08311,fashion_shopper,26,0.42470617743237604,3,South Dakota,2024-08-25,control
U08312,fashion_shopper,34,0.8897356371857802,1,Wisconsin,2024-10-29,control
U08313,electronics_buyer,26,0.20825973408314036,21,Pennsylvania,2025-07-24,variant_a
U08314,fashion_shopper,26,0.6553154862403391,12,Iowa,2025-07-29,variant_a
U08315,fashion_shopper,54,0.6405516792194663,15,Rhode Island,2026-02-13,control
U08316,hybrid,41,0.8738872750632416,19,Texas,2024-11-07,variant_b
U08317,electronics_buyer,56,0.10298503396441136,6,Maryland,2023-06-20,variant_b
U08318,hybrid,28,0.270938500477815,19,Iowa,2023-08-24,variant_b
U08319,electronics_buyer,25,0.2977188628865336,17,Washington,2025-01-30,variant_a
U08320,fashion_shopper,42,0.9549694792816636,9,California,2023-07-07,control
U08321,electronics_buyer,63,0.23832429064290547,21,Michigan,2025-04-10,variant_b
U08322,fashion_shopper,19,0.13326611519850434,13,Kentucky,2025-09-02,control
U08323,fashion_shopper,27,0.5810153452676272,15,North Dakota,2023-10-12,variant_a
U08324,fashion_shopper,41,0.5757026161903135,16,Minnesota,2024-10-02,control
U08325,hybrid,33,0.8596422688310779,13,Massachusetts,2023-09-05,variant_b
U08326,fashion_shopper,36,0.9539736851600218,2,California,2024-11-07,control
U08327,hybrid,48,0.584690897926118,2,Connecticut,2025-09-11,variant_b
U08328,hybrid,28,0.9369947641776899,11,New Jersey,2023-10-18,variant_b
U08329,electronics_buyer,23,0.7526432361698467,25,Wyoming,2024-08-23,variant_a
U08330,electronics_buyer,23,0.3381032151960265,28,Rhode Island,2023-07-06,variant_b
U08331,electronics_buyer,49,0.9355786398495337,16,South Dakota,2023-06-06,variant_a
U08332,hybrid,56,0.7006988585636873,17,Louisiana,2025-11-24,variant_b
U08333,fashion_shopper,30,0.47268633946837046,26,Colorado,2024-09-19,variant_a
U08334,electronics_buyer,20,0.7122178760652376,3,New Mexico,2023-08-06,variant_b
U08335,electronics_buyer,58,0.4611815449693758,28,Washington,2025-09-05,variant_a
U08336,hybrid,52,0.20276539118916334,29,Maryland,2025-01-20,variant_b
U08337,electronics_buyer,55,0.7470808724592098,29,New Mexico,2024-07-26,variant_a
U08338,electronics_buyer,34,0.8416788509536693,26,Michigan,2026-04-19,variant_a
U08339,electronics_buyer,20,0.755925579117449,27,Tennessee,2026-04-17,variant_b
U08340,hybrid,51,0.3062032009810089,23,Tennessee,2025-04-01,variant_b
U08341,electronics_buyer,29,0.9609715121298517,1,California,2025-12-12,variant_a
U08342,fashion_shopper,41,0.12272910552204033,18,Maine,2025-01-09,control
U08343,electronics_buyer,23,0.39941676763807654,14,Michigan,2026-01-06,variant_a
U08344,hybrid,59,0.33408319108140594,22,New Mexico,2025-03-14,variant_b
U08345,electronics_buyer,28,0.1433136048533659,9,Wisconsin,2025-05-06,variant_b
U08346,hybrid,44,0.46515672368980165,28,Virginia,2025-02-20,variant_b
U08347,fashion_shopper,41,0.6608033561464971,9,Hawaii,2024-08-01,control
U08348,electronics_buyer,35,0.8942975771365912,12,New Jersey,2025-08-16,variant_a
U08349,electronics_buyer,44,0.9907207445723231,24,Arkansas,2025-06-10,variant_a
U08350,hybrid,58,0.8272806277639583,3,Wisconsin,2024-10-25,variant_b
U08351,fashion_shopper,38,0.5218124668415424,2,Hawaii,2025-02-25,control
U08352,hybrid,51,0.7513339833703276,1,Arizona,2025-08-31,variant_b
U08353,electronics_buyer,50,0.8592614097306767,27,Utah,2024-01-29,variant_a
U08354,fashion_shopper,35,0.5187764767768133,27,Kentucky,2023-11-14,control
U08355,fashion_shopper,20,0.8065489906229499,9,Utah,2025-07-29,control
U08356,fashion_shopper,41,0.5343871764815891,13,Iowa,2024-06-17,control
U08357,electronics_buyer,18,0.4478463917890505,21,Maryland,2023-06-19,variant_a
U08358,fashion_shopper,23,0.5734817540053851,28,North Dakota,2025-09-13,control
U08359,fashion_shopper,36,0.7082692638644303,16,North Dakota,2023-10-20,control
U08360,hybrid,39,0.7541938506867376,19,Michigan,2025-01-02,variant_b
U08361,fashion_shopper,60,0.4210626420028971,10,Texas,2026-01-29,control
U08362,fashion_shopper,25,0.6141882264004314,26,Vermont,2023-08-20,control
U08363,electronics_buyer,22,0.9188837866724023,27,Florida,2025-06-25,variant_a
U08364,electronics_buyer,26,0.9786816100995758,5,Utah,2024-01-06,variant_a
U08365,electronics_buyer,64,0.30452328206555906,14,Massachusetts,2024-10-07,variant_b
U08366,fashion_shopper,38,0.27354804914200737,27,Oregon,2024-01-04,variant_a
U08367,electronics_buyer,45,0.7090170700857836,15,Massachusetts,2023-05-23,variant_b
U08368,electronics_buyer,63,0.47321549724109946,28,Alaska,2025-01-29,variant_a
U08369,fashion_shopper,21,0.12180010457632334,3,Hawaii,2024-02-12,control
U08370,fashion_shopper,41,0.41217568358255574,9,Alabama,2025-06-05,control
U08371,fashion_shopper,25,0.8260702691250269,29,Ohio,2024-03-08,variant_a
U08372,fashion_shopper,34,0.8176842373448643,1,Wisconsin,2026-04-18,variant_a
U08373,electronics_buyer,51,0.5452166339349237,1,North Dakota,2024-11-08,variant_b
U08374,electronics_buyer,37,0.5253201413987818,19,Colorado,2024-11-01,variant_a
U08375,fashion_shopper,33,0.6215566981909397,6,New Hampshire,2025-02-22,variant_a
U08376,fashion_shopper,27,0.2974570395072184,11,Idaho,2025-04-19,control
U08377,fashion_shopper,51,0.5734392624018599,18,Oklahoma,2025-05-16,control
U08378,electronics_buyer,60,0.10994172405098356,14,Oregon,2025-02-12,variant_a
U08379,fashion_shopper,27,0.5280035993048203,16,Hawaii,2025-01-23,variant_a
U08380,electronics_buyer,47,0.4024459416255334,1,Ohio,2025-08-27,variant_a
U08381,fashion_shopper,47,0.7073826453132936,24,South Carolina,2023-09-11,control
U08382,electronics_buyer,42,0.6745182257373648,27,Georgia,2025-02-17,variant_a
U08383,hybrid,63,0.44275229216452816,10,North Dakota,2024-05-16,variant_b
U08384,fashion_shopper,60,0.10654568333073242,25,Connecticut,2024-09-27,control
U08385,electronics_buyer,58,0.3270462664554644,10,Pennsylvania,2025-09-28,variant_a
U08386,hybrid,24,0.6700130651702461,13,Missouri,2025-01-20,variant_b
U08387,fashion_shopper,64,0.16513600871575407,28,New York,2023-10-05,control
U08388,electronics_buyer,37,0.19687817965011745,1,Delaware,2023-06-27,variant_a
U08389,fashion_shopper,34,0.6823315221103784,3,North Dakota,2024-02-15,control
U08390,electronics_buyer,20,0.7801906608543631,14,Oklahoma,2026-02-18,variant_a
U08391,fashion_shopper,64,0.3893947372114409,21,Nevada,2023-12-23,control
U08392,hybrid,63,0.5407057589649057,16,Nevada,2025-06-08,variant_b
U08393,electronics_buyer,57,0.9511402284852928,23,Washington,2025-11-03,variant_b
U08394,electronics_buyer,53,0.9509892059583726,26,Montana,2024-08-08,variant_b
U08395,electronics_buyer,43,0.37675249701708713,20,Mississippi,2026-03-12,variant_b
U08396,electronics_buyer,27,0.8289890875153813,6,New Hampshire,2023-06-21,variant_a
U08397,fashion_shopper,51,0.6345496475261729,1,Washington,2024-01-18,variant_a
U08398,hybrid,31,0.977936044015342,20,New Mexico,2024-10-27,variant_b
U08399,hybrid,25,0.5298522127399868,24,Montana,2024-02-18,variant_b
U08400,electronics_buyer,44,0.7972361812140054,5,Wyoming,2023-12-15,variant_a
U08401,hybrid,27,0.7913234166533839,8,Wisconsin,2025-05-17,variant_b
U08402,electronics_buyer,32,0.5476895808697686,12,Idaho,2025-02-27,variant_a
U08403,electronics_buyer,54,0.816067102867577,1,Arizona,2023-12-17,variant_a
U08404,electronics_buyer,39,0.33493629997629687,13,Maine,2023-12-25,variant_a
U08405,fashion_shopper,62,0.210027732661206,26,Missouri,2026-04-12,control
U08406,fashion_shopper,48,0.48264737018978465,9,Virginia,2023-08-13,control
U08407,fashion_shopper,19,0.9492675909702262,20,Pennsylvania,2025-10-20,control
U08408,electronics_buyer,62,0.5506701473822759,25,Washington,2025-09-29,variant_a
U08409,fashion_shopper,48,0.6717332247822343,24,Kentucky,2023-09-25,variant_a
U08410,fashion_shopper,31,0.6617462103170878,8,New Mexico,2025-04-17,variant_a
U08411,hybrid,27,0.21931558054257738,13,Utah,2025-11-18,variant_b
U08412,fashion_shopper,47,0.45126719413948924,28,Nebraska,2025-04-29,variant_a
U08413,electronics_buyer,53,0.7362450756296873,2,West Virginia,2024-12-17,variant_a
U08414,fashion_shopper,64,0.9747910887226536,15,Minnesota,2023-07-10,control
U08415,fashion_shopper,57,0.2512159644673235,14,Arkansas,2025-05-11,control
U08416,electronics_buyer,32,0.46939770130520464,19,North Dakota,2026-05-16,variant_b
U08417,electronics_buyer,31,0.18558441982245644,26,New Jersey,2024-06-05,variant_a
U08418,electronics_buyer,48,0.31813881368433045,9,North Carolina,2024-02-21,variant_b
U08419,fashion_shopper,46,0.43908340899353526,19,Virginia,2023-06-30,control
U08420,electronics_buyer,44,0.5865789231571154,14,North Carolina,2025-03-17,variant_a
U08421,fashion_shopper,38,0.3075101940151729,8,Massachusetts,2023-05-21,control
U08422,fashion_shopper,26,0.3048063950608172,5,Minnesota,2024-05-28,control
U08423,fashion_shopper,37,0.8000469812261835,7,Massachusetts,2024-03-12,control
U08424,fashion_shopper,52,0.9663774966521931,4,Wyoming,2025-01-16,control
U08425,fashion_shopper,32,0.39125167097631064,8,Nevada,2025-10-03,control
U08426,fashion_shopper,41,0.7191928167721121,4,Minnesota,2024-05-26,control
U08427,hybrid,33,0.3322724152221287,21,Oregon,2023-08-10,variant_b
U08428,fashion_shopper,53,0.9351570294690689,1,Idaho,2026-05-08,control
U08429,fashion_shopper,28,0.7056121241488584,26,Vermont,2023-12-26,control
U08430,fashion_shopper,25,0.822409169173813,8,Oklahoma,2023-08-04,control
U08431,electronics_buyer,20,0.14441863887924833,7,West Virginia,2024-04-29,variant_a
U08432,fashion_shopper,36,0.6386553714165621,11,Massachusetts,2025-08-22,control
U08433,hybrid,63,0.5748510982225441,21,Arkansas,2024-04-29,variant_b
U08434,hybrid,58,0.36369721622037887,16,Minnesota,2024-12-29,variant_b
U08435,fashion_shopper,20,0.3361869865515863,22,Maryland,2024-03-02,control
U08436,electronics_buyer,53,0.6220223220852727,17,Oregon,2025-01-19,variant_a
U08437,fashion_shopper,42,0.7358370715065027,24,Florida,2023-06-05,control
U08438,electronics_buyer,53,0.12985548133167008,25,Louisiana,2025-09-10,variant_a
U08439,fashion_shopper,28,0.6106614237313339,27,Idaho,2025-07-21,variant_a
U08440,fashion_shopper,33,0.2534135760519658,5,New Mexico,2024-03-14,control
U08441,fashion_shopper,34,0.2263264582474905,26,South Dakota,2025-09-25,control
U08442,electronics_buyer,59,0.6608075392852161,7,Ohio,2025-10-24,variant_a
U08443,fashion_shopper,41,0.3797831054957258,10,Missouri,2023-06-22,variant_a
U08444,fashion_shopper,34,0.4967922098213776,13,Oklahoma,2023-09-08,control
U08445,electronics_buyer,37,0.4239989284957957,20,New Jersey,2023-09-26,variant_b
U08446,electronics_buyer,39,0.6835026881372713,15,Oregon,2025-07-20,variant_a
U08447,hybrid,23,0.5231077894598221,6,California,2024-12-26,variant_b
U08448,fashion_shopper,24,0.9671127958341528,2,Florida,2024-12-18,control
U08449,electronics_buyer,31,0.41714448319581876,4,New Mexico,2024-04-29,variant_b
U08450,electronics_buyer,28,0.7662559062365517,21,Pennsylvania,2025-09-30,variant_b
U08451,fashion_shopper,29,0.3315633108247401,14,New Hampshire,2025-07-17,control
U08452,electronics_buyer,63,0.5578777833635322,25,South Dakota,2025-08-31,variant_b
U08453,fashion_shopper,22,0.5973127767117613,29,Vermont,2026-04-14,variant_a
U08454,hybrid,22,0.396198352956459,25,Oklahoma,2025-07-08,variant_b
U08455,fashion_shopper,37,0.5246024760213662,24,Florida,2024-06-22,control
U08456,electronics_buyer,32,0.351350774108643,29,Massachusetts,2026-01-01,variant_a
U08457,fashion_shopper,43,0.1054007035065838,15,Florida,2024-09-22,variant_a
U08458,hybrid,50,0.29408347147409086,28,New Hampshire,2025-10-18,variant_b
U08459,fashion_shopper,47,0.7300577552438806,14,Hawaii,2025-11-29,control
U08460,hybrid,41,0.7938667220368393,4,California,2023-09-09,variant_b
U08461,hybrid,40,0.3521825804250279,6,New Mexico,2023-12-05,variant_b
U08462,fashion_shopper,26,0.4672386989362648,7,Ohio,2025-06-15,control
U08463,hybrid,20,0.13362909412475,13,Georgia,2026-04-15,variant_b
U08464,hybrid,53,0.31335661098791256,17,Wyoming,2023-12-24,variant_b
U08465,fashion_shopper,24,0.8012973550350693,29,Mississippi,2024-05-27,control
U08466,fashion_shopper,39,0.6453876432385515,17,Florida,2023-06-09,variant_a
U08467,electronics_buyer,31,0.2851934697589343,4,Iowa,2025-12-12,variant_a
U08468,fashion_shopper,46,0.331697795610189,19,Montana,2024-01-17,control
U08469,fashion_shopper,33,0.8351218206906041,26,Minnesota,2024-08-19,control
U08470,fashion_shopper,51,0.28817578265041077,20,New Jersey,2023-06-30,control
U08471,fashion_shopper,27,0.4007419532624181,13,Kentucky,2025-05-24,control
U08472,fashion_shopper,24,0.6979228224891799,29,Michigan,2026-04-15,variant_a
U08473,fashion_shopper,42,0.6050011471372708,9,Pennsylvania,2024-02-03,control
U08474,hybrid,44,0.5147831847104328,2,Tennessee,2025-05-03,variant_b
U08475,electronics_buyer,32,0.9097669818817699,20,Utah,2025-06-17,variant_b
U08476,fashion_shopper,49,0.2977394164435465,23,Virginia,2025-07-30,control
U08477,electronics_buyer,45,0.7672779017766999,18,California,2026-01-21,variant_a
U08478,electronics_buyer,26,0.24315745655636503,24,North Carolina,2024-03-17,variant_a
U08479,hybrid,24,0.6541604501339306,26,North Carolina,2024-08-22,variant_b
U08480,fashion_shopper,33,0.8835612070701818,20,Indiana,2024-05-03,control
U08481,fashion_shopper,43,0.5121116069303241,25,Washington,2024-06-08,control
U08482,hybrid,52,0.751865056472196,17,Pennsylvania,2024-11-02,variant_b
U08483,hybrid,34,0.8383540176990893,7,Ohio,2024-08-17,variant_b
U08484,electronics_buyer,40,0.22242378238984248,17,Idaho,2024-11-06,variant_b
U08485,electronics_buyer,25,0.735244205753899,27,Colorado,2025-02-24,variant_b
U08486,fashion_shopper,19,0.9278569215898087,10,Maryland,2023-10-10,control
U08487,electronics_buyer,48,0.6187335488699898,27,Virginia,2025-05-19,variant_a
U08488,fashion_shopper,49,0.26751002007588043,25,Maine,2025-08-03,control
U08489,fashion_shopper,46,0.21424827843004868,14,Washington,2023-08-31,control
U08490,hybrid,20,0.3337617974200731,28,Michigan,2023-08-13,variant_b
U08491,fashion_shopper,25,0.1931619421150143,26,Louisiana,2023-09-20,control
U08492,electronics_buyer,19,0.5620546644265427,12,New Hampshire,2025-05-08,variant_a
U08493,hybrid,48,0.16273421443606112,29,New Hampshire,2026-01-27,variant_b
U08494,fashion_shopper,54,0.3010641621726038,26,South Dakota,2024-07-25,control
U08495,hybrid,37,0.49591939952099295,12,Wyoming,2023-10-04,variant_b
U08496,hybrid,46,0.5265232753618193,17,Delaware,2023-07-14,variant_b
U08497,electronics_buyer,34,0.608858636632268,19,Wisconsin,2023-11-07,variant_a
U08498,fashion_shopper,27,0.7350534664756538,28,Oregon,2026-03-25,control
U08499,fashion_shopper,58,0.14250577569892078,23,North Dakota,2024-01-19,control
U08500,fashion_shopper,39,0.17255885695820494,14,Georgia,2024-05-17,variant_a
U08501,fashion_shopper,23,0.15477323662430267,29,Wyoming,2026-04-07,control
U08502,fashion_shopper,60,0.48083528391841934,17,Louisiana,2025-10-02,control
U08503,hybrid,51,0.1376631503946409,15,Georgia,2025-08-05,variant_b
U08504,fashion_shopper,48,0.7714731401481936,21,Hawaii,2024-06-01,control
U08505,electronics_buyer,29,0.3007001629346301,6,Arkansas,2025-09-10,variant_b
U08506,fashion_shopper,29,0.9452912439609629,19,New Jersey,2024-03-28,control
U08507,electronics_buyer,33,0.5377633795874003,29,Georgia,2025-03-25,variant_a
U08508,hybrid,42,0.5016931771979815,22,Alabama,2026-04-17,variant_b
U08509,fashion_shopper,39,0.8024848233755503,20,New Jersey,2024-02-06,control
U08510,fashion_shopper,44,0.741838585503692,6,Montana,2023-06-09,control
U08511,electronics_buyer,41,0.6465781368533285,6,Montana,2023-10-28,variant_a
U08512,electronics_buyer,29,0.941632035625333,4,Colorado,2025-01-26,variant_b
U08513,electronics_buyer,35,0.4800333348883693,1,Oregon,2025-02-17,variant_b
U08514,fashion_shopper,62,0.8276785081950578,19,Maine,2023-06-29,control
U08515,fashion_shopper,64,0.4420836511712367,11,West Virginia,2025-04-14,control
U08516,hybrid,33,0.8545111068664943,26,New Hampshire,2023-08-28,variant_b
U08517,hybrid,21,0.33352716606937177,7,Louisiana,2023-07-18,variant_b
U08518,electronics_buyer,29,0.3603403655524292,2,Louisiana,2025-11-26,variant_a
U08519,hybrid,50,0.7100825806157086,4,South Carolina,2025-12-17,variant_b
U08520,electronics_buyer,39,0.2914419654566167,6,Wyoming,2024-05-14,variant_a
U08521,fashion_shopper,35,0.3062387683228859,5,Wyoming,2024-01-15,variant_a
U08522,fashion_shopper,50,0.3747361861156733,22,Ohio,2025-09-04,control
U08523,fashion_shopper,44,0.7110358926943383,21,Kentucky,2024-11-22,variant_a
U08524,electronics_buyer,59,0.9004492831809087,9,Indiana,2024-02-16,variant_a
U08525,fashion_shopper,36,0.7071108860142881,11,Virginia,2024-12-29,control
U08526,fashion_shopper,31,0.8450328199097127,28,Wisconsin,2023-09-10,variant_a
U08527,electronics_buyer,42,0.5892045307250228,29,Hawaii,2025-01-03,variant_b
U08528,electronics_buyer,51,0.16203089921063077,18,Wyoming,2023-12-08,variant_b
U08529,electronics_buyer,41,0.1904195903576506,20,New Mexico,2023-12-28,variant_a
U08530,hybrid,55,0.5989527805302239,17,North Carolina,2026-05-12,variant_b
U08531,fashion_shopper,40,0.3950208717778987,28,Connecticut,2023-10-12,control
U08532,electronics_buyer,22,0.2985112662732484,13,Wyoming,2025-02-22,variant_a
U08533,electronics_buyer,61,0.5196312345723587,23,Nebraska,2026-01-06,variant_b
U08534,electronics_buyer,53,0.6998470668138714,17,Ohio,2023-05-26,variant_a
U08535,fashion_shopper,41,0.44649275296227264,22,Hawaii,2025-09-09,control
U08536,fashion_shopper,53,0.8222880314416074,26,South Carolina,2026-04-22,control
U08537,hybrid,22,0.7646709219142543,10,New York,2025-10-01,variant_b
U08538,electronics_buyer,56,0.7614233939436101,29,New York,2024-08-17,variant_a
U08539,hybrid,23,0.9866707207096497,25,Louisiana,2024-02-05,variant_b
U08540,electronics_buyer,62,0.3657069796344713,18,South Carolina,2026-01-18,variant_a
U08541,electronics_buyer,53,0.6802530277068056,17,Tennessee,2023-07-20,variant_b
U08542,hybrid,62,0.8699305061442821,12,Maryland,2025-08-12,variant_b
U08543,electronics_buyer,21,0.6215719905225199,15,Pennsylvania,2024-09-22,variant_a
U08544,fashion_shopper,27,0.8105519585038534,27,Wyoming,2024-04-17,variant_a
U08545,electronics_buyer,18,0.47300696725592106,27,Iowa,2023-05-22,variant_a
U08546,hybrid,38,0.6314422110893242,27,Arkansas,2023-08-11,variant_b
U08547,fashion_shopper,57,0.15009975352389546,26,New Mexico,2023-12-30,variant_a
U08548,fashion_shopper,56,0.987190845242332,29,Massachusetts,2026-04-27,variant_a
U08549,fashion_shopper,54,0.8200166333035755,19,Kansas,2024-11-10,control
U08550,hybrid,20,0.8819281644683046,22,Virginia,2025-12-28,variant_b
U08551,fashion_shopper,64,0.7248648503286514,15,Montana,2023-07-06,control
U08552,electronics_buyer,48,0.26744502952782956,13,Ohio,2026-04-21,variant_a
U08553,fashion_shopper,44,0.12792559817622903,7,Idaho,2025-10-30,variant_a
U08554,fashion_shopper,34,0.8781909469624123,11,California,2026-04-12,variant_a
U08555,electronics_buyer,40,0.45669758836251084,8,Wyoming,2024-02-05,variant_b
U08556,fashion_shopper,30,0.3374783884359279,20,Ohio,2025-08-25,control
U08557,electronics_buyer,64,0.6055056629550499,16,Virginia,2024-04-25,variant_a
U08558,electronics_buyer,44,0.47880867022814744,24,Maine,2023-05-28,variant_b
U08559,hybrid,37,0.6864993961188013,23,Alaska,2025-06-06,variant_b
U08560,fashion_shopper,63,0.5354139097490622,11,Alabama,2024-06-24,control
U08561,hybrid,30,0.7275098263962435,24,Kentucky,2024-10-13,variant_b
U08562,electronics_buyer,61,0.8680809425582287,5,South Dakota,2025-04-06,variant_a
U08563,hybrid,41,0.27600130986021015,26,West Virginia,2025-11-14,variant_b
U08564,electronics_buyer,58,0.3964895925089381,7,Nebraska,2025-01-19,variant_a
U08565,electronics_buyer,20,0.4931340279135751,16,Georgia,2025-11-30,variant_a
U08566,hybrid,60,0.9658526032248743,16,Nebraska,2024-12-17,variant_b
U08567,hybrid,27,0.42880025219273676,20,Louisiana,2026-01-08,variant_b
U08568,fashion_shopper,18,0.44298986463336665,29,New Hampshire,2025-05-11,variant_a
U08569,fashion_shopper,30,0.6881252706636051,17,North Dakota,2026-04-24,control
U08570,fashion_shopper,31,0.4772797389009543,19,Iowa,2023-11-10,variant_a
U08571,fashion_shopper,50,0.9561013710756446,28,Arizona,2024-11-16,variant_a
U08572,fashion_shopper,19,0.9050218844278994,26,North Carolina,2025-12-01,control
U08573,fashion_shopper,19,0.5620678999981057,15,Rhode Island,2026-04-12,control
U08574,hybrid,56,0.6802977105530649,25,Washington,2025-03-11,variant_b
U08575,fashion_shopper,58,0.1522275056952585,15,Oregon,2025-12-24,control
U08576,electronics_buyer,48,0.7261574752291583,27,Arkansas,2025-05-07,variant_b
U08577,fashion_shopper,21,0.736480785654129,20,Maine,2026-03-24,control
U08578,fashion_shopper,51,0.4232793660788873,21,Kansas,2025-09-13,variant_a
U08579,fashion_shopper,36,0.2977145952627454,15,Maine,2023-06-19,control
U08580,fashion_shopper,54,0.923570561635315,3,Nevada,2024-10-03,control
U08581,electronics_buyer,26,0.48403441072461495,12,New York,2025-12-17,variant_b
U08582,hybrid,41,0.6883354943215396,27,Washington,2024-06-25,variant_b
U08583,fashion_shopper,30,0.12999591547863037,6,West Virginia,2024-02-17,control
U08584,electronics_buyer,61,0.4726604499191527,20,North Dakota,2024-07-07,variant_a
U08585,electronics_buyer,47,0.835532929912492,5,Colorado,2025-05-14,variant_a
U08586,hybrid,36,0.4488184003606436,11,Minnesota,2024-12-30,variant_b
U08587,electronics_buyer,58,0.6428450441231891,23,North Dakota,2024-07-15,variant_b
U08588,electronics_buyer,27,0.2888702204360855,12,South Dakota,2025-07-09,variant_a
U08589,electronics_buyer,59,0.47487308395560357,7,Washington,2026-02-21,variant_b
U08590,hybrid,61,0.9348739462478679,9,Mississippi,2025-07-22,variant_b
U08591,fashion_shopper,31,0.6098065747309335,18,Missouri,2024-01-22,control
U08592,fashion_shopper,57,0.9117383131836383,14,Wisconsin,2024-08-15,variant_a
U08593,hybrid,37,0.911817369540589,4,Georgia,2023-06-02,variant_b
U08594,electronics_buyer,21,0.9497330203820316,8,South Dakota,2023-08-08,variant_b
U08595,electronics_buyer,55,0.9058524940720948,16,Iowa,2023-12-20,variant_a
U08596,electronics_buyer,61,0.10295301610927059,4,Vermont,2025-05-26,variant_a
U08597,fashion_shopper,56,0.9406134024234372,28,Washington,2025-10-25,variant_a
U08598,electronics_buyer,22,0.22371349517683875,19,North Dakota,2024-10-31,variant_a
U08599,electronics_buyer,59,0.1359336260000355,26,Iowa,2026-01-20,variant_a
U08600,fashion_shopper,49,0.14984968112024755,6,Mississippi,2023-07-22,variant_a
U08601,electronics_buyer,23,0.41402457565879025,19,Nebraska,2025-09-12,variant_b
U08602,hybrid,31,0.6587236767419142,15,Washington,2024-07-13,variant_b
U08603,fashion_shopper,23,0.46208007686709773,12,Arizona,2024-02-02,control
U08604,electronics_buyer,31,0.12299885618444154,12,Florida,2025-01-06,variant_a
U08605,fashion_shopper,29,0.5288343707572433,2,Maine,2025-10-25,variant_a
U08606,electronics_buyer,44,0.49791766804334203,9,Nevada,2024-08-19,variant_b
U08607,fashion_shopper,43,0.7811643389514822,3,Arizona,2026-04-04,control
U08608,electronics_buyer,29,0.35165160858289457,1,Louisiana,2024-11-11,variant_a
U08609,hybrid,25,0.29577805641493043,14,Missouri,2023-06-18,variant_b
U08610,fashion_shopper,27,0.3303450619089636,28,Ohio,2025-05-04,variant_a
U08611,hybrid,33,0.37336584036686327,28,Nebraska,2023-09-15,variant_b
U08612,hybrid,43,0.6392483860304499,13,Colorado,2024-03-12,variant_b
U08613,fashion_shopper,25,0.5243729369068719,29,Maryland,2024-08-07,control
U08614,fashion_shopper,58,0.4032051086611521,25,Mississippi,2026-03-28,control
U08615,hybrid,62,0.43688274245531056,5,Wyoming,2024-05-22,variant_b
U08616,hybrid,46,0.4338312941430785,7,California,2025-04-18,variant_b
U08617,fashion_shopper,37,0.9751660252392856,14,Louisiana,2024-12-05,control
U08618,fashion_shopper,34,0.30969728924765727,16,Kansas,2023-05-22,control
U08619,fashion_shopper,36,0.8362554042450328,18,Maryland,2025-04-03,control
U08620,hybrid,34,0.7373897538293683,14,Colorado,2025-03-18,variant_b
U08621,fashion_shopper,56,0.10501300504319554,1,Oklahoma,2026-04-20,control
U08622,electronics_buyer,18,0.9938585963129392,6,Ohio,2026-01-24,variant_a
U08623,hybrid,46,0.7807954335702162,29,New Jersey,2024-07-01,variant_b
U08624,fashion_shopper,31,0.7142046277157122,21,Florida,2024-11-09,control
U08625,electronics_buyer,34,0.46479223690897364,10,Ohio,2026-02-26,variant_a
U08626,fashion_shopper,30,0.5996827800228607,6,California,2024-07-24,control
U08627,hybrid,46,0.32794380610072316,2,Pennsylvania,2024-11-25,variant_b
U08628,fashion_shopper,51,0.13193506463112775,7,New York,2025-02-20,control
U08629,electronics_buyer,44,0.8524194926013756,17,Maryland,2024-12-11,variant_b
U08630,electronics_buyer,63,0.9068360443130545,27,Alabama,2024-11-17,variant_b
U08631,fashion_shopper,50,0.2462235729528159,24,South Carolina,2023-07-25,control
U08632,fashion_shopper,46,0.8083504862611597,14,Iowa,2025-07-29,control
U08633,fashion_shopper,54,0.7670374059570928,23,Wyoming,2024-08-22,variant_a
U08634,fashion_shopper,56,0.2605375017424814,7,Oregon,2023-07-11,control
U08635,hybrid,36,0.4796459223173145,22,Wyoming,2025-05-19,variant_b
U08636,hybrid,63,0.48048212875069307,26,Florida,2024-07-26,variant_b
U08637,electronics_buyer,41,0.7839678324747237,21,Iowa,2023-05-21,variant_a
U08638,electronics_buyer,31,0.8538948151984499,9,Oklahoma,2026-04-13,variant_a
U08639,electronics_buyer,64,0.18529760925223393,19,Oregon,2024-12-27,variant_a
U08640,hybrid,54,0.6066723114137826,25,Nevada,2024-10-07,variant_b
U08641,fashion_shopper,22,0.7855736472359968,21,Arkansas,2023-08-19,variant_a
U08642,fashion_shopper,41,0.8075715346586426,24,Tennessee,2023-06-12,control
U08643,fashion_shopper,51,0.23319417198736803,11,Georgia,2023-06-14,control
U08644,electronics_buyer,48,0.5729546288357147,3,Vermont,2024-10-23,variant_a
U08645,fashion_shopper,47,0.8718028357264326,23,Indiana,2024-08-27,variant_a
U08646,fashion_shopper,26,0.38666671892675575,26,Virginia,2024-09-19,variant_a
U08647,fashion_shopper,44,0.48260520902061743,4,Nebraska,2024-11-07,control
U08648,electronics_buyer,45,0.8239226602026991,5,New Hampshire,2025-02-19,variant_b
U08649,fashion_shopper,59,0.18038756906538606,4,Washington,2026-02-16,control
U08650,fashion_shopper,43,0.8735439609000804,13,Illinois,2025-03-02,control
U08651,fashion_shopper,35,0.3800410450577282,9,Oregon,2025-12-13,variant_a
U08652,fashion_shopper,53,0.10130528493201445,28,Maine,2024-05-05,control
U08653,electronics_buyer,25,0.31074323055072245,23,Florida,2024-02-17,variant_a
U08654,fashion_shopper,35,0.18055057680595582,14,Missouri,2023-10-27,variant_a
U08655,fashion_shopper,37,0.1831464162966197,16,Rhode Island,2023-06-02,variant_a
U08656,electronics_buyer,49,0.7235521607283323,22,Virginia,2025-10-15,variant_a
U08657,fashion_shopper,46,0.29257870207515835,6,Kentucky,2024-09-28,control
U08658,fashion_shopper,35,0.9412681266792842,27,Alaska,2025-10-07,control
U08659,hybrid,24,0.5648000919321736,10,Minnesota,2024-05-03,variant_b
U08660,fashion_shopper,18,0.5140884321594267,23,Michigan,2024-02-05,variant_a
U08661,fashion_shopper,45,0.49085516639813653,21,Hawaii,2023-12-30,variant_a
U08662,fashion_shopper,50,0.7233288757044687,26,New York,2026-05-09,control
U08663,electronics_buyer,21,0.5070364862712476,13,Texas,2024-08-31,variant_a
U08664,electronics_buyer,37,0.21574032060267267,3,Kentucky,2025-01-12,variant_a
U08665,electronics_buyer,53,0.8921549625766809,27,Minnesota,2026-02-04,variant_a
U08666,electronics_buyer,48,0.4855558140330928,11,Indiana,2025-04-07,variant_b
U08667,fashion_shopper,55,0.16660411812955223,3,Maine,2025-12-02,control
U08668,fashion_shopper,45,0.576429388747985,7,Connecticut,2025-01-17,control
U08669,hybrid,20,0.6826121726101331,27,Pennsylvania,2026-03-04,variant_b
U08670,hybrid,23,0.3480242177419827,10,Indiana,2026-03-08,variant_b
U08671,fashion_shopper,62,0.8203063669064581,1,Wisconsin,2024-05-28,control
U08672,electronics_buyer,40,0.7027982614336273,4,Montana,2026-01-07,variant_a
U08673,fashion_shopper,24,0.68530705233799,26,Georgia,2024-04-06,control
U08674,fashion_shopper,53,0.47874245758101475,8,Nebraska,2024-11-10,control
U08675,fashion_shopper,18,0.965723771270159,20,California,2023-10-06,control
U08676,fashion_shopper,23,0.3467702511543229,17,Mississippi,2024-12-09,control
U08677,electronics_buyer,41,0.6199349509139074,5,Texas,2023-06-08,variant_b
U08678,electronics_buyer,54,0.3781496417253558,17,Wyoming,2025-06-30,variant_a
U08679,fashion_shopper,62,0.7703242776743986,9,Missouri,2024-11-18,control
U08680,fashion_shopper,53,0.14301233548310932,8,Iowa,2024-09-15,control
U08681,hybrid,41,0.14130448108754431,7,New Mexico,2026-01-06,variant_b
U08682,fashion_shopper,55,0.8297748725669123,5,Maryland,2025-02-19,control
U08683,electronics_buyer,62,0.4908413449573039,4,Virginia,2025-01-04,variant_a
U08684,fashion_shopper,46,0.4070620491403202,23,Connecticut,2026-02-15,control
U08685,electronics_buyer,54,0.6467741759578046,3,Wyoming,2025-06-13,variant_a
U08686,fashion_shopper,62,0.7317094094820762,8,Mississippi,2024-03-07,control
U08687,fashion_shopper,49,0.28108121215996595,5,Montana,2026-02-18,control
U08688,fashion_shopper,42,0.26688811726425843,5,Washington,2024-05-12,control
U08689,fashion_shopper,27,0.9623356729838933,17,Kansas,2025-03-14,control
U08690,fashion_shopper,52,0.6306978757461124,29,Maine,2025-11-03,variant_a
U08691,electronics_buyer,42,0.4511048295648413,15,New Hampshire,2023-06-04,variant_a
U08692,fashion_shopper,44,0.8212975252025558,26,Texas,2025-05-14,control
U08693,fashion_shopper,62,0.5726430629001255,27,Vermont,2023-11-13,control
U08694,electronics_buyer,49,0.31749652933712325,8,Wyoming,2025-01-31,variant_a
U08695,electronics_buyer,29,0.2860617750774165,7,Idaho,2024-07-22,variant_a
U08696,hybrid,21,0.45717333955283956,17,Alaska,2025-10-29,variant_b
U08697,electronics_buyer,59,0.8739062742338917,12,Michigan,2025-11-24,variant_a
U08698,electronics_buyer,43,0.15530312443983305,28,Massachusetts,2026-01-22,variant_a
U08699,electronics_buyer,20,0.2966734006792868,4,Maine,2025-02-06,variant_a
U08700,hybrid,34,0.9038366369673323,20,Idaho,2024-02-04,variant_b
U08701,hybrid,26,0.20956111207232547,28,Connecticut,2024-05-16,variant_b
U08702,fashion_shopper,46,0.6666631464377515,25,New York,2025-01-28,control
U08703,fashion_shopper,18,0.2921602313089226,26,Georgia,2023-07-21,control
U08704,fashion_shopper,35,0.6452801627606995,18,New Mexico,2025-12-11,control
U08705,electronics_buyer,58,0.44479375015980893,4,Massachusetts,2024-01-22,variant_a
U08706,electronics_buyer,37,0.19150920678789268,10,Louisiana,2026-03-18,variant_b
U08707,electronics_buyer,58,0.6242275607986958,3,New York,2023-05-29,variant_a
U08708,fashion_shopper,51,0.7147384723761274,26,Maine,2024-12-08,control
U08709,electronics_buyer,45,0.7122453570692225,5,Massachusetts,2026-02-21,variant_b
U08710,hybrid,52,0.6733309681654386,12,Rhode Island,2026-01-28,variant_b
U08711,fashion_shopper,33,0.5502023028419912,23,West Virginia,2026-02-17,control
U08712,electronics_buyer,38,0.5675253551733931,5,New Mexico,2023-08-13,variant_a
U08713,fashion_shopper,30,0.6720760988271637,5,New Mexico,2026-03-24,variant_a
U08714,hybrid,52,0.7212334255719769,4,Connecticut,2025-04-11,variant_b
U08715,hybrid,59,0.6893890649482466,25,Alabama,2025-05-22,variant_b
U08716,electronics_buyer,49,0.6282510084221066,6,New York,2024-01-30,variant_a
U08717,electronics_buyer,55,0.24025508632370657,10,Indiana,2026-02-18,variant_b
U08718,hybrid,23,0.2895548846435756,6,South Dakota,2026-02-21,variant_b
U08719,electronics_buyer,55,0.33420161893181355,27,Alabama,2026-03-03,variant_a
U08720,fashion_shopper,55,0.9276954913787521,22,California,2025-07-02,control
U08721,electronics_buyer,30,0.7834555826172699,22,Georgia,2023-12-05,variant_b
U08722,fashion_shopper,63,0.5975801375831904,1,Delaware,2024-08-16,control
U08723,fashion_shopper,56,0.32685123568964214,16,Louisiana,2025-08-07,variant_a
U08724,hybrid,30,0.19980237091975406,11,South Carolina,2025-07-18,variant_b
U08725,electronics_buyer,64,0.9088833033819772,6,Delaware,2026-05-09,variant_b
U08726,fashion_shopper,29,0.9033994142406253,20,Ohio,2023-06-13,variant_a
U08727,fashion_shopper,50,0.1996260361261224,18,California,2024-10-16,control
U08728,fashion_shopper,45,0.8174949994868465,6,Iowa,2024-06-25,variant_a
U08729,fashion_shopper,20,0.5019805623789214,17,Minnesota,2023-12-10,control
U08730,fashion_shopper,35,0.39157023954748615,12,Vermont,2025-12-07,control
U08731,electronics_buyer,43,0.7651940825878365,17,New York,2023-07-05,variant_b
U08732,fashion_shopper,57,0.6528965869546575,21,South Dakota,2024-07-22,control
U08733,electronics_buyer,19,0.8020270968340036,22,Kansas,2025-01-19,variant_a
U08734,fashion_shopper,21,0.1668959745696434,18,Vermont,2025-05-21,variant_a
U08735,hybrid,45,0.3867283179617108,10,New Jersey,2024-10-02,variant_b
U08736,fashion_shopper,45,0.3873851653750622,24,Oklahoma,2024-06-29,variant_a
U08737,fashion_shopper,42,0.3967777830589889,20,Oregon,2026-03-30,control
U08738,fashion_shopper,43,0.5522318853794249,12,North Dakota,2023-07-26,control
U08739,electronics_buyer,62,0.35471242277285264,4,Maryland,2025-03-31,variant_a
U08740,electronics_buyer,64,0.4999452490787677,10,New Hampshire,2024-11-29,variant_a
U08741,fashion_shopper,19,0.4309998338038742,5,California,2026-05-09,variant_a
U08742,fashion_shopper,59,0.7617664432184602,26,Rhode Island,2024-03-31,variant_a
U08743,fashion_shopper,51,0.643150716107545,4,North Dakota,2026-04-19,control
U08744,electronics_buyer,47,0.6882664890855839,27,Virginia,2023-10-21,variant_a
U08745,electronics_buyer,38,0.28952550467438,16,Hawaii,2025-10-18,variant_a
U08746,fashion_shopper,61,0.3929519487942005,5,Arizona,2023-08-18,control
U08747,fashion_shopper,54,0.11904890285086686,26,New Mexico,2026-01-02,control
U08748,fashion_shopper,61,0.1975372365638529,19,New York,2024-05-02,control
U08749,fashion_shopper,40,0.3385488087899986,24,California,2025-07-19,control
U08750,electronics_buyer,50,0.15891734917181896,6,Utah,2025-08-16,variant_a
U08751,fashion_shopper,19,0.6423691603192322,24,Ohio,2024-01-21,control
U08752,fashion_shopper,44,0.9983171043314427,21,Texas,2024-10-02,control
U08753,fashion_shopper,39,0.19073369265884965,7,Colorado,2023-10-24,control
U08754,hybrid,51,0.8391071914023386,10,South Dakota,2026-03-13,variant_b
U08755,hybrid,33,0.20693462253863246,7,Georgia,2024-08-24,variant_b
U08756,fashion_shopper,37,0.7029226169167925,22,Ohio,2023-12-16,control
U08757,fashion_shopper,43,0.6788418427531154,14,Pennsylvania,2024-10-24,control
U08758,fashion_shopper,33,0.9124452413300793,28,Arkansas,2024-12-04,control
U08759,electronics_buyer,23,0.20255105231246112,10,Tennessee,2025-08-21,variant_a
U08760,fashion_shopper,62,0.383900019473708,29,North Dakota,2025-06-27,control
U08761,electronics_buyer,61,0.18170178431921713,20,Arizona,2024-08-24,variant_b
U08762,electronics_buyer,40,0.46664499322399045,22,Georgia,2023-12-28,variant_a
U08763,hybrid,59,0.9204338562017004,25,Kansas,2025-10-29,variant_b
U08764,fashion_shopper,54,0.8033708359556705,11,New Mexico,2023-06-24,control
U08765,hybrid,25,0.7506100904007872,14,Minnesota,2025-07-14,variant_b
U08766,electronics_buyer,23,0.5797247543764318,12,Kansas,2026-02-12,variant_b
U08767,fashion_shopper,54,0.8951371681019706,4,Kentucky,2024-10-23,control
U08768,fashion_shopper,39,0.5044976184171955,13,Wisconsin,2026-01-29,variant_a
U08769,fashion_shopper,23,0.23471710039057442,22,Maine,2025-06-27,control
U08770,fashion_shopper,49,0.8538267008087013,22,Georgia,2025-06-13,control
U08771,fashion_shopper,34,0.35167449524655414,29,Oregon,2023-12-08,control
U08772,electronics_buyer,55,0.14827018692200328,3,Alabama,2024-04-14,variant_a
U08773,fashion_shopper,34,0.21343422760191225,13,Georgia,2025-04-02,variant_a
U08774,hybrid,54,0.6481530245747333,20,Nebraska,2023-07-07,variant_b
U08775,fashion_shopper,40,0.6463737675290553,19,Wyoming,2025-07-02,control
U08776,hybrid,30,0.33416485397383106,15,North Carolina,2023-09-05,variant_b
U08777,fashion_shopper,49,0.7544621331513811,19,North Dakota,2023-12-08,control
U08778,electronics_buyer,39,0.7962761398595809,26,South Carolina,2023-10-18,variant_b
U08779,fashion_shopper,24,0.9284523635202564,28,Louisiana,2025-06-25,control
U08780,fashion_shopper,39,0.6264437488104133,20,Louisiana,2024-09-18,control
U08781,hybrid,38,0.8014810277328156,29,Virginia,2025-05-09,variant_b
U08782,fashion_shopper,23,0.7777897117944703,4,Colorado,2026-01-28,control
U08783,electronics_buyer,31,0.3320281436204736,6,Minnesota,2025-09-11,variant_a
U08784,electronics_buyer,33,0.3792033351438935,29,Ohio,2024-12-26,variant_a
U08785,electronics_buyer,20,0.5306341561775844,15,Alabama,2024-10-31,variant_a
U08786,electronics_buyer,26,0.11713507077632365,4,Arkansas,2023-07-05,variant_a
U08787,electronics_buyer,64,0.36765799584195125,6,Wisconsin,2024-07-21,variant_b
U08788,fashion_shopper,38,0.5264945860098141,2,Florida,2025-08-09,control
U08789,electronics_buyer,47,0.19726236575302936,4,Maine,2025-04-23,variant_a
U08790,hybrid,47,0.2136482989976129,18,West Virginia,2026-03-02,variant_b
U08791,fashion_shopper,59,0.516913062163607,15,Mississippi,2024-03-02,control
U08792,fashion_shopper,59,0.7578685284273381,12,Washington,2024-05-08,control
U08793,electronics_buyer,49,0.8503740378286149,8,Alaska,2023-12-31,variant_b
U08794,fashion_shopper,40,0.5916825077542738,12,Arkansas,2025-07-24,variant_a
U08795,fashion_shopper,20,0.5272740887920581,9,Illinois,2026-03-05,variant_a
U08796,fashion_shopper,18,0.4458525116137797,7,Nevada,2025-04-14,control
U08797,electronics_buyer,20,0.2736540931938456,22,Wisconsin,2023-08-31,variant_a
U08798,fashion_shopper,54,0.23190580253292825,8,Georgia,2026-03-24,control
U08799,electronics_buyer,24,0.8127068064956273,20,Rhode Island,2025-08-31,variant_a
U08800,electronics_buyer,20,0.5185059689911026,10,Wyoming,2025-03-20,variant_b
U08801,fashion_shopper,53,0.8112882209317792,11,Idaho,2025-05-11,control
U08802,electronics_buyer,20,0.7336747323105667,2,Delaware,2025-02-28,variant_a
U08803,hybrid,21,0.27450632294504096,4,North Carolina,2025-02-08,variant_b
U08804,electronics_buyer,48,0.5592765377901032,21,New Mexico,2025-09-14,variant_b
U08805,hybrid,19,0.49961496738041267,25,Connecticut,2026-02-20,variant_b
U08806,fashion_shopper,31,0.4814861554816271,21,Hawaii,2023-06-01,variant_a
U08807,electronics_buyer,54,0.5883139442834324,25,Pennsylvania,2025-03-08,variant_b
U08808,fashion_shopper,48,0.9838737109678941,9,Kansas,2023-08-15,control
U08809,fashion_shopper,19,0.8316105379036708,8,Ohio,2024-03-11,control
U08810,fashion_shopper,48,0.9133411884673525,5,Nevada,2023-07-15,control
U08811,fashion_shopper,64,0.12667562485843378,14,Utah,2026-04-02,variant_a
U08812,hybrid,60,0.22630273011325536,28,New Hampshire,2026-04-11,variant_b
U08813,fashion_shopper,39,0.17628729420210715,2,Colorado,2026-03-23,variant_a
U08814,electronics_buyer,27,0.33690790455874897,21,Kansas,2024-04-12,variant_a
U08815,electronics_buyer,47,0.49770324276998545,27,Delaware,2025-12-26,variant_b
U08816,electronics_buyer,50,0.6778479228903006,17,Massachusetts,2023-12-08,variant_a
U08817,fashion_shopper,36,0.5507481396579418,8,Hawaii,2024-01-19,variant_a
U08818,electronics_buyer,63,0.9128655234218258,2,Iowa,2023-11-23,variant_a
U08819,fashion_shopper,42,0.9458703630044774,23,Connecticut,2025-10-14,variant_a
U08820,fashion_shopper,63,0.24716885607771302,15,New Hampshire,2025-11-17,control
U08821,hybrid,18,0.8676216282383066,27,Maine,2023-07-19,variant_b
U08822,fashion_shopper,49,0.5335499836119709,2,New Hampshire,2025-03-29,control
U08823,fashion_shopper,42,0.5079965241856459,28,Hawaii,2025-01-15,control
U08824,hybrid,58,0.8064454136361113,11,Maryland,2023-11-19,variant_b
U08825,fashion_shopper,34,0.18382645814038895,14,Wisconsin,2025-12-13,control
U08826,electronics_buyer,31,0.8942438146772319,21,Oklahoma,2025-04-19,variant_a
U08827,fashion_shopper,62,0.7037770190928532,10,North Dakota,2024-06-07,control
U08828,fashion_shopper,30,0.8877354468921981,7,Rhode Island,2025-03-30,variant_a
U08829,fashion_shopper,55,0.9950298199368605,22,Indiana,2023-06-30,control
U08830,fashion_shopper,56,0.5662040071215281,14,Arizona,2025-04-05,variant_a
U08831,fashion_shopper,19,0.18393597811803608,13,Washington,2024-01-10,variant_a
U08832,electronics_buyer,49,0.24987147663779785,21,West Virginia,2023-08-05,variant_b
U08833,electronics_buyer,49,0.3912564182988789,22,Iowa,2025-08-28,variant_a
U08834,hybrid,57,0.1931976479212386,2,Louisiana,2026-05-03,variant_b
U08835,fashion_shopper,23,0.8338076435239928,10,Arizona,2025-10-31,control
U08836,electronics_buyer,42,0.3671810659294916,1,Colorado,2026-04-25,variant_a
U08837,electronics_buyer,20,0.9782975692178787,1,Florida,2025-09-14,variant_a
U08838,hybrid,35,0.7323322887386701,24,Kansas,2026-05-02,variant_b
U08839,fashion_shopper,55,0.2560873332300019,3,Massachusetts,2024-02-19,control
U08840,electronics_buyer,60,0.5284383822495463,11,Ohio,2024-01-18,variant_a
U08841,hybrid,20,0.5201957994699891,19,Colorado,2026-02-05,variant_b
U08842,fashion_shopper,22,0.5432604925002705,9,Virginia,2025-10-29,control
U08843,hybrid,41,0.582122053578642,13,New York,2026-04-11,variant_b
U08844,fashion_shopper,51,0.12805577408595778,22,Ohio,2026-05-03,control
U08845,electronics_buyer,64,0.7176710131692611,4,Massachusetts,2026-04-08,variant_b
U08846,hybrid,56,0.538472597759599,20,Florida,2023-12-12,variant_b
U08847,electronics_buyer,41,0.811868858981829,23,Hawaii,2025-10-14,variant_a
U08848,fashion_shopper,53,0.8338146159343875,6,Florida,2025-06-17,variant_a
U08849,fashion_shopper,45,0.3074816097925457,2,Maryland,2024-08-27,control
U08850,hybrid,51,0.14358065178410004,9,Louisiana,2024-10-01,variant_b
U08851,electronics_buyer,33,0.7329104705010904,18,New York,2024-01-28,variant_a
U08852,fashion_shopper,53,0.9799865096174869,24,Wisconsin,2025-08-23,control
U08853,electronics_buyer,24,0.501992187922811,4,Oregon,2025-08-05,variant_b
U08854,electronics_buyer,35,0.3336515286342362,26,Alabama,2024-06-01,variant_a
U08855,fashion_shopper,23,0.2410047051251329,1,South Dakota,2026-04-23,control
U08856,fashion_shopper,45,0.3587010376515266,1,Hawaii,2025-03-28,control
U08857,fashion_shopper,56,0.3951275962343048,25,Vermont,2025-07-13,control
U08858,electronics_buyer,51,0.48148726909101813,20,Illinois,2024-12-20,variant_a
U08859,electronics_buyer,58,0.6898664108931278,17,South Dakota,2025-09-25,variant_a
U08860,electronics_buyer,46,0.34584675047220437,19,Georgia,2025-07-21,variant_a
U08861,hybrid,21,0.1458790871218084,3,Connecticut,2025-08-09,variant_b
U08862,hybrid,31,0.4359507504154476,23,Wisconsin,2025-06-25,variant_b
U08863,electronics_buyer,22,0.8700666545431681,22,New Mexico,2023-09-26,variant_a
U08864,fashion_shopper,42,0.5485163597666954,24,Tennessee,2024-12-27,control
U08865,electronics_buyer,56,0.9683053819708688,23,South Carolina,2024-11-12,variant_b
U08866,fashion_shopper,25,0.5532593779798586,17,Missouri,2025-11-15,variant_a
U08867,electronics_buyer,32,0.34830893522966305,3,Georgia,2024-08-25,variant_a
U08868,electronics_buyer,36,0.27398259752069315,25,North Carolina,2024-11-20,variant_a
U08869,fashion_shopper,28,0.7250720471070188,4,Mississippi,2024-01-29,variant_a
U08870,hybrid,37,0.5827431571996927,27,Delaware,2024-03-09,variant_b
U08871,fashion_shopper,53,0.6435990360958973,28,New Mexico,2025-11-28,control
U08872,electronics_buyer,35,0.779614110400718,27,Alabama,2024-10-19,variant_b
U08873,fashion_shopper,31,0.7533131178384036,29,Ohio,2025-07-28,control
U08874,hybrid,55,0.1390269701514043,13,Rhode Island,2025-10-21,variant_b
U08875,fashion_shopper,42,0.8223147147655254,15,Arizona,2025-03-18,control
U08876,fashion_shopper,33,0.5794329763465403,12,Louisiana,2023-08-02,control
U08877,fashion_shopper,35,0.45253767773329534,3,Connecticut,2023-06-13,control
U08878,fashion_shopper,18,0.5837674836412633,21,South Dakota,2024-01-30,variant_a
U08879,fashion_shopper,57,0.6512063036115925,8,Washington,2023-12-02,control
U08880,electronics_buyer,18,0.2345556788864173,1,Michigan,2023-09-18,variant_a
U08881,fashion_shopper,18,0.4756738557938005,18,South Dakota,2024-01-30,variant_a
U08882,fashion_shopper,38,0.40202758916936543,13,Louisiana,2024-06-10,control
U08883,fashion_shopper,42,0.4153680503362346,7,Massachusetts,2025-02-09,control
U08884,hybrid,44,0.1822014445665774,13,South Carolina,2025-01-30,variant_b
U08885,electronics_buyer,27,0.24385913920020738,17,Indiana,2024-12-02,variant_b
U08886,electronics_buyer,29,0.24564886082759924,13,Missouri,2024-11-10,variant_b
U08887,electronics_buyer,45,0.435902268899483,29,Rhode Island,2024-11-06,variant_b
U08888,fashion_shopper,49,0.9050423903873124,13,Mississippi,2023-12-28,control
U08889,fashion_shopper,50,0.2854246347288484,11,Montana,2023-11-20,control
U08890,fashion_shopper,25,0.4745732569073241,14,California,2025-05-18,control
U08891,hybrid,59,0.3804484737692241,21,Illinois,2024-03-19,variant_b
U08892,hybrid,43,0.8086449812962043,10,Alabama,2024-03-09,variant_b
U08893,electronics_buyer,59,0.14511378908873454,8,Rhode Island,2023-10-02,variant_a
U08894,fashion_shopper,58,0.2768890559823014,6,Illinois,2023-06-21,control
U08895,fashion_shopper,19,0.28957738811931494,19,Indiana,2023-08-09,control
U08896,fashion_shopper,52,0.9936665202819082,23,Nebraska,2023-05-26,control
U08897,electronics_buyer,51,0.6136975161696733,19,Maryland,2025-08-08,variant_a
U08898,fashion_shopper,23,0.2250624379451664,12,Vermont,2024-06-27,control
U08899,hybrid,48,0.3449792253489089,21,South Dakota,2024-10-25,variant_b
U08900,fashion_shopper,40,0.2510398847106319,7,Minnesota,2024-07-18,variant_a
U08901,hybrid,29,0.21214411265750321,18,New Mexico,2023-06-19,variant_b
U08902,electronics_buyer,45,0.8174638255671033,26,Nevada,2023-10-27,variant_b
U08903,electronics_buyer,32,0.5461773657943194,20,Louisiana,2025-11-18,variant_b
U08904,electronics_buyer,36,0.6680891231639032,18,New Hampshire,2023-12-30,variant_a
U08905,electronics_buyer,29,0.3981261222927964,23,Kansas,2025-01-06,variant_a
U08906,electronics_buyer,19,0.5983255774605964,3,New York,2024-10-02,variant_a
U08907,electronics_buyer,28,0.3318121292713274,9,Colorado,2026-01-10,variant_a
U08908,electronics_buyer,61,0.3772326474354114,27,Vermont,2026-05-13,variant_a
U08909,hybrid,54,0.6870141499300597,6,South Dakota,2023-08-25,variant_b
U08910,electronics_buyer,55,0.23531511332730723,1,Indiana,2023-06-22,variant_b
U08911,electronics_buyer,42,0.6554996732507157,10,Illinois,2025-03-28,variant_b
U08912,hybrid,60,0.8670113347808145,8,Colorado,2025-03-12,variant_b
U08913,fashion_shopper,38,0.20838090356269218,29,Virginia,2023-10-08,control
U08914,fashion_shopper,59,0.9077151525129811,23,Indiana,2024-12-14,control
U08915,electronics_buyer,53,0.1715011122690055,17,Arizona,2025-10-02,variant_a
U08916,electronics_buyer,26,0.41401830426028574,3,Nebraska,2023-07-28,variant_a
U08917,hybrid,29,0.6494583837141951,3,Texas,2024-04-22,variant_b
U08918,fashion_shopper,27,0.6034732841066832,3,Oregon,2023-11-11,variant_a
U08919,electronics_buyer,63,0.1867519652449901,7,New York,2023-11-13,variant_a
U08920,electronics_buyer,22,0.8190218510072678,22,Delaware,2024-04-05,variant_a
U08921,fashion_shopper,50,0.9758379638307275,11,Indiana,2023-07-23,control
U08922,electronics_buyer,22,0.2631054602653931,28,Pennsylvania,2024-02-02,variant_a
U08923,hybrid,33,0.9056178728339165,18,Missouri,2024-03-16,variant_b
U08924,fashion_shopper,54,0.6011284979005754,5,Minnesota,2025-02-25,control
U08925,electronics_buyer,54,0.9423403941207946,22,Kansas,2025-12-22,variant_a
U08926,electronics_buyer,46,0.258477362575085,28,New Jersey,2025-01-25,variant_a
U08927,fashion_shopper,35,0.8128192538614821,2,Illinois,2024-01-16,control
U08928,fashion_shopper,46,0.15380341790079805,14,North Dakota,2023-08-06,control
U08929,hybrid,23,0.8948768021224538,1,Idaho,2026-03-09,variant_b
U08930,fashion_shopper,35,0.7067434799796702,4,Alabama,2024-04-25,variant_a
U08931,fashion_shopper,49,0.433229305530187,14,Hawaii,2024-05-13,control
U08932,fashion_shopper,59,0.2714201411480651,15,New Mexico,2023-06-08,control
U08933,electronics_buyer,64,0.8348797887104843,28,Iowa,2024-05-09,variant_a
U08934,electronics_buyer,48,0.6429171892553304,20,South Carolina,2023-11-04,variant_a
U08935,electronics_buyer,28,0.4243742676532013,20,Kansas,2024-06-14,variant_a
U08936,fashion_shopper,43,0.4994522423222647,17,New Hampshire,2024-09-17,control
U08937,hybrid,45,0.8438883904651389,3,Kentucky,2023-06-01,variant_b
U08938,fashion_shopper,44,0.405034474021181,23,Utah,2024-07-03,variant_a
U08939,fashion_shopper,36,0.18066941029893585,4,Oklahoma,2025-08-11,control
U08940,electronics_buyer,62,0.9201539549831255,18,Ohio,2025-10-31,variant_a
U08941,fashion_shopper,44,0.4486093656922312,24,West Virginia,2024-07-20,variant_a
U08942,hybrid,37,0.4135487600036921,27,Arkansas,2025-02-20,variant_b
U08943,hybrid,20,0.28395965698834547,1,Washington,2024-11-12,variant_b
U08944,fashion_shopper,33,0.907680314105511,29,Idaho,2026-05-14,control
U08945,hybrid,56,0.2957548003190505,25,New Mexico,2025-08-20,variant_b
U08946,electronics_buyer,61,0.6730055812012453,5,New York,2026-03-25,variant_b
U08947,hybrid,46,0.8926885104472927,18,North Dakota,2024-05-11,variant_b
U08948,fashion_shopper,32,0.13142225314289568,13,Utah,2024-03-22,control
U08949,electronics_buyer,47,0.8459125347701761,14,South Carolina,2025-01-17,variant_a
U08950,fashion_shopper,57,0.469539479520797,20,New York,2023-12-23,control
U08951,hybrid,18,0.6921771177386906,3,Maryland,2024-03-20,variant_b
U08952,fashion_shopper,46,0.43516410690299856,23,Idaho,2023-10-13,control
U08953,electronics_buyer,47,0.7259646307127445,6,Mississippi,2024-02-29,variant_a
U08954,fashion_shopper,57,0.32886542310192923,27,Virginia,2024-06-17,control
U08955,fashion_shopper,63,0.11973748819185664,28,Rhode Island,2024-10-01,control
U08956,electronics_buyer,49,0.9530087633091582,11,Washington,2023-07-16,variant_a
U08957,hybrid,27,0.1147309876360745,9,Minnesota,2023-07-16,variant_b
U08958,electronics_buyer,44,0.8416893606701564,20,Oregon,2023-08-15,variant_a
U08959,hybrid,25,0.2522238339902264,28,Idaho,2023-06-15,variant_b
U08960,fashion_shopper,53,0.45299820574182514,19,Montana,2023-06-02,control
U08961,electronics_buyer,59,0.8402431388554502,7,Nevada,2025-10-25,variant_a
U08962,electronics_buyer,52,0.2853389352811108,22,New Hampshire,2025-08-16,variant_a
U08963,fashion_shopper,53,0.8791368449725322,21,New Jersey,2026-02-18,control
U08964,electronics_buyer,53,0.5479830451917113,10,Florida,2025-10-02,variant_a
U08965,electronics_buyer,42,0.42953811644554896,7,Washington,2025-10-17,variant_a
U08966,electronics_buyer,37,0.6961939720627025,5,Washington,2024-11-27,variant_a
U08967,electronics_buyer,62,0.4072507497828618,25,Oregon,2024-08-13,variant_b
U08968,electronics_buyer,34,0.4125595230967213,28,Ohio,2024-05-18,variant_a
U08969,fashion_shopper,40,0.7601737518444729,4,Pennsylvania,2025-11-04,control
U08970,fashion_shopper,42,0.3788490020851971,17,Alaska,2024-08-15,control
U08971,electronics_buyer,48,0.2806953835189826,26,Oklahoma,2024-08-21,variant_a
U08972,fashion_shopper,23,0.8268815151969149,28,Illinois,2024-09-21,control
U08973,fashion_shopper,52,0.8248339303545086,5,Illinois,2024-09-26,control
U08974,fashion_shopper,21,0.5478271333361824,17,New Hampshire,2024-02-23,variant_a
U08975,electronics_buyer,57,0.5739900545466596,28,Arkansas,2025-07-03,variant_a
U08976,fashion_shopper,37,0.7264689631908747,29,Missouri,2024-08-31,control
U08977,electronics_buyer,58,0.5583468625861902,17,New Jersey,2025-11-25,variant_b
U08978,electronics_buyer,18,0.4753359630723093,17,Iowa,2023-09-08,variant_a
U08979,fashion_shopper,62,0.9954047739670712,1,Massachusetts,2026-03-08,control
U08980,electronics_buyer,43,0.23287638506730304,24,Nebraska,2024-04-01,variant_b
U08981,electronics_buyer,51,0.6334551813158745,2,Iowa,2023-06-28,variant_a
U08982,electronics_buyer,27,0.8972767234680942,25,Virginia,2023-06-07,variant_a
U08983,electronics_buyer,40,0.7184935370630032,23,Illinois,2023-07-01,variant_a
U08984,fashion_shopper,41,0.8928309691794145,27,Ohio,2026-05-06,control
U08985,electronics_buyer,30,0.4027012483192054,19,Maine,2025-09-23,variant_b
U08986,fashion_shopper,46,0.3447936786342153,9,Kansas,2026-03-15,variant_a
U08987,hybrid,63,0.8661451482118943,20,Kentucky,2024-12-10,variant_b
U08988,hybrid,44,0.4547031185669145,23,Florida,2024-12-15,variant_b
U08989,electronics_buyer,48,0.7387140907515801,15,Maine,2025-09-14,variant_a
U08990,fashion_shopper,60,0.23297372057270285,19,Pennsylvania,2023-11-04,control
U08991,fashion_shopper,27,0.7802543128390073,5,New Hampshire,2026-03-08,control
U08992,fashion_shopper,48,0.5940843841223824,13,Iowa,2026-04-29,variant_a
U08993,electronics_buyer,56,0.3417504759194148,4,Louisiana,2025-04-08,variant_a
U08994,fashion_shopper,27,0.5450535675630146,13,Washington,2023-05-25,control
U08995,electronics_buyer,41,0.7272492632557331,6,Nebraska,2024-12-22,variant_a
U08996,fashion_shopper,50,0.11069776796264531,12,New York,2025-05-03,control
U08997,hybrid,31,0.6737203529327165,29,Massachusetts,2024-03-03,variant_b
U08998,fashion_shopper,52,0.587431700445947,9,Washington,2025-02-25,control
U08999,hybrid,62,0.29825755097205936,15,Ohio,2023-08-30,variant_b
U09000,hybrid,51,0.777682966578577,21,Louisiana,2026-04-07,variant_b
U09001,electronics_buyer,34,0.3731148861698811,15,Maine,2024-10-02,variant_a
U09002,electronics_buyer,38,0.3491748383919083,17,Wisconsin,2024-12-22,variant_b
U09003,fashion_shopper,49,0.5240965140993904,29,Oklahoma,2024-01-09,variant_a
U09004,electronics_buyer,20,0.7085347105801283,5,Texas,2024-02-16,variant_a
U09005,fashion_shopper,32,0.9359613782886289,5,New Hampshire,2024-02-16,variant_a
U09006,fashion_shopper,25,0.22722151881889358,25,Nebraska,2023-09-18,control
U09007,electronics_buyer,49,0.45682130867656034,24,Vermont,2024-11-12,variant_a
U09008,electronics_buyer,55,0.16029063326136694,5,Minnesota,2023-11-18,variant_a
U09009,electronics_buyer,43,0.7826956727245682,21,New Hampshire,2024-04-14,variant_a
U09010,fashion_shopper,47,0.5029596007132247,14,New Jersey,2025-06-22,control
U09011,fashion_shopper,26,0.7362362216693666,2,New York,2025-02-19,variant_a
U09012,fashion_shopper,49,0.3899749815786586,9,Delaware,2024-08-09,control
U09013,fashion_shopper,28,0.8598855172656911,14,New Hampshire,2025-03-11,control
U09014,fashion_shopper,39,0.5813452704161033,27,Georgia,2025-11-13,control
U09015,fashion_shopper,51,0.9492470396412895,15,Rhode Island,2024-09-03,control
U09016,fashion_shopper,58,0.17093317522963078,4,Oklahoma,2024-03-31,control
U09017,hybrid,35,0.562849142087867,23,Arizona,2025-09-19,variant_b
U09018,fashion_shopper,36,0.7898097213979288,26,Tennessee,2025-12-21,control
U09019,electronics_buyer,35,0.6401373832662532,6,Nevada,2025-05-20,variant_a
U09020,fashion_shopper,54,0.12087472638415848,14,Nebraska,2024-10-30,control
U09021,hybrid,35,0.9751048105094927,5,Washington,2025-10-23,variant_b
U09022,electronics_buyer,29,0.3684373237683086,27,Kansas,2026-01-19,variant_a
U09023,fashion_shopper,21,0.32435007972974383,11,Maine,2024-11-04,control
U09024,electronics_buyer,64,0.5370938880459216,21,Nebraska,2023-11-25,variant_a
U09025,fashion_shopper,60,0.5879422967710141,14,North Dakota,2024-11-26,variant_a
U09026,electronics_buyer,44,0.7896593238308428,7,Idaho,2023-12-25,variant_a
U09027,fashion_shopper,22,0.4539462918930902,14,Ohio,2025-12-05,control
U09028,hybrid,23,0.495964338815991,13,Arizona,2026-01-06,variant_b
U09029,fashion_shopper,30,0.5814639243404479,18,Idaho,2025-08-16,variant_a
U09030,fashion_shopper,40,0.45494838976747665,25,Indiana,2025-06-18,variant_a
U09031,electronics_buyer,59,0.9230932711910403,2,Pennsylvania,2025-03-14,variant_b
U09032,fashion_shopper,42,0.8661267699708269,9,Minnesota,2025-08-29,variant_a
U09033,hybrid,63,0.5094763255700905,11,Oregon,2023-06-30,variant_b
U09034,electronics_buyer,21,0.10017537610358543,20,Montana,2024-07-06,variant_a
U09035,electronics_buyer,49,0.9108410459763525,29,Idaho,2026-01-20,variant_b
U09036,fashion_shopper,61,0.21190291609551873,26,Arizona,2025-09-28,control
U09037,hybrid,32,0.3200611736746416,11,Pennsylvania,2026-03-30,variant_b
U09038,electronics_buyer,43,0.23712515592885838,26,New Jersey,2023-12-13,variant_b
U09039,fashion_shopper,59,0.2618340129829214,6,New York,2025-06-19,control
U09040,fashion_shopper,28,0.8225897841008513,1,New Hampshire,2023-11-23,control
U09041,fashion_shopper,26,0.6215512974993318,5,Illinois,2026-05-07,control
U09042,hybrid,28,0.9604856468128137,22,Missouri,2025-12-30,variant_b
U09043,fashion_shopper,19,0.30830816109134485,25,North Carolina,2026-01-03,control
U09044,electronics_buyer,62,0.5370714173181106,14,Hawaii,2025-07-18,variant_a
U09045,fashion_shopper,44,0.9796855321742229,25,Nevada,2023-12-19,control
U09046,fashion_shopper,43,0.8437991628472927,16,Arizona,2025-12-22,variant_a
U09047,electronics_buyer,25,0.7557541112084419,9,Missouri,2025-05-16,variant_a
U09048,hybrid,38,0.2700776812337128,19,Virginia,2024-03-01,variant_b
U09049,electronics_buyer,38,0.7924648608187445,29,Texas,2023-09-23,variant_a
U09050,hybrid,25,0.412808610336326,20,Utah,2024-04-16,variant_b
U09051,electronics_buyer,18,0.5774832073420819,8,South Carolina,2024-07-09,variant_a
U09052,fashion_shopper,55,0.6482450917355862,8,West Virginia,2024-03-11,control
U09053,fashion_shopper,30,0.6484273403718287,16,Nebraska,2024-11-10,control
U09054,electronics_buyer,26,0.7538711247221648,18,Oregon,2025-12-24,variant_a
U09055,hybrid,45,0.695531883377985,8,Ohio,2023-07-24,variant_b
U09056,hybrid,23,0.16153379137953086,23,Massachusetts,2025-11-24,variant_b
U09057,fashion_shopper,64,0.5116123233541966,9,Virginia,2024-09-27,control
U09058,fashion_shopper,40,0.6976194460479813,5,South Dakota,2025-08-25,control
U09059,fashion_shopper,53,0.36639368394915584,2,Colorado,2024-06-01,control
U09060,hybrid,34,0.3817510184947507,21,Mississippi,2025-04-16,variant_b
U09061,hybrid,26,0.21211079297915397,14,Nevada,2024-07-21,variant_b
U09062,electronics_buyer,29,0.4767534873773699,18,Indiana,2025-03-20,variant_b
U09063,fashion_shopper,39,0.9881473908755573,13,Arkansas,2026-01-29,variant_a
U09064,electronics_buyer,29,0.3567874251592337,12,Oklahoma,2023-12-16,variant_a
U09065,electronics_buyer,23,0.5782932034174882,15,Minnesota,2024-09-18,variant_a
U09066,fashion_shopper,61,0.7689135275011759,21,Maryland,2025-03-13,control
U09067,electronics_buyer,26,0.1121475437958436,15,Washington,2024-05-23,variant_a
U09068,fashion_shopper,54,0.910395603638469,29,South Carolina,2024-01-30,control
U09069,fashion_shopper,20,0.44789516625244463,25,Ohio,2026-03-03,control
U09070,hybrid,51,0.882204388039884,23,New Hampshire,2026-03-17,variant_b
U09071,electronics_buyer,25,0.13505289300953024,23,New Jersey,2023-07-25,variant_b
U09072,fashion_shopper,27,0.23109719667730827,1,Idaho,2023-12-06,variant_a
U09073,electronics_buyer,64,0.39027650902980326,25,South Dakota,2025-04-20,variant_a
U09074,fashion_shopper,58,0.4109155957569509,22,Maine,2025-08-20,variant_a
U09075,electronics_buyer,59,0.8630148007252149,7,New Jersey,2024-11-10,variant_b
U09076,electronics_buyer,60,0.11008100384941169,13,Delaware,2026-03-25,variant_b
U09077,electronics_buyer,26,0.6770005988227116,28,Illinois,2023-05-31,variant_b
U09078,electronics_buyer,31,0.21818119256069524,18,Minnesota,2024-10-26,variant_b
U09079,fashion_shopper,54,0.8408940856399445,1,Arkansas,2023-07-09,control
U09080,fashion_shopper,44,0.800715939362121,11,Mississippi,2025-02-07,control
U09081,electronics_buyer,58,0.5499289246700806,13,Texas,2026-04-23,variant_a
U09082,fashion_shopper,49,0.2914185029611377,20,South Dakota,2024-10-22,control
U09083,electronics_buyer,21,0.6710458518690007,28,Michigan,2024-12-20,variant_b
U09084,fashion_shopper,19,0.24063248589188108,9,New Hampshire,2026-04-11,control
U09085,fashion_shopper,50,0.27102141333338814,25,Minnesota,2024-07-27,control
U09086,fashion_shopper,38,0.6640209120028219,16,Maryland,2025-12-12,variant_a
U09087,hybrid,18,0.9921056014797619,11,New Hampshire,2025-09-24,variant_b
U09088,fashion_shopper,61,0.9019547535272916,3,Colorado,2023-10-16,control
U09089,electronics_buyer,28,0.6337966219153094,17,Arkansas,2023-09-02,variant_a
U09090,fashion_shopper,18,0.5846830918906814,2,West Virginia,2024-03-10,variant_a
U09091,fashion_shopper,63,0.9985463920072977,9,New York,2026-03-11,control
U09092,electronics_buyer,28,0.5926574328705043,9,Minnesota,2026-05-10,variant_a
U09093,electronics_buyer,24,0.47810486976349953,16,Idaho,2025-03-23,variant_b
U09094,electronics_buyer,19,0.9185999821978073,28,Colorado,2024-03-22,variant_a
U09095,hybrid,32,0.3107658662823594,1,Ohio,2025-04-10,variant_b
U09096,fashion_shopper,25,0.18777339126712808,25,Texas,2025-01-14,control
U09097,fashion_shopper,64,0.6706810309256472,17,Alabama,2024-11-27,control
U09098,hybrid,43,0.1862646703918741,10,Illinois,2023-05-27,variant_b
U09099,fashion_shopper,57,0.43583368325766414,20,Wyoming,2024-01-12,variant_a
U09100,electronics_buyer,59,0.48121964702354847,5,Washington,2025-07-06,variant_a
U09101,electronics_buyer,52,0.5927842603443099,8,Nebraska,2024-01-04,variant_b
U09102,fashion_shopper,63,0.992493591173166,13,New Hampshire,2023-11-22,control
U09103,electronics_buyer,58,0.29888355099986275,21,New York,2024-03-10,variant_b
U09104,fashion_shopper,58,0.4381807406562208,5,Washington,2023-10-31,control
U09105,fashion_shopper,38,0.21901611196959223,4,Missouri,2023-11-04,control
U09106,fashion_shopper,55,0.6468521734299112,25,Colorado,2025-01-28,control
U09107,hybrid,25,0.7549058640770502,29,Maryland,2025-06-21,variant_b
U09108,fashion_shopper,60,0.533869140912291,8,Massachusetts,2025-05-10,control
U09109,electronics_buyer,49,0.3212481414609739,25,Oklahoma,2023-09-20,variant_b
U09110,hybrid,25,0.6587994422635729,23,California,2025-06-11,variant_b
U09111,electronics_buyer,61,0.5852419510319645,7,Hawaii,2025-05-24,variant_a
U09112,electronics_buyer,27,0.254067151063346,5,Mississippi,2024-06-03,variant_a
U09113,electronics_buyer,40,0.4651137104519173,10,Minnesota,2023-10-15,variant_a
U09114,fashion_shopper,21,0.4916773824716755,17,Colorado,2024-07-27,control
U09115,electronics_buyer,55,0.9843559783942896,28,Tennessee,2025-12-09,variant_a
U09116,electronics_buyer,47,0.8643572489399696,6,South Dakota,2023-08-25,variant_a
U09117,hybrid,58,0.7609337094462344,10,Rhode Island,2024-10-28,variant_b
U09118,hybrid,40,0.8998993229526527,16,Wyoming,2024-09-18,variant_b
U09119,hybrid,22,0.7619359652458435,22,Montana,2023-05-31,variant_b
U09120,hybrid,38,0.91306166961316,10,Utah,2026-03-08,variant_b
U09121,electronics_buyer,23,0.1490978033915572,4,Nevada,2025-02-05,variant_a
U09122,electronics_buyer,34,0.5104595883402249,2,Arizona,2025-08-03,variant_a
U09123,hybrid,42,0.7722085017176502,1,Washington,2024-01-02,variant_b
U09124,fashion_shopper,41,0.6249662169490121,3,Utah,2024-12-06,variant_a
U09125,hybrid,39,0.25764954773570803,27,Nebraska,2026-03-30,variant_b
U09126,fashion_shopper,30,0.4064428778756808,13,Alabama,2024-03-17,variant_a
U09127,electronics_buyer,34,0.3859969375240222,29,Nebraska,2025-03-15,variant_a
U09128,electronics_buyer,31,0.3352122218659024,25,California,2024-11-24,variant_b
U09129,hybrid,51,0.4088219981625695,12,New Jersey,2025-08-01,variant_b
U09130,fashion_shopper,43,0.563367959615009,1,Missouri,2023-11-20,control
U09131,electronics_buyer,36,0.8693821223049484,21,Maryland,2026-02-04,variant_b
U09132,electronics_buyer,43,0.7678293961543807,10,Alaska,2024-05-17,variant_a
U09133,fashion_shopper,20,0.8517247336146103,6,Arkansas,2024-06-11,control
U09134,electronics_buyer,19,0.8952433701067777,9,Arizona,2024-06-29,variant_b
U09135,electronics_buyer,45,0.47453541048784653,1,Maine,2024-01-21,variant_a
U09136,electronics_buyer,19,0.41142365562407246,12,Kansas,2026-02-17,variant_a
U09137,fashion_shopper,39,0.15186104351574564,5,Idaho,2024-09-19,control
U09138,electronics_buyer,24,0.9374424596887909,1,Illinois,2026-05-06,variant_a
U09139,electronics_buyer,21,0.15924071614432955,2,Kansas,2024-09-30,variant_a
U09140,fashion_shopper,55,0.7670219638334234,14,Wisconsin,2023-06-09,variant_a
U09141,fashion_shopper,56,0.4402974740190285,2,Maine,2023-08-11,control
U09142,hybrid,37,0.9539026970492677,27,Alaska,2025-08-14,variant_b
U09143,electronics_buyer,23,0.4776418188407161,5,Minnesota,2023-07-26,variant_a
U09144,electronics_buyer,26,0.8349475162192448,10,West Virginia,2025-11-05,variant_b
U09145,fashion_shopper,48,0.354389348947309,20,Washington,2023-06-20,variant_a
U09146,fashion_shopper,43,0.36917984551946204,6,Oregon,2024-02-28,variant_a
U09147,fashion_shopper,53,0.6359674688905907,5,Indiana,2026-01-18,variant_a
U09148,fashion_shopper,43,0.9981843703367264,2,Louisiana,2023-05-29,variant_a
U09149,electronics_buyer,45,0.5658151761812766,9,Indiana,2025-12-13,variant_a
U09150,electronics_buyer,22,0.9426777727539615,29,Indiana,2025-04-03,variant_a
U09151,electronics_buyer,27,0.807624845423855,10,North Dakota,2025-01-03,variant_a
U09152,fashion_shopper,35,0.8162778827595114,8,Missouri,2023-07-09,control
U09153,electronics_buyer,32,0.4923639902158877,25,North Carolina,2024-09-17,variant_a
U09154,fashion_shopper,50,0.4478880251555206,27,Idaho,2025-09-17,control
U09155,fashion_shopper,22,0.2727296272817339,6,Pennsylvania,2024-10-18,control
U09156,hybrid,54,0.9675471402852882,5,South Dakota,2025-04-03,variant_b
U09157,electronics_buyer,57,0.9634542511994381,21,Oregon,2024-01-28,variant_a
U09158,electronics_buyer,39,0.7723609608791645,18,New Hampshire,2026-01-16,variant_a
U09159,fashion_shopper,39,0.36662720486740263,27,Idaho,2026-02-01,variant_a
U09160,hybrid,39,0.32066158630805397,20,Wyoming,2025-12-02,variant_b
U09161,electronics_buyer,32,0.9897492181482667,18,Texas,2024-09-06,variant_a
U09162,electronics_buyer,34,0.15988853359735977,2,Iowa,2026-02-20,variant_b
U09163,fashion_shopper,62,0.8592078629271781,12,Mississippi,2025-06-24,variant_a
U09164,hybrid,45,0.41991220043422717,8,Oklahoma,2026-02-23,variant_b
U09165,hybrid,39,0.47698274775449845,4,Colorado,2025-09-04,variant_b
U09166,hybrid,38,0.8487798838739534,28,West Virginia,2025-06-09,variant_b
U09167,fashion_shopper,59,0.18154271440482223,20,Oklahoma,2026-02-23,control
U09168,fashion_shopper,34,0.4187527106682315,23,Texas,2025-05-16,control
U09169,fashion_shopper,22,0.9568218494526157,4,Florida,2025-08-23,control
U09170,fashion_shopper,35,0.7291593214941308,9,Michigan,2024-08-30,control
U09171,hybrid,34,0.7794452483253014,9,North Carolina,2024-06-08,variant_b
U09172,fashion_shopper,21,0.7817547708599287,12,Montana,2025-04-06,control
U09173,fashion_shopper,24,0.15451307484755009,14,Oregon,2025-08-03,control
U09174,fashion_shopper,42,0.28288683393438807,3,Oklahoma,2025-08-05,control
U09175,fashion_shopper,54,0.5421369304730906,6,Wyoming,2023-07-25,control
U09176,fashion_shopper,57,0.43133520922783763,15,Washington,2023-10-11,control
U09177,electronics_buyer,57,0.4698210638195681,23,Washington,2025-01-30,variant_b
U09178,electronics_buyer,60,0.8033026407631053,19,Wyoming,2024-04-12,variant_a
U09179,fashion_shopper,26,0.11321131156096176,4,Wisconsin,2024-08-25,control
U09180,fashion_shopper,36,0.6944427336891149,1,Tennessee,2024-09-10,variant_a
U09181,fashion_shopper,26,0.10009920862164022,27,Utah,2024-06-21,variant_a
U09182,fashion_shopper,40,0.15675267301861934,9,Connecticut,2024-05-10,control
U09183,electronics_buyer,48,0.46745750785386164,23,Wyoming,2024-03-28,variant_b
U09184,electronics_buyer,49,0.8568536678243392,26,Connecticut,2023-10-15,variant_b
U09185,electronics_buyer,48,0.23049618900801444,16,New York,2025-09-08,variant_b
U09186,electronics_buyer,34,0.5991592682157504,23,Kentucky,2025-12-14,variant_b
U09187,fashion_shopper,56,0.7106547041440697,9,Minnesota,2024-11-05,control
U09188,hybrid,39,0.30657959575494453,12,South Carolina,2025-05-19,variant_b
U09189,hybrid,52,0.5610972297426247,14,Texas,2025-06-23,variant_b
U09190,hybrid,47,0.920266554824373,15,California,2025-01-08,variant_b
U09191,fashion_shopper,57,0.5610056728289795,22,North Carolina,2024-01-17,control
U09192,hybrid,54,0.2415907556088832,24,Minnesota,2024-07-19,variant_b
U09193,hybrid,43,0.6650328670187903,21,New Hampshire,2025-12-01,variant_b
U09194,hybrid,23,0.6329801620076626,16,West Virginia,2026-01-28,variant_b
U09195,fashion_shopper,51,0.1242592838183181,8,North Carolina,2023-10-28,control
U09196,electronics_buyer,49,0.18153496517280995,28,Maryland,2026-03-27,variant_b
U09197,hybrid,42,0.2411032196269097,10,Montana,2025-02-16,variant_b
U09198,electronics_buyer,30,0.22266016980568293,14,Rhode Island,2024-07-08,variant_b
U09199,electronics_buyer,55,0.33351919350483983,17,California,2024-07-10,variant_a
U09200,hybrid,55,0.5086947909120112,3,North Carolina,2023-08-24,variant_b
U09201,fashion_shopper,19,0.434544668109086,4,Virginia,2023-09-03,variant_a
U09202,electronics_buyer,22,0.9015849022641372,16,California,2026-03-01,variant_a
U09203,electronics_buyer,28,0.6508984684657033,14,Arizona,2024-11-22,variant_a
U09204,hybrid,28,0.8885299149656588,27,South Dakota,2025-08-14,variant_b
U09205,fashion_shopper,41,0.574335392425839,25,Connecticut,2025-10-31,control
U09206,electronics_buyer,31,0.18088342362040596,24,Massachusetts,2025-03-17,variant_a
U09207,electronics_buyer,62,0.5169587041597914,14,Wisconsin,2023-12-01,variant_b
U09208,electronics_buyer,47,0.8398292921581284,16,New York,2025-06-12,variant_b
U09209,electronics_buyer,57,0.2746933904503973,8,Nebraska,2025-07-12,variant_a
U09210,hybrid,64,0.1820928508773848,18,New York,2024-09-09,variant_b
U09211,hybrid,61,0.39649126450443406,7,Alabama,2024-01-16,variant_b
U09212,fashion_shopper,52,0.45000804757612567,28,Pennsylvania,2024-03-15,control
U09213,fashion_shopper,38,0.37563190876531394,3,Michigan,2026-03-21,variant_a
U09214,fashion_shopper,22,0.2217167070621004,6,Rhode Island,2023-12-15,control
U09215,fashion_shopper,55,0.32575587374954307,20,Delaware,2023-05-24,control
U09216,electronics_buyer,19,0.7140541641418993,16,Arkansas,2025-10-10,variant_a
U09217,hybrid,57,0.44733566466384755,22,Georgia,2025-11-29,variant_b
U09218,hybrid,54,0.6692945001567002,4,Alabama,2026-01-20,variant_b
U09219,fashion_shopper,51,0.5826734019268592,19,Maryland,2025-02-05,control
U09220,fashion_shopper,28,0.5941476458719022,2,Tennessee,2024-08-26,control
U09221,electronics_buyer,53,0.3236946021530164,4,Delaware,2023-12-06,variant_a
U09222,electronics_buyer,28,0.5693887294913634,26,North Dakota,2024-09-08,variant_a
U09223,fashion_shopper,26,0.12123524247688161,2,West Virginia,2024-05-02,control
U09224,hybrid,23,0.48856936809243356,7,Louisiana,2025-07-28,variant_b
U09225,hybrid,51,0.6153605408709236,15,Tennessee,2025-02-21,variant_b
U09226,fashion_shopper,64,0.26379605921869836,17,Ohio,2023-09-01,variant_a
U09227,hybrid,54,0.33090265562405624,14,Florida,2023-12-15,variant_b
U09228,fashion_shopper,49,0.29757791783405746,11,Maryland,2023-09-19,variant_a
U09229,electronics_buyer,29,0.16350215973888177,17,Arizona,2023-12-11,variant_b
U09230,electronics_buyer,62,0.4130715890260811,5,Idaho,2024-08-23,variant_a
U09231,fashion_shopper,49,0.9810691898067455,23,West Virginia,2023-09-25,control
U09232,hybrid,34,0.41849236581724913,14,Florida,2025-08-26,variant_b
U09233,electronics_buyer,21,0.5144829596532781,17,Georgia,2023-08-13,variant_a
U09234,electronics_buyer,59,0.6877785258607377,28,Colorado,2026-03-07,variant_b
U09235,fashion_shopper,50,0.6836479760521964,28,Pennsylvania,2024-03-11,variant_a
U09236,fashion_shopper,60,0.9549054820167617,20,Maine,2024-11-25,control
U09237,fashion_shopper,60,0.8718077263592127,21,Colorado,2023-11-16,control
U09238,electronics_buyer,26,0.8145556183946371,2,New Jersey,2024-07-14,variant_a
U09239,electronics_buyer,51,0.9564645032004795,7,West Virginia,2024-05-12,variant_b
U09240,fashion_shopper,56,0.30768884693485443,4,California,2025-02-18,control
U09241,electronics_buyer,47,0.6553487751596133,8,New Hampshire,2023-06-21,variant_b
U09242,electronics_buyer,37,0.8984770900499407,1,Washington,2026-02-13,variant_b
U09243,electronics_buyer,56,0.6617243424502917,10,Nebraska,2024-12-04,variant_b
U09244,electronics_buyer,40,0.9796784271461826,1,Nebraska,2024-06-10,variant_a
U09245,hybrid,58,0.19031744251574112,1,Alabama,2024-05-04,variant_b
U09246,electronics_buyer,61,0.49539745251388023,4,Utah,2024-03-23,variant_a
U09247,electronics_buyer,52,0.9796266171177725,17,Illinois,2024-11-11,variant_a
U09248,fashion_shopper,40,0.4416112257129332,5,Hawaii,2025-11-19,control
U09249,fashion_shopper,56,0.765600737589374,14,Washington,2023-08-15,control
U09250,fashion_shopper,40,0.12736261097078427,6,Nebraska,2023-06-27,control
U09251,electronics_buyer,54,0.7253534031672817,7,Minnesota,2026-01-27,variant_a
U09252,fashion_shopper,40,0.9411640592748206,8,Illinois,2026-04-06,control
U09253,fashion_shopper,56,0.4444356566710025,24,Ohio,2025-05-21,control
U09254,electronics_buyer,45,0.11916985413423653,18,Delaware,2024-10-28,variant_b
U09255,fashion_shopper,36,0.12511882395593546,28,North Carolina,2025-05-16,control
U09256,fashion_shopper,47,0.90282097513998,4,Tennessee,2025-08-14,control
U09257,fashion_shopper,38,0.7502644963866356,23,Arizona,2024-10-23,control
U09258,electronics_buyer,41,0.19601774580392184,25,New Hampshire,2024-07-18,variant_b
U09259,fashion_shopper,38,0.1491312493460769,25,New York,2024-01-07,control
U09260,electronics_buyer,43,0.8243428272539315,27,Nevada,2024-12-10,variant_a
U09261,electronics_buyer,53,0.8288745695248231,3,Oregon,2026-03-09,variant_a
U09262,electronics_buyer,43,0.2084696558128441,28,Maine,2024-01-05,variant_b
U09263,electronics_buyer,50,0.3713683634997731,23,Maryland,2025-01-20,variant_a
U09264,hybrid,53,0.8020234581165006,4,South Carolina,2024-09-20,variant_b
U09265,fashion_shopper,21,0.5728708638586057,25,Vermont,2023-08-02,control
U09266,fashion_shopper,26,0.9609263746527694,23,Montana,2025-06-05,control
U09267,fashion_shopper,25,0.5329563808114045,16,Illinois,2024-01-06,control
U09268,fashion_shopper,19,0.7092621438089614,13,Kentucky,2024-12-12,control
U09269,fashion_shopper,46,0.5588050291674258,29,Oklahoma,2025-03-11,control
U09270,fashion_shopper,40,0.9486689461165412,22,Tennessee,2024-11-07,control
U09271,electronics_buyer,23,0.458793182860848,25,Florida,2025-05-18,variant_a
U09272,electronics_buyer,60,0.30681680966074004,23,Arkansas,2025-04-12,variant_a
U09273,fashion_shopper,53,0.3939704742528939,11,Iowa,2025-08-09,variant_a
U09274,electronics_buyer,63,0.8674976837487063,24,Florida,2025-06-29,variant_b
U09275,fashion_shopper,38,0.5481447071609201,11,Delaware,2025-01-09,control
U09276,fashion_shopper,39,0.4188270731520152,5,Arkansas,2025-05-21,control
U09277,electronics_buyer,26,0.5898340196285345,20,Georgia,2025-09-28,variant_a
U09278,fashion_shopper,51,0.21990673654915813,1,Utah,2023-11-22,control
U09279,fashion_shopper,43,0.10482337416303648,14,Maryland,2025-02-27,control
U09280,fashion_shopper,18,0.35252621532414175,24,Indiana,2025-12-03,variant_a
U09281,hybrid,53,0.6445051478051881,22,Florida,2024-06-29,variant_b
U09282,electronics_buyer,61,0.7405126926952486,20,Connecticut,2024-07-19,variant_b
U09283,fashion_shopper,22,0.84394986971677,19,Michigan,2024-06-01,control
U09284,hybrid,58,0.9339972034550227,5,Idaho,2024-07-19,variant_b
U09285,electronics_buyer,39,0.47090111226829123,20,Illinois,2023-12-13,variant_b
U09286,electronics_buyer,21,0.7664651196017092,27,Illinois,2026-05-15,variant_a
U09287,hybrid,19,0.1672056371782563,27,Oklahoma,2024-09-26,variant_b
U09288,fashion_shopper,33,0.1517769988948721,23,Idaho,2025-11-19,variant_a
U09289,fashion_shopper,33,0.21231819278754094,6,California,2023-06-02,control
U09290,electronics_buyer,39,0.5037121880476861,19,South Dakota,2023-05-27,variant_a
U09291,electronics_buyer,60,0.29015329464887496,12,Utah,2026-02-06,variant_a
U09292,electronics_buyer,18,0.3582324477440343,26,Massachusetts,2024-03-30,variant_a
U09293,electronics_buyer,32,0.6830921561610723,29,Minnesota,2025-12-20,variant_a
U09294,hybrid,41,0.42266996092256137,27,Massachusetts,2024-07-21,variant_b
U09295,hybrid,21,0.60163440194622,28,Georgia,2026-03-16,variant_b
U09296,hybrid,35,0.471163381062933,14,North Dakota,2024-11-16,variant_b
U09297,hybrid,34,0.2520723299678376,17,Rhode Island,2026-03-24,variant_b
U09298,hybrid,24,0.1666179912303047,7,New Hampshire,2023-12-15,variant_b
U09299,fashion_shopper,62,0.31260834577889907,21,South Carolina,2024-03-24,control
U09300,fashion_shopper,27,0.15193042254193992,1,Delaware,2025-03-21,control
U09301,electronics_buyer,18,0.6567507639008262,17,Florida,2025-08-24,variant_a
U09302,hybrid,19,0.8161458413194903,6,Michigan,2023-09-16,variant_b
U09303,electronics_buyer,39,0.40576669141366073,4,North Carolina,2023-12-30,variant_a
U09304,electronics_buyer,49,0.4483999498171224,14,Connecticut,2024-06-30,variant_b
U09305,fashion_shopper,46,0.834571956483376,8,Hawaii,2026-03-13,control
U09306,fashion_shopper,52,0.3003516211362043,18,Wisconsin,2024-07-15,control
U09307,electronics_buyer,34,0.2072442386753868,20,Connecticut,2023-06-30,variant_b
U09308,fashion_shopper,29,0.5510063055979778,28,Georgia,2024-10-27,control
U09309,fashion_shopper,41,0.6815711525799134,13,Michigan,2024-03-08,variant_a
U09310,fashion_shopper,47,0.6396889825418314,8,Maine,2025-05-06,control
U09311,fashion_shopper,61,0.7424857407467628,28,Nevada,2025-05-28,variant_a
U09312,electronics_buyer,47,0.1510760639557215,24,Utah,2023-10-29,variant_b
U09313,fashion_shopper,37,0.48538145148253564,16,Oklahoma,2023-09-27,variant_a
U09314,electronics_buyer,59,0.31471347155112384,5,New Hampshire,2023-10-16,variant_a
U09315,fashion_shopper,24,0.7832091335914217,3,North Dakota,2024-05-15,control
U09316,hybrid,59,0.8854574356543147,13,Florida,2025-05-25,variant_b
U09317,fashion_shopper,55,0.3532021667257734,15,New York,2023-12-20,variant_a
U09318,electronics_buyer,24,0.18569627116246745,4,New Jersey,2025-09-05,variant_a
U09319,electronics_buyer,47,0.32808516579225716,3,Utah,2025-09-13,variant_b
U09320,fashion_shopper,29,0.19360764015302773,27,Kentucky,2023-05-21,control
U09321,hybrid,48,0.39017994950210844,2,Colorado,2024-02-25,variant_b
U09322,electronics_buyer,35,0.5843787204896431,4,Delaware,2026-04-09,variant_a
U09323,fashion_shopper,63,0.9763128589583858,25,North Dakota,2024-11-17,variant_a
U09324,fashion_shopper,60,0.45943322891622274,6,Ohio,2024-06-26,control
U09325,hybrid,19,0.298035931469159,4,Montana,2024-11-08,variant_b
U09326,electronics_buyer,50,0.2501215663337516,17,Kansas,2026-01-10,variant_b
U09327,fashion_shopper,28,0.2557357895248084,7,Delaware,2024-12-01,control
U09328,fashion_shopper,51,0.2733379149353133,18,Connecticut,2025-09-04,control
U09329,hybrid,33,0.7860403202837023,28,Wyoming,2026-02-04,variant_b
U09330,electronics_buyer,52,0.15492494028917794,22,Utah,2024-05-05,variant_b
U09331,electronics_buyer,50,0.9976624362487307,10,Colorado,2026-04-19,variant_b
U09332,fashion_shopper,38,0.5704177520496351,17,Florida,2024-09-16,variant_a
U09333,electronics_buyer,37,0.5898447048707431,29,South Dakota,2024-12-27,variant_b
U09334,fashion_shopper,25,0.4218074908296443,23,Missouri,2025-11-21,variant_a
U09335,fashion_shopper,43,0.7212298234709084,4,Utah,2025-06-06,control
U09336,electronics_buyer,50,0.524310706792718,27,Oklahoma,2025-05-29,variant_a
U09337,hybrid,43,0.39615515646809485,19,Oregon,2025-01-22,variant_b
U09338,fashion_shopper,54,0.33862456333723856,26,Texas,2023-12-08,control
U09339,electronics_buyer,47,0.9330860862399336,7,Mississippi,2026-04-26,variant_a
U09340,electronics_buyer,48,0.3618905635471782,13,Michigan,2024-10-15,variant_b
U09341,electronics_buyer,50,0.4927539334868578,3,Florida,2025-04-07,variant_a
U09342,hybrid,28,0.4153072619048215,8,West Virginia,2024-03-25,variant_b
U09343,electronics_buyer,58,0.17756094468523237,11,Iowa,2026-01-12,variant_b
U09344,fashion_shopper,22,0.26734095503404043,16,Arkansas,2023-09-14,control
U09345,hybrid,19,0.27055177779374384,20,Florida,2026-02-16,variant_b
U09346,electronics_buyer,30,0.7242845629506893,19,Minnesota,2025-11-02,variant_b
U09347,hybrid,35,0.4659268689692283,23,Mississippi,2023-09-29,variant_b
U09348,electronics_buyer,43,0.8037708067635928,23,Georgia,2026-03-04,variant_a
U09349,hybrid,42,0.7380558319007413,9,Nevada,2023-07-11,variant_b
U09350,fashion_shopper,61,0.2728447897564339,10,New York,2025-06-08,control
U09351,fashion_shopper,31,0.6066252281080906,23,Arizona,2025-11-08,variant_a
U09352,hybrid,22,0.7686179614439225,6,Connecticut,2025-03-13,variant_b
U09353,fashion_shopper,59,0.6697386311281507,3,Missouri,2024-07-08,control
U09354,fashion_shopper,19,0.6400148572791828,20,Utah,2024-10-01,control
U09355,electronics_buyer,21,0.7656497986606912,8,Vermont,2023-09-14,variant_b
U09356,hybrid,29,0.1511026653306762,6,Connecticut,2025-03-12,variant_b
U09357,fashion_shopper,28,0.7582797526252896,25,Georgia,2024-09-15,control
U09358,hybrid,21,0.34538973683808555,8,Michigan,2025-03-05,variant_b
U09359,electronics_buyer,60,0.6146850290584187,14,Wyoming,2025-11-15,variant_b
U09360,electronics_buyer,26,0.3180744952268567,8,Hawaii,2024-10-21,variant_a
U09361,hybrid,27,0.8549358149861539,11,Colorado,2023-12-09,variant_b
U09362,fashion_shopper,44,0.5325034188706804,10,Iowa,2024-08-05,variant_a
U09363,fashion_shopper,23,0.6786470908224852,26,Ohio,2025-01-20,control
U09364,fashion_shopper,32,0.8146738391290552,23,Washington,2025-02-24,control
U09365,electronics_buyer,59,0.9057837295642279,10,New Mexico,2026-01-22,variant_a
U09366,electronics_buyer,48,0.758855887362407,11,Rhode Island,2024-12-16,variant_a
U09367,hybrid,39,0.23389171857136518,1,Connecticut,2025-06-26,variant_b
U09368,electronics_buyer,23,0.8690791326272078,15,Iowa,2025-06-06,variant_b
U09369,electronics_buyer,50,0.6567201242789555,5,Missouri,2025-11-13,variant_a
U09370,electronics_buyer,46,0.6485047825422462,14,Pennsylvania,2024-06-23,variant_b
U09371,fashion_shopper,38,0.9292065038244294,23,Rhode Island,2024-08-02,control
U09372,fashion_shopper,47,0.3239484000992948,26,North Carolina,2026-02-20,control
U09373,hybrid,38,0.31562885664463003,25,Kansas,2024-11-24,variant_b
U09374,fashion_shopper,53,0.5618741992254657,28,New Mexico,2025-02-16,control
U09375,fashion_shopper,39,0.7757767598813786,20,Alaska,2025-05-05,control
U09376,electronics_buyer,63,0.5025166374056582,8,Arizona,2025-05-14,variant_b
U09377,fashion_shopper,37,0.670502250903162,17,New York,2025-05-06,variant_a
U09378,hybrid,39,0.507272251800447,4,Nevada,2025-02-08,variant_b
U09379,fashion_shopper,57,0.6493484624382718,4,Massachusetts,2023-12-24,control
U09380,fashion_shopper,28,0.84003607235234,18,New Hampshire,2025-05-15,control
U09381,fashion_shopper,64,0.262429026481831,27,Vermont,2023-11-04,control
U09382,electronics_buyer,48,0.7258406806053856,27,Wisconsin,2024-07-14,variant_a
U09383,fashion_shopper,57,0.8086831654043649,19,New Hampshire,2024-09-15,variant_a
U09384,electronics_buyer,30,0.5024002667336043,3,Oklahoma,2024-10-23,variant_a
U09385,hybrid,35,0.39091021936106884,9,Colorado,2025-07-08,variant_b
U09386,hybrid,39,0.11218989153196188,7,Missouri,2025-11-21,variant_b
U09387,fashion_shopper,34,0.8173945201006841,2,Mississippi,2025-11-13,control
U09388,electronics_buyer,55,0.39514479313238926,9,Alabama,2024-01-05,variant_a
U09389,electronics_buyer,42,0.42157852246724514,24,New Jersey,2026-04-29,variant_a
U09390,hybrid,49,0.40240554678893103,6,Massachusetts,2025-04-13,variant_b
U09391,hybrid,32,0.5488653977311043,6,North Carolina,2025-01-17,variant_b
U09392,fashion_shopper,30,0.7322496158971694,28,Delaware,2023-12-23,control
U09393,electronics_buyer,43,0.7946768179004597,16,New Mexico,2025-06-01,variant_b
U09394,fashion_shopper,28,0.4533136483628425,2,Michigan,2024-11-21,variant_a
U09395,fashion_shopper,30,0.6967918315406522,29,West Virginia,2024-01-04,control
U09396,fashion_shopper,50,0.7486158252441837,16,New Mexico,2026-02-12,control
U09397,electronics_buyer,54,0.3672255985096434,3,Minnesota,2026-04-17,variant_a
U09398,electronics_buyer,55,0.18695932258338394,22,New Jersey,2024-01-08,variant_a
U09399,fashion_shopper,18,0.9051991485800163,16,Oklahoma,2024-03-23,control
U09400,electronics_buyer,56,0.7094043746034336,12,South Dakota,2025-10-28,variant_b
U09401,fashion_shopper,44,0.6832993679886623,3,Pennsylvania,2023-10-14,control
U09402,electronics_buyer,53,0.1530122636907802,11,Nevada,2024-06-02,variant_a
U09403,fashion_shopper,49,0.8360857517535338,11,Nebraska,2023-11-25,control
U09404,fashion_shopper,58,0.6094487404774478,23,New Mexico,2024-09-01,control
U09405,fashion_shopper,32,0.8630959755858095,16,Kentucky,2024-07-01,variant_a
U09406,fashion_shopper,48,0.9771050653630853,5,Montana,2025-04-22,control
U09407,electronics_buyer,23,0.9613902887922179,20,Virginia,2025-05-14,variant_a
U09408,fashion_shopper,42,0.8704804117511867,8,Rhode Island,2023-06-07,control
U09409,electronics_buyer,35,0.10985263644823201,11,West Virginia,2025-07-17,variant_a
U09410,fashion_shopper,39,0.8971544874132609,11,Tennessee,2025-01-29,control
U09411,electronics_buyer,48,0.16755608244488096,18,North Carolina,2025-09-15,variant_b
U09412,electronics_buyer,53,0.8660745731590905,19,Maine,2025-11-29,variant_b
U09413,fashion_shopper,26,0.35215666175046134,10,Louisiana,2025-05-24,control
U09414,electronics_buyer,63,0.6490615046800309,28,Wisconsin,2025-02-18,variant_a
U09415,fashion_shopper,20,0.13426140803489173,4,Florida,2024-06-27,control
U09416,electronics_buyer,50,0.7940635265064052,28,Kansas,2024-02-18,variant_a
U09417,fashion_shopper,44,0.20053551000967434,10,Arizona,2024-06-21,control
U09418,electronics_buyer,60,0.4696193545081947,14,Oregon,2024-03-23,variant_a
U09419,electronics_buyer,18,0.8357014020927712,6,Nebraska,2024-07-19,variant_a
U09420,hybrid,61,0.7258140968575016,5,Montana,2025-10-14,variant_b
U09421,electronics_buyer,26,0.10543842717226022,15,South Dakota,2024-12-19,variant_a
U09422,electronics_buyer,22,0.462729101088294,5,Alabama,2023-12-16,variant_a
U09423,fashion_shopper,32,0.13773476526805722,23,Arkansas,2025-07-31,variant_a
U09424,hybrid,26,0.7061498747366222,24,Wyoming,2025-03-02,variant_b
U09425,electronics_buyer,62,0.9720536425779893,6,Massachusetts,2025-06-19,variant_b
U09426,fashion_shopper,45,0.6897351360706833,19,Maine,2023-06-04,control
U09427,hybrid,30,0.3019351880058002,20,Montana,2025-10-18,variant_b
U09428,fashion_shopper,41,0.4197097288598861,17,Massachusetts,2025-05-15,variant_a
U09429,hybrid,62,0.978985500092621,14,Nebraska,2025-11-24,variant_b
U09430,hybrid,27,0.3016471708291151,11,West Virginia,2026-04-06,variant_b
U09431,fashion_shopper,59,0.6053761657489984,14,Virginia,2024-11-26,control
U09432,electronics_buyer,39,0.4604084278135703,5,Washington,2026-03-05,variant_b
U09433,fashion_shopper,56,0.7914837681353994,13,Delaware,2024-05-20,control
U09434,fashion_shopper,39,0.8806503447818984,12,South Dakota,2024-03-17,control
U09435,fashion_shopper,54,0.4067535469152671,26,Louisiana,2024-10-05,control
U09436,electronics_buyer,56,0.6943567273294443,24,Ohio,2023-07-02,variant_b
U09437,fashion_shopper,37,0.5941429277659546,19,Montana,2023-11-02,control
U09438,fashion_shopper,27,0.35060004104989007,10,West Virginia,2025-12-19,control
U09439,electronics_buyer,27,0.3447467225317016,13,Maine,2025-07-24,variant_b
U09440,fashion_shopper,43,0.5847684827790736,15,North Carolina,2026-05-07,control
U09441,fashion_shopper,42,0.23860258617906982,20,Arizona,2025-11-07,control
U09442,fashion_shopper,45,0.8297289068342243,13,Montana,2026-05-06,control
U09443,fashion_shopper,30,0.16210435528036182,4,South Dakota,2024-02-21,variant_a
U09444,electronics_buyer,32,0.1851170375874847,22,Maryland,2024-08-01,variant_a
U09445,fashion_shopper,23,0.40800367803454085,9,South Carolina,2024-06-13,control
U09446,hybrid,29,0.20628258237742003,26,Wisconsin,2023-12-11,variant_b
U09447,electronics_buyer,36,0.5281300191299433,19,Oregon,2024-08-13,variant_b
U09448,fashion_shopper,49,0.45970830139768337,20,West Virginia,2024-11-01,control
U09449,fashion_shopper,28,0.7496288162971453,22,Idaho,2025-12-13,control
U09450,fashion_shopper,55,0.9577037396887483,22,Massachusetts,2023-10-09,variant_a
U09451,electronics_buyer,50,0.7782027262652134,7,Massachusetts,2023-12-26,variant_a
U09452,fashion_shopper,19,0.2615037965925439,15,Nevada,2024-07-24,control
U09453,fashion_shopper,32,0.9419691569179628,17,Delaware,2024-09-30,control
U09454,hybrid,53,0.4529200892977605,14,Maryland,2024-10-23,variant_b
U09455,fashion_shopper,22,0.5267704248342217,14,Nebraska,2024-07-25,control
U09456,fashion_shopper,32,0.47941861363357197,9,Oregon,2025-01-23,variant_a
U09457,hybrid,60,0.3524923209589471,16,North Carolina,2023-11-04,variant_b
U09458,electronics_buyer,27,0.9055398590177355,2,Alaska,2026-03-23,variant_a
U09459,fashion_shopper,34,0.3990149793069545,14,Mississippi,2025-08-07,variant_a
U09460,electronics_buyer,51,0.6207368227115917,4,Alabama,2023-09-06,variant_b
U09461,fashion_shopper,41,0.3160302259368972,3,Nebraska,2024-11-02,control
U09462,electronics_buyer,27,0.8176378372931623,3,Maine,2024-02-11,variant_b
U09463,electronics_buyer,47,0.7967787935762679,11,Nevada,2025-05-08,variant_a
U09464,hybrid,20,0.3666809246023396,5,Wyoming,2024-01-25,variant_b
U09465,hybrid,54,0.7133986658291083,16,Indiana,2026-03-13,variant_b
U09466,hybrid,20,0.7334861797854547,23,Tennessee,2025-09-13,variant_b
U09467,hybrid,57,0.6062602744942895,29,Colorado,2026-03-01,variant_b
U09468,electronics_buyer,22,0.6405385440445032,28,Alaska,2024-12-17,variant_a
U09469,fashion_shopper,45,0.6170091744617162,23,South Dakota,2025-04-01,variant_a
U09470,electronics_buyer,61,0.17367796359536108,23,Oregon,2023-12-05,variant_a
U09471,electronics_buyer,31,0.7032388102424064,19,Georgia,2025-01-08,variant_b
U09472,hybrid,56,0.5227975088548221,9,Iowa,2025-05-16,variant_b
U09473,fashion_shopper,28,0.4946115524872722,22,Nevada,2023-06-07,control
U09474,hybrid,25,0.8739992969036207,11,Delaware,2025-05-20,variant_b
U09475,hybrid,54,0.12090404211500594,12,Louisiana,2023-08-03,variant_b
U09476,hybrid,25,0.32618342616287965,27,Vermont,2023-12-20,variant_b
U09477,hybrid,29,0.20926314985847172,26,South Dakota,2024-10-09,variant_b
U09478,fashion_shopper,32,0.1318069401487532,27,New Mexico,2024-08-15,control
U09479,fashion_shopper,36,0.3481092979083528,8,Georgia,2026-02-06,control
U09480,fashion_shopper,63,0.9896286455152099,14,Maryland,2023-06-10,control
U09481,fashion_shopper,45,0.3432062558868164,17,Wisconsin,2023-09-14,control
U09482,electronics_buyer,24,0.6973352378161942,20,Kansas,2026-04-25,variant_a
U09483,hybrid,57,0.20646900103664934,15,California,2025-07-12,variant_b
U09484,hybrid,24,0.641662867042507,15,Wisconsin,2024-02-17,variant_b
U09485,electronics_buyer,47,0.986033334824482,23,Tennessee,2025-11-07,variant_a
U09486,fashion_shopper,35,0.36265377111441877,12,Tennessee,2025-12-02,control
U09487,fashion_shopper,41,0.8632680547380245,9,Nevada,2025-12-18,control
U09488,fashion_shopper,23,0.9978142423298819,12,Wisconsin,2024-03-14,control
U09489,fashion_shopper,21,0.6296986798486696,19,North Carolina,2023-09-18,variant_a
U09490,electronics_buyer,20,0.37846099038523184,12,Texas,2026-02-15,variant_a
U09491,fashion_shopper,64,0.7061781339092406,11,Nebraska,2026-03-09,control
U09492,fashion_shopper,23,0.8603633856417569,28,Alaska,2023-09-06,variant_a
U09493,fashion_shopper,43,0.2542152186657805,6,Nevada,2024-09-09,control
U09494,electronics_buyer,61,0.507264187457308,8,Indiana,2025-03-16,variant_a
U09495,electronics_buyer,55,0.3872689391114569,11,Hawaii,2025-08-29,variant_a
U09496,electronics_buyer,28,0.3550230972661419,3,Kansas,2026-03-26,variant_a
U09497,fashion_shopper,46,0.8747391346661554,16,Connecticut,2023-12-12,variant_a
U09498,hybrid,37,0.4794886061396547,6,Montana,2025-03-25,variant_b
U09499,fashion_shopper,27,0.40516870762352153,9,Arkansas,2024-05-11,control
U09500,electronics_buyer,43,0.6431594872834123,9,Colorado,2023-12-09,variant_a
U09501,electronics_buyer,44,0.29746142167364314,6,Wisconsin,2026-03-06,variant_b
U09502,electronics_buyer,31,0.3069041415112711,5,Pennsylvania,2025-04-26,variant_a
U09503,hybrid,53,0.5682598577843542,1,Massachusetts,2023-11-07,variant_b
U09504,fashion_shopper,29,0.4683454557815657,3,North Carolina,2024-05-25,variant_a
U09505,electronics_buyer,40,0.365484145530092,3,Kentucky,2024-03-19,variant_a
U09506,fashion_shopper,38,0.148556019046692,12,Massachusetts,2026-04-12,control
U09507,electronics_buyer,25,0.5686968147746694,4,Arizona,2026-04-06,variant_a
U09508,fashion_shopper,56,0.8349482850409675,21,Kansas,2024-03-15,control
U09509,fashion_shopper,26,0.866239484757452,16,Minnesota,2024-02-13,control
U09510,electronics_buyer,41,0.3118959817534722,11,Pennsylvania,2023-06-10,variant_a
U09511,electronics_buyer,48,0.6396770835527394,8,Arizona,2024-09-01,variant_a
U09512,fashion_shopper,42,0.8702931785166463,29,Kansas,2023-12-31,control
U09513,electronics_buyer,34,0.4678533354486383,27,Texas,2026-01-22,variant_b
U09514,electronics_buyer,59,0.9389231355767756,9,Colorado,2024-07-16,variant_a
U09515,fashion_shopper,46,0.9126806762165977,28,New Mexico,2023-10-14,control
U09516,electronics_buyer,20,0.28732050767692846,14,Florida,2025-02-27,variant_a
U09517,electronics_buyer,38,0.3330683496101834,23,Rhode Island,2025-03-29,variant_b
U09518,electronics_buyer,25,0.26239779878137204,29,North Carolina,2023-06-23,variant_a
U09519,fashion_shopper,31,0.2764489163092321,26,Vermont,2025-05-24,variant_a
U09520,fashion_shopper,56,0.9170758784561482,22,Arizona,2026-04-17,control
U09521,electronics_buyer,33,0.9380241182733606,15,Alaska,2023-10-29,variant_a
U09522,hybrid,35,0.14670751706661786,19,Pennsylvania,2025-10-17,variant_b
U09523,electronics_buyer,48,0.6342430201049843,9,Kentucky,2025-12-24,variant_b
U09524,fashion_shopper,28,0.6078084065718145,26,Colorado,2023-10-28,control
U09525,electronics_buyer,55,0.4514928820520139,17,New Hampshire,2023-07-08,variant_a
U09526,hybrid,37,0.6685278335407963,9,Missouri,2024-04-18,variant_b
U09527,fashion_shopper,63,0.9526310429597651,3,New Jersey,2025-09-11,control
U09528,hybrid,62,0.25322939444993153,25,Illinois,2025-09-15,variant_b
U09529,hybrid,21,0.2083698187448101,16,Arizona,2025-03-15,variant_b
U09530,fashion_shopper,37,0.13005151374607812,13,Ohio,2024-02-23,control
U09531,hybrid,48,0.4274499770561291,26,California,2026-01-07,variant_b
U09532,fashion_shopper,37,0.4038656293700794,17,Indiana,2026-03-09,variant_a
U09533,hybrid,28,0.48773771934277954,24,Nebraska,2023-09-18,variant_b
U09534,fashion_shopper,18,0.552979027792854,22,South Carolina,2026-03-13,variant_a
U09535,fashion_shopper,61,0.7820415946274092,25,Montana,2024-08-12,variant_a
U09536,electronics_buyer,35,0.45290205141176654,4,Maryland,2026-04-06,variant_a
U09537,electronics_buyer,56,0.39755179842511024,28,Utah,2025-06-18,variant_b
U09538,fashion_shopper,61,0.8441909382336642,21,Maryland,2023-07-06,control
U09539,electronics_buyer,50,0.8648170035882907,22,Colorado,2025-05-25,variant_a
U09540,fashion_shopper,53,0.3094893678640179,28,Vermont,2025-05-20,control
U09541,fashion_shopper,35,0.38320464044017755,9,New Mexico,2026-03-03,variant_a
U09542,fashion_shopper,64,0.8426047338190794,22,South Carolina,2025-02-14,variant_a
U09543,electronics_buyer,48,0.17146741986798836,9,Kansas,2023-07-22,variant_a
U09544,fashion_shopper,52,0.39326210235166414,18,Iowa,2024-04-10,control
U09545,fashion_shopper,56,0.503515096336775,14,Vermont,2025-11-24,control
U09546,fashion_shopper,55,0.2683644536805139,20,Wyoming,2024-09-14,control
U09547,fashion_shopper,32,0.2619227769496284,3,California,2026-05-17,control
U09548,electronics_buyer,64,0.4823758522121758,4,South Dakota,2024-12-23,variant_a
U09549,hybrid,23,0.7790695522613701,1,Illinois,2025-04-25,variant_b
U09550,fashion_shopper,25,0.8562096815928647,18,Hawaii,2025-06-26,control
U09551,hybrid,57,0.981311583282556,4,Maryland,2024-09-08,variant_b
U09552,electronics_buyer,39,0.16658564508254714,10,Tennessee,2024-11-30,variant_b
U09553,electronics_buyer,18,0.2950139810313934,4,Colorado,2024-02-11,variant_a
U09554,electronics_buyer,30,0.7809668581457779,21,Nebraska,2024-12-16,variant_a
U09555,hybrid,41,0.5865388354500957,25,California,2025-09-01,variant_b
U09556,fashion_shopper,38,0.39491179656617637,17,Virginia,2024-09-14,control
U09557,electronics_buyer,62,0.2850306951225192,8,New Mexico,2026-01-11,variant_a
U09558,electronics_buyer,60,0.35242979647820327,19,Nevada,2023-09-26,variant_b
U09559,electronics_buyer,21,0.4863600552708568,9,Georgia,2025-10-03,variant_a
U09560,hybrid,24,0.2594360975554295,16,Washington,2026-02-21,variant_b
U09561,fashion_shopper,29,0.9678033602890755,27,Vermont,2023-11-27,control
U09562,electronics_buyer,30,0.19682960013988693,24,Nevada,2025-02-23,variant_b
U09563,electronics_buyer,61,0.9870196910402972,24,West Virginia,2024-10-22,variant_a
U09564,fashion_shopper,33,0.8577039574006053,25,Wisconsin,2025-05-06,variant_a
U09565,fashion_shopper,23,0.4808364557623652,15,New Mexico,2025-06-15,variant_a
U09566,electronics_buyer,31,0.7658347009493891,20,New Jersey,2023-07-19,variant_a
U09567,hybrid,48,0.7043637193267475,16,West Virginia,2023-06-23,variant_b
U09568,electronics_buyer,53,0.2919582261540379,28,Maryland,2025-07-12,variant_a
U09569,hybrid,54,0.4051630775070518,21,Virginia,2024-09-23,variant_b
U09570,fashion_shopper,58,0.5618103065249122,12,New York,2024-05-27,variant_a
U09571,fashion_shopper,52,0.6740597618989542,23,Arizona,2025-08-30,control
U09572,fashion_shopper,27,0.5886054832209594,18,Wisconsin,2025-11-29,control
U09573,fashion_shopper,34,0.5256887149058265,7,Rhode Island,2024-03-16,control
U09574,fashion_shopper,59,0.49883704610941015,16,Ohio,2023-08-15,variant_a
U09575,fashion_shopper,47,0.5484380493655161,28,West Virginia,2025-03-07,control
U09576,electronics_buyer,61,0.49091636786137327,19,Utah,2024-11-28,variant_b
U09577,electronics_buyer,24,0.5871970697911444,6,New Mexico,2025-12-20,variant_b
U09578,fashion_shopper,35,0.8991867691420001,29,Kentucky,2023-07-29,control
U09579,fashion_shopper,36,0.6695463817491505,6,Delaware,2025-01-28,control
U09580,fashion_shopper,32,0.7503587874896861,6,Montana,2025-04-28,control
U09581,electronics_buyer,56,0.6377348203576989,26,Iowa,2023-09-09,variant_a
U09582,fashion_shopper,61,0.678715914172602,15,New Jersey,2026-04-24,control
U09583,fashion_shopper,39,0.6205148456033621,2,Nevada,2023-09-01,control
U09584,hybrid,56,0.12417986997624088,9,Indiana,2024-07-08,variant_b
U09585,hybrid,59,0.9996385439800178,8,Iowa,2024-06-10,variant_b
U09586,fashion_shopper,47,0.130248316191607,7,South Dakota,2024-01-16,control
U09587,fashion_shopper,37,0.45563320741028834,27,Nevada,2024-01-14,variant_a
U09588,fashion_shopper,49,0.19460411046904008,28,New Hampshire,2024-12-22,variant_a
U09589,electronics_buyer,59,0.1872356053968392,28,Texas,2023-08-29,variant_b
U09590,electronics_buyer,42,0.8141742565070352,16,Texas,2025-06-06,variant_a
U09591,fashion_shopper,40,0.4833332014222693,15,Vermont,2024-06-01,control
U09592,electronics_buyer,22,0.8210248374688884,9,Indiana,2026-02-28,variant_b
U09593,fashion_shopper,58,0.34550782361274834,20,Pennsylvania,2023-10-17,variant_a
U09594,fashion_shopper,47,0.3308165126256113,15,Illinois,2024-03-14,control
U09595,fashion_shopper,56,0.32610824363301594,2,Arkansas,2024-01-01,variant_a
U09596,electronics_buyer,44,0.6545310637671273,20,New Mexico,2023-08-12,variant_a
U09597,fashion_shopper,59,0.83349945086104,14,Illinois,2023-11-13,variant_a
U09598,fashion_shopper,54,0.5070349090677165,28,New York,2024-05-21,control
U09599,fashion_shopper,24,0.44132400157697416,26,Delaware,2023-06-04,variant_a
U09600,fashion_shopper,22,0.9762215987814844,11,Tennessee,2026-03-08,control
U09601,electronics_buyer,32,0.20507863241047491,3,California,2025-02-21,variant_b
U09602,fashion_shopper,59,0.5379694138404033,2,Tennessee,2025-11-19,control
U09603,fashion_shopper,25,0.467638977863291,18,New Mexico,2024-05-02,control
U09604,electronics_buyer,26,0.18831393692820136,14,West Virginia,2023-08-04,variant_a
U09605,electronics_buyer,28,0.34138032587939726,24,Maryland,2024-08-02,variant_b
U09606,hybrid,39,0.12559709132120084,29,New York,2024-10-14,variant_b
U09607,electronics_buyer,51,0.8892588600846613,5,New Mexico,2025-11-30,variant_a
U09608,fashion_shopper,52,0.647064576091361,12,California,2024-06-25,control
U09609,electronics_buyer,30,0.8335166480832257,14,South Dakota,2025-05-26,variant_b
U09610,electronics_buyer,28,0.5693990071626909,6,New Hampshire,2023-11-18,variant_b
U09611,fashion_shopper,49,0.639558846479705,8,Georgia,2026-01-04,control
U09612,hybrid,59,0.7307690300282483,7,Virginia,2023-07-07,variant_b
U09613,fashion_shopper,32,0.9172104647177934,7,Wisconsin,2024-04-16,control
U09614,hybrid,55,0.18257669904326118,12,South Carolina,2024-09-04,variant_b
U09615,hybrid,18,0.39785355526215427,29,Alaska,2025-09-30,variant_b
U09616,electronics_buyer,63,0.7381235716300004,7,Louisiana,2026-01-19,variant_b
U09617,hybrid,41,0.9625155067012535,12,Maine,2024-03-25,variant_b
U09618,electronics_buyer,60,0.982726685641005,27,Wyoming,2023-05-31,variant_b
U09619,fashion_shopper,57,0.6742927082235362,16,New Mexico,2023-07-02,control
U09620,fashion_shopper,39,0.27423862997938053,27,South Carolina,2023-07-08,variant_a
U09621,fashion_shopper,20,0.20728802027256105,7,Oklahoma,2025-03-24,control
U09622,fashion_shopper,31,0.9514392798523829,8,New Hampshire,2025-02-03,variant_a
U09623,electronics_buyer,19,0.4905349205162568,1,North Carolina,2025-11-17,variant_b
U09624,fashion_shopper,49,0.2753344299364163,13,Utah,2025-11-18,variant_a
U09625,fashion_shopper,55,0.940503264199841,19,Wyoming,2024-11-14,control
U09626,electronics_buyer,50,0.1940718444078807,1,Missouri,2025-05-20,variant_a
U09627,hybrid,63,0.7566139871713676,24,Iowa,2024-12-04,variant_b
U09628,fashion_shopper,59,0.6627367247890008,18,New Hampshire,2025-02-19,control
U09629,fashion_shopper,23,0.17896119794280266,7,Maine,2024-03-17,variant_a
U09630,fashion_shopper,58,0.40487391607549794,22,Massachusetts,2024-01-23,control
U09631,electronics_buyer,56,0.2349376205860096,27,West Virginia,2024-09-17,variant_b
U09632,fashion_shopper,42,0.6440487332798451,17,North Carolina,2023-12-12,control
U09633,electronics_buyer,51,0.5294017285096859,28,Rhode Island,2023-07-23,variant_a
U09634,fashion_shopper,28,0.10384761219444187,15,Kansas,2025-02-04,control
U09635,fashion_shopper,63,0.9781395096555172,22,Connecticut,2023-09-25,control
U09636,hybrid,54,0.41462618490058634,25,South Dakota,2024-11-16,variant_b
U09637,fashion_shopper,58,0.332383953553345,19,Rhode Island,2024-10-01,control
U09638,fashion_shopper,24,0.30019866021469244,28,Virginia,2023-05-22,variant_a
U09639,fashion_shopper,63,0.24293430655621107,23,Iowa,2025-08-12,control
U09640,electronics_buyer,39,0.9992233685948588,4,Colorado,2025-06-24,variant_a
U09641,electronics_buyer,56,0.3655985210934444,17,New York,2026-03-01,variant_a
U09642,fashion_shopper,27,0.4649621475018535,7,Illinois,2023-11-16,control
U09643,fashion_shopper,38,0.88422032456028,16,Texas,2024-09-04,control
U09644,fashion_shopper,23,0.6776987531885903,17,Arizona,2024-02-15,variant_a
U09645,electronics_buyer,18,0.4318249705707453,27,Nevada,2025-10-05,variant_b
U09646,electronics_buyer,51,0.9084955923314677,20,Utah,2024-03-31,variant_b
U09647,electronics_buyer,31,0.7747517819922402,29,Maine,2024-02-06,variant_a
U09648,electronics_buyer,53,0.3051104567875297,15,Texas,2026-03-23,variant_a
U09649,fashion_shopper,44,0.6793650951399284,9,Idaho,2023-11-27,control
U09650,fashion_shopper,26,0.9301586484631613,21,Alabama,2024-09-25,control
U09651,fashion_shopper,23,0.5468147906053713,23,Pennsylvania,2024-06-29,control
U09652,fashion_shopper,48,0.7602511625485004,13,Georgia,2023-09-15,control
U09653,fashion_shopper,34,0.9739933695902433,7,Kansas,2025-11-21,control
U09654,electronics_buyer,60,0.7213727268056916,28,Indiana,2026-01-06,variant_a
U09655,electronics_buyer,53,0.19219482078947256,19,Kansas,2025-07-05,variant_a
U09656,hybrid,38,0.3201035958381604,29,Iowa,2026-01-22,variant_b
U09657,fashion_shopper,44,0.635586793608384,11,Illinois,2024-05-15,control
U09658,electronics_buyer,58,0.3480002338347155,8,Arizona,2026-02-28,variant_a
U09659,hybrid,45,0.9617875348502258,17,Florida,2023-10-20,variant_b
U09660,electronics_buyer,33,0.4648168306199564,4,Alaska,2024-01-04,variant_a
U09661,fashion_shopper,52,0.5115073651591285,26,New Hampshire,2025-04-11,control
U09662,fashion_shopper,53,0.7314418841231055,4,Mississippi,2025-03-01,control
U09663,fashion_shopper,52,0.5718247582076867,18,New Hampshire,2024-12-01,control
U09664,fashion_shopper,62,0.4439313701998915,22,Maryland,2023-09-06,control
U09665,electronics_buyer,36,0.1689740876391209,17,New Mexico,2024-10-04,variant_b
U09666,fashion_shopper,38,0.6368010305570775,3,Ohio,2026-05-02,control
U09667,fashion_shopper,50,0.8808220277146313,9,Nevada,2023-07-03,control
U09668,electronics_buyer,40,0.7171861975840506,28,West Virginia,2026-04-17,variant_b
U09669,electronics_buyer,23,0.443345509042257,26,South Carolina,2023-06-07,variant_b
U09670,electronics_buyer,49,0.21495345816081646,6,Rhode Island,2023-09-01,variant_a
U09671,electronics_buyer,39,0.8347043682138194,2,Arizona,2024-04-15,variant_b
U09672,fashion_shopper,20,0.9475735260080842,28,North Dakota,2025-06-24,variant_a
U09673,fashion_shopper,52,0.4494456917166383,12,New Hampshire,2025-05-04,control
U09674,fashion_shopper,33,0.7557779702656554,15,Delaware,2025-10-03,variant_a
U09675,electronics_buyer,59,0.4696870959016801,9,Georgia,2023-07-19,variant_a
U09676,hybrid,42,0.5520402449669795,29,Hawaii,2024-08-14,variant_b
U09677,fashion_shopper,34,0.8528287425547687,2,Alaska,2025-09-24,control
U09678,electronics_buyer,56,0.17508190799003823,12,Alaska,2025-03-01,variant_a
U09679,fashion_shopper,30,0.5773018139080346,16,Utah,2024-09-22,control
U09680,electronics_buyer,45,0.2931582472041002,7,Kansas,2025-03-05,variant_a
U09681,fashion_shopper,28,0.4058253509461861,1,Wyoming,2026-05-11,control
U09682,fashion_shopper,27,0.6799859421780469,21,Delaware,2024-02-26,control
U09683,hybrid,56,0.12450557110316353,7,Pennsylvania,2024-06-25,variant_b
U09684,electronics_buyer,41,0.6344425890758464,3,Nebraska,2024-08-13,variant_a
U09685,electronics_buyer,55,0.3550980155083747,20,Maryland,2026-05-15,variant_a
U09686,fashion_shopper,41,0.7025359247272649,5,Wyoming,2023-12-10,control
U09687,fashion_shopper,50,0.2274232167217488,3,Maine,2024-12-02,control
U09688,fashion_shopper,34,0.7622304434345607,15,Oklahoma,2025-06-08,variant_a
U09689,hybrid,61,0.6810757477866803,6,Massachusetts,2024-12-06,variant_b
U09690,hybrid,53,0.9741176495923161,15,Missouri,2024-09-09,variant_b
U09691,fashion_shopper,52,0.9201118269323332,3,Pennsylvania,2025-03-03,variant_a
U09692,fashion_shopper,23,0.35497257687973216,24,Kansas,2026-02-08,variant_a
U09693,hybrid,33,0.12458491545289328,23,Tennessee,2023-12-06,variant_b
U09694,fashion_shopper,62,0.689831705000582,1,Kentucky,2024-03-26,variant_a
U09695,electronics_buyer,45,0.6425986501042052,2,Mississippi,2024-01-01,variant_a
U09696,fashion_shopper,58,0.12468589188980146,4,Minnesota,2024-03-18,control
U09697,electronics_buyer,49,0.21040977628233343,21,Mississippi,2023-12-19,variant_b
U09698,electronics_buyer,43,0.626231534082387,14,Indiana,2024-05-02,variant_a
U09699,hybrid,28,0.9206445376391427,14,Nebraska,2025-04-24,variant_b
U09700,electronics_buyer,42,0.9158502488620662,27,West Virginia,2025-09-06,variant_b
U09701,fashion_shopper,48,0.23633654915086738,10,North Carolina,2023-12-10,control
U09702,electronics_buyer,38,0.44611655176472464,11,Louisiana,2026-03-21,variant_b
U09703,hybrid,62,0.13888257791695663,4,Pennsylvania,2026-05-19,variant_b
U09704,fashion_shopper,20,0.5223446617266362,15,New Hampshire,2025-08-10,variant_a
U09705,fashion_shopper,29,0.7777751137058851,20,Kansas,2024-10-28,control
U09706,fashion_shopper,57,0.8109754402290503,25,Rhode Island,2024-10-04,control
U09707,electronics_buyer,63,0.5490905199369157,4,Louisiana,2025-06-07,variant_a
U09708,fashion_shopper,58,0.18628270723739654,20,Illinois,2025-09-19,variant_a
U09709,electronics_buyer,42,0.4432275776634098,20,Vermont,2026-01-09,variant_a
U09710,fashion_shopper,34,0.938891763976928,16,Missouri,2025-08-31,control
U09711,hybrid,55,0.3066513008677432,2,Pennsylvania,2024-02-23,variant_b
U09712,fashion_shopper,53,0.3877790049214539,13,Minnesota,2026-04-04,control
U09713,fashion_shopper,53,0.7721444579167638,8,Wyoming,2025-09-24,control
U09714,electronics_buyer,36,0.7602227099973443,13,North Carolina,2025-09-27,variant_a
U09715,electronics_buyer,61,0.9209820592224391,20,Maine,2024-09-11,variant_a
U09716,fashion_shopper,19,0.4493068216483379,21,Kentucky,2023-09-23,control
U09717,fashion_shopper,34,0.563138851486862,8,South Dakota,2025-08-31,control
U09718,fashion_shopper,47,0.5206532150984299,4,Oklahoma,2023-07-20,control
U09719,electronics_buyer,64,0.9349769539202077,5,South Dakota,2023-08-27,variant_b
U09720,electronics_buyer,27,0.7923975299421713,21,North Carolina,2023-05-30,variant_b
U09721,electronics_buyer,52,0.8482976018504634,6,West Virginia,2024-10-23,variant_a
U09722,electronics_buyer,53,0.2197884419464698,23,Arizona,2025-08-25,variant_b
U09723,electronics_buyer,50,0.8126620235813439,19,Arkansas,2026-04-10,variant_b
U09724,fashion_shopper,18,0.48968088945174726,10,Oklahoma,2023-10-15,control
U09725,hybrid,35,0.1210048145475824,27,Utah,2024-07-25,variant_b
U09726,hybrid,21,0.15407951746895615,3,Ohio,2023-05-25,variant_b
U09727,fashion_shopper,64,0.7101171457613601,13,South Carolina,2024-11-01,control
U09728,fashion_shopper,44,0.43481119703137294,9,Tennessee,2023-07-09,control
U09729,fashion_shopper,42,0.8813040159011324,17,Arizona,2023-11-23,control
U09730,fashion_shopper,45,0.7608458204882798,10,Rhode Island,2024-11-06,control
U09731,electronics_buyer,39,0.1195120105002656,12,New York,2024-01-03,variant_b
U09732,electronics_buyer,59,0.7181994806524018,13,Alabama,2024-01-12,variant_a
U09733,electronics_buyer,42,0.27311722545912065,24,Oklahoma,2025-08-24,variant_b
U09734,electronics_buyer,34,0.48032431183352087,10,Utah,2025-08-27,variant_b
U09735,electronics_buyer,61,0.6622616819106665,19,Utah,2025-11-22,variant_a
U09736,electronics_buyer,29,0.8854460571661236,21,Texas,2024-12-02,variant_b
U09737,fashion_shopper,33,0.5104880995527453,19,Colorado,2025-11-02,control
U09738,fashion_shopper,54,0.827641408772021,26,Idaho,2024-01-02,control
U09739,electronics_buyer,33,0.8046690965205695,17,Virginia,2023-07-21,variant_a
U09740,fashion_shopper,34,0.4730846615661325,26,Connecticut,2024-09-22,control
U09741,fashion_shopper,48,0.5508821470896126,5,New York,2025-07-22,control
U09742,hybrid,32,0.7304365090448318,8,Minnesota,2023-06-26,variant_b
U09743,electronics_buyer,30,0.12803359118224575,5,Indiana,2025-06-24,variant_b
U09744,fashion_shopper,57,0.9017302724193214,15,Montana,2025-01-06,control
U09745,electronics_buyer,44,0.7928345434939241,4,North Carolina,2025-04-18,variant_b
U09746,electronics_buyer,38,0.32447429326209737,25,North Dakota,2023-10-17,variant_b
U09747,fashion_shopper,19,0.983061957870078,13,Michigan,2025-02-15,control
U09748,fashion_shopper,25,0.2614513173306569,17,Connecticut,2023-08-10,control
U09749,hybrid,59,0.9226780063339616,5,New Jersey,2025-10-08,variant_b
U09750,fashion_shopper,24,0.3920261124908,1,Montana,2024-06-13,variant_a
U09751,fashion_shopper,27,0.7868320391477223,22,South Carolina,2025-04-23,control
U09752,electronics_buyer,21,0.5107389339231506,15,Arkansas,2025-12-26,variant_a
U09753,electronics_buyer,60,0.762820648705002,10,Virginia,2023-12-01,variant_b
U09754,fashion_shopper,58,0.24020474314542964,25,Oregon,2026-01-11,control
U09755,fashion_shopper,53,0.3425558125478345,11,Iowa,2025-12-15,control
U09756,fashion_shopper,52,0.18987204202482305,18,New Mexico,2023-11-06,control
U09757,hybrid,60,0.8786295832940229,29,Michigan,2024-07-20,variant_b
U09758,fashion_shopper,20,0.3666636889925494,13,Oregon,2025-06-11,control
U09759,electronics_buyer,35,0.7250286064749971,20,Oregon,2026-05-04,variant_a
U09760,hybrid,63,0.8381990779673754,24,Oregon,2025-11-03,variant_b
U09761,fashion_shopper,60,0.9112764127414114,16,Maine,2025-06-25,control
U09762,hybrid,41,0.19566740378054603,19,Alaska,2023-11-29,variant_b
U09763,hybrid,49,0.9037134401613512,23,Ohio,2025-04-07,variant_b
U09764,hybrid,51,0.2775274999576475,12,Wisconsin,2025-09-04,variant_b
U09765,fashion_shopper,19,0.7632118104318654,23,Oklahoma,2024-02-16,control
U09766,electronics_buyer,19,0.7559641174281501,14,South Dakota,2023-08-10,variant_a
U09767,electronics_buyer,27,0.10765282756685882,2,Tennessee,2026-03-31,variant_b
U09768,hybrid,40,0.2985615174792288,28,Tennessee,2023-06-01,variant_b
U09769,fashion_shopper,32,0.5427176631983806,10,Delaware,2023-05-31,control
U09770,electronics_buyer,29,0.47803123599695396,4,New Hampshire,2024-07-24,variant_b
U09771,fashion_shopper,60,0.9267161318961487,1,New Mexico,2023-08-03,control
U09772,fashion_shopper,34,0.42376678255227085,24,Arizona,2025-11-22,control
U09773,fashion_shopper,35,0.9432853433523661,26,Massachusetts,2025-02-11,variant_a
U09774,electronics_buyer,31,0.513486386553278,26,New Jersey,2025-11-08,variant_b
U09775,electronics_buyer,34,0.9679176069761491,25,Michigan,2025-01-14,variant_a
U09776,electronics_buyer,32,0.7636193290223751,17,Arkansas,2023-06-14,variant_a
U09777,hybrid,29,0.8464011324689403,11,North Dakota,2026-04-22,variant_b
U09778,fashion_shopper,33,0.19438919951410089,7,Utah,2024-08-01,variant_a
U09779,electronics_buyer,49,0.627527289918131,17,Michigan,2024-06-04,variant_a
U09780,fashion_shopper,40,0.22843032384641573,28,Tennessee,2025-12-21,variant_a
U09781,fashion_shopper,55,0.36785890184587666,17,California,2025-11-25,variant_a
U09782,electronics_buyer,51,0.6612088655505413,9,Michigan,2026-02-21,variant_b
U09783,hybrid,51,0.7536031342245018,10,Alaska,2024-09-30,variant_b
U09784,electronics_buyer,33,0.13526540381012575,26,Nevada,2023-11-14,variant_a
U09785,electronics_buyer,51,0.5778493579651283,6,Kansas,2024-12-07,variant_b
U09786,fashion_shopper,57,0.6087825876608978,17,Ohio,2026-04-27,control
U09787,fashion_shopper,24,0.17094519739918107,16,Colorado,2023-11-12,control
U09788,electronics_buyer,50,0.5506192307806872,7,New Mexico,2024-03-27,variant_a
U09789,fashion_shopper,21,0.7424580520448438,19,Kansas,2023-08-16,control
U09790,fashion_shopper,60,0.1479045563879779,26,Mississippi,2024-06-17,control
U09791,electronics_buyer,24,0.7842409986915658,4,Arizona,2025-09-22,variant_a
U09792,fashion_shopper,35,0.6187838544137232,20,Ohio,2025-03-15,control
U09793,fashion_shopper,21,0.8499044874446118,24,West Virginia,2024-05-17,control
U09794,electronics_buyer,28,0.29625631556866294,17,Michigan,2025-05-07,variant_a
U09795,electronics_buyer,60,0.8499463157918066,24,Nebraska,2026-04-19,variant_a
U09796,hybrid,37,0.1851048777407212,9,New Hampshire,2025-01-29,variant_b
U09797,electronics_buyer,28,0.46344672680020427,11,Virginia,2025-05-22,variant_a
U09798,fashion_shopper,32,0.2795363123721837,23,Maine,2025-08-02,variant_a
U09799,hybrid,63,0.8884187490617867,1,Texas,2024-10-29,variant_b
U09800,electronics_buyer,34,0.7344278346715964,7,Arizona,2024-04-19,variant_b
U09801,fashion_shopper,51,0.12282559944465538,22,Oregon,2025-09-04,control
U09802,fashion_shopper,29,0.10857102005256052,5,South Carolina,2023-12-22,control
U09803,electronics_buyer,59,0.3621243290335028,5,Alaska,2025-01-21,variant_b
U09804,electronics_buyer,45,0.22895480285250885,1,Alabama,2024-08-02,variant_a
U09805,electronics_buyer,52,0.6672740298041763,6,Oregon,2025-02-08,variant_b
U09806,electronics_buyer,25,0.6974172404943038,13,Mississippi,2024-04-09,variant_b
U09807,electronics_buyer,44,0.9477558132952307,15,Tennessee,2023-12-09,variant_a
U09808,hybrid,39,0.9568359320912567,4,Virginia,2024-03-15,variant_b
U09809,electronics_buyer,41,0.693007034870211,17,Minnesota,2024-07-26,variant_a
U09810,fashion_shopper,19,0.10510760156743786,28,Vermont,2023-11-26,control
U09811,hybrid,48,0.42309812491265286,24,North Dakota,2024-08-05,variant_b
U09812,fashion_shopper,39,0.5618273619225396,24,New York,2023-11-24,control
U09813,electronics_buyer,18,0.5492617808576193,28,Arkansas,2024-08-20,variant_b
U09814,hybrid,31,0.6430065665520039,13,Louisiana,2023-08-10,variant_b
U09815,electronics_buyer,42,0.9644963345242844,11,North Dakota,2025-09-24,variant_b
U09816,electronics_buyer,53,0.8966734227596385,4,Kansas,2024-09-27,variant_a
U09817,electronics_buyer,53,0.19801723010543945,29,Iowa,2024-03-28,variant_a
U09818,fashion_shopper,58,0.33938235225405394,7,North Carolina,2024-02-09,variant_a
U09819,fashion_shopper,20,0.8497984756776726,19,Maine,2025-12-04,variant_a
U09820,electronics_buyer,22,0.8418762179372863,24,Kentucky,2024-04-09,variant_a
U09821,electronics_buyer,18,0.34783365170950387,7,Rhode Island,2026-04-29,variant_b
U09822,electronics_buyer,36,0.7575292276175076,14,Wyoming,2024-12-16,variant_b
U09823,fashion_shopper,50,0.7048336408460716,21,Rhode Island,2026-03-06,control
U09824,electronics_buyer,59,0.5261715684729654,16,Alabama,2024-02-24,variant_a
U09825,electronics_buyer,47,0.28130945741112645,21,Rhode Island,2026-04-19,variant_b
U09826,electronics_buyer,29,0.8997788628046776,9,Oregon,2025-11-27,variant_a
U09827,electronics_buyer,27,0.7100660658761513,22,Texas,2023-06-30,variant_a
U09828,electronics_buyer,51,0.2520936323905372,22,New York,2023-10-02,variant_b
U09829,electronics_buyer,33,0.7343221103567747,2,Colorado,2023-09-22,variant_a
U09830,fashion_shopper,57,0.7672903476192819,27,Colorado,2024-04-23,variant_a
U09831,hybrid,63,0.8981922566089366,16,New York,2025-05-05,variant_b
U09832,fashion_shopper,46,0.30055532971774146,5,Oregon,2025-08-29,control
U09833,hybrid,32,0.9898786948720659,12,Washington,2025-06-26,variant_b
U09834,fashion_shopper,28,0.2380540802742291,20,New Jersey,2025-10-30,control
U09835,fashion_shopper,61,0.6406200026736247,26,New Mexico,2026-03-19,control
U09836,hybrid,51,0.6914588547461307,15,Illinois,2025-07-22,variant_b
U09837,fashion_shopper,53,0.47705760573927447,3,Idaho,2025-05-28,control
U09838,electronics_buyer,47,0.5275339378933479,9,New Hampshire,2025-11-19,variant_b
U09839,hybrid,52,0.9018190870499236,27,Iowa,2025-08-28,variant_b
U09840,hybrid,26,0.6807468066989157,28,North Dakota,2025-07-13,variant_b
U09841,hybrid,35,0.5473008624112177,7,South Dakota,2025-09-15,variant_b
U09842,fashion_shopper,36,0.2155146061901722,4,Louisiana,2023-07-08,control
U09843,electronics_buyer,56,0.10660386270082117,25,New York,2024-01-22,variant_b
U09844,fashion_shopper,21,0.2124717563366501,9,Rhode Island,2023-07-14,control
U09845,fashion_shopper,23,0.9605661107288548,28,Iowa,2023-10-31,variant_a
U09846,hybrid,50,0.7876781046921977,15,Florida,2023-10-03,variant_b
U09847,fashion_shopper,49,0.970404694759223,23,Texas,2024-07-27,variant_a
U09848,electronics_buyer,33,0.13213783873735468,21,New Hampshire,2023-06-03,variant_a
U09849,electronics_buyer,28,0.7121983634727753,29,Ohio,2024-01-28,variant_a
U09850,electronics_buyer,39,0.1398641737630762,25,Michigan,2024-07-28,variant_a
U09851,hybrid,53,0.8038508219819409,29,Minnesota,2024-11-03,variant_b
U09852,fashion_shopper,40,0.44285515546167487,7,Georgia,2024-12-01,control
U09853,electronics_buyer,43,0.18618882409584536,25,Maine,2023-06-14,variant_a
U09854,hybrid,48,0.6112419776087638,11,Pennsylvania,2026-02-10,variant_b
U09855,electronics_buyer,46,0.3521081769412493,19,Missouri,2023-08-20,variant_a
U09856,fashion_shopper,22,0.6936165476846367,11,Ohio,2025-10-27,control
U09857,electronics_buyer,55,0.6923572835624113,25,Virginia,2025-07-28,variant_a
U09858,fashion_shopper,42,0.7345067267086776,1,Illinois,2023-11-10,control
U09859,fashion_shopper,51,0.9932185708999831,21,Wyoming,2026-04-27,control
U09860,hybrid,29,0.4480279389526649,13,Alaska,2023-06-27,variant_b
U09861,electronics_buyer,39,0.5187839270365908,13,Oregon,2023-07-19,variant_a
U09862,hybrid,26,0.8241505309228068,2,Tennessee,2025-03-26,variant_b
U09863,hybrid,37,0.6205330207196968,17,Utah,2026-03-26,variant_b
U09864,electronics_buyer,46,0.13353148961901967,19,North Carolina,2024-06-03,variant_b
U09865,fashion_shopper,61,0.8587706682338708,23,Wisconsin,2023-11-06,control
U09866,fashion_shopper,46,0.1463488137442369,15,Kentucky,2024-05-10,variant_a
U09867,fashion_shopper,62,0.2537381228426059,19,Michigan,2025-04-22,control
U09868,hybrid,44,0.1918719702767685,10,Maryland,2023-10-13,variant_b
U09869,fashion_shopper,34,0.17013441959300818,10,New York,2024-04-14,control
U09870,fashion_shopper,22,0.12311638777423918,27,Ohio,2024-08-10,control
U09871,electronics_buyer,62,0.14952494257513066,9,Alabama,2026-02-13,variant_a
U09872,fashion_shopper,30,0.498195270260929,19,Connecticut,2025-08-27,control
U09873,fashion_shopper,59,0.3275670429843525,11,Idaho,2025-11-08,control
U09874,electronics_buyer,32,0.21388319507693687,6,Texas,2023-12-23,variant_a
U09875,fashion_shopper,32,0.6928349884538735,2,New York,2025-11-13,control
U09876,fashion_shopper,35,0.3035007195708327,24,Hawaii,2023-08-02,control
U09877,fashion_shopper,19,0.11705423981032852,10,Tennessee,2025-05-06,variant_a
U09878,electronics_buyer,40,0.4765778053905949,15,Idaho,2024-05-05,variant_b
U09879,electronics_buyer,60,0.37938969278047463,5,New Jersey,2024-11-01,variant_a
U09880,fashion_shopper,30,0.3867439882118435,18,Arizona,2023-07-09,variant_a
U09881,electronics_buyer,60,0.5007430253634053,7,Nebraska,2025-06-18,variant_a
U09882,fashion_shopper,21,0.70202253451085,3,Indiana,2024-04-07,variant_a
U09883,hybrid,64,0.6548312080341946,21,Arkansas,2025-09-25,variant_b
U09884,fashion_shopper,42,0.943535448809988,27,Illinois,2023-11-04,control
U09885,electronics_buyer,28,0.5659449996722693,25,Mississippi,2023-11-12,variant_b
U09886,hybrid,59,0.525312918752565,16,Rhode Island,2024-11-07,variant_b
U09887,hybrid,29,0.2920729916952073,17,Oregon,2024-12-07,variant_b
U09888,fashion_shopper,30,0.7798431599633411,2,Maryland,2025-03-05,control
U09889,fashion_shopper,26,0.22669819859285625,16,Alaska,2025-03-06,control
U09890,electronics_buyer,62,0.5420196008384357,21,New Hampshire,2024-05-04,variant_b
U09891,fashion_shopper,55,0.47918997854870005,20,Nevada,2026-02-12,control
U09892,hybrid,23,0.6924707905639629,1,Wyoming,2023-10-05,variant_b
U09893,electronics_buyer,60,0.9258593229609929,14,South Dakota,2025-08-30,variant_b
U09894,electronics_buyer,60,0.9519360323484002,16,Vermont,2024-03-21,variant_b
U09895,fashion_shopper,27,0.2510193404468426,23,Rhode Island,2024-09-08,control
U09896,electronics_buyer,40,0.33563549644046037,9,Vermont,2024-04-10,variant_b
U09897,electronics_buyer,32,0.830471787968236,17,Wisconsin,2024-10-24,variant_b
U09898,hybrid,62,0.5664517862042736,8,Pennsylvania,2025-09-11,variant_b
U09899,fashion_shopper,40,0.5077311115201587,9,Wisconsin,2024-06-07,control
U09900,fashion_shopper,57,0.7395629071426353,2,Mississippi,2023-10-11,control
U09901,fashion_shopper,54,0.6417324573462746,13,Virginia,2025-04-03,variant_a
U09902,fashion_shopper,51,0.9736426489792012,1,Iowa,2025-12-17,control
U09903,electronics_buyer,33,0.6255771870594402,22,Alaska,2025-05-14,variant_a
U09904,hybrid,62,0.519376443712528,7,Texas,2026-01-08,variant_b
U09905,fashion_shopper,58,0.5885356258703581,18,Kansas,2024-01-10,variant_a
U09906,hybrid,64,0.827685835027276,21,Texas,2024-11-15,variant_b
U09907,fashion_shopper,49,0.6514075511066988,5,Louisiana,2024-06-27,control
U09908,fashion_shopper,55,0.682343282248046,7,Oklahoma,2024-09-03,control
U09909,fashion_shopper,57,0.9742949920329328,12,New York,2024-09-28,control
U09910,fashion_shopper,63,0.6565559359829116,27,Washington,2023-12-18,control
U09911,hybrid,22,0.4422567235010858,17,Vermont,2024-11-16,variant_b
U09912,fashion_shopper,34,0.7221934243115169,26,Vermont,2023-11-05,control
U09913,electronics_buyer,39,0.6935134572795802,24,Maryland,2024-08-18,variant_a
U09914,electronics_buyer,56,0.11246287195574373,5,Iowa,2025-08-29,variant_a
U09915,hybrid,58,0.5205963671072499,12,South Carolina,2025-08-12,variant_b
U09916,fashion_shopper,35,0.7686132425941594,19,Arkansas,2023-06-02,control
U09917,fashion_shopper,45,0.549137311949016,13,North Carolina,2025-03-21,control
U09918,fashion_shopper,30,0.8016590223418505,16,New Mexico,2023-08-08,control
U09919,fashion_shopper,59,0.505795326784853,29,Vermont,2024-03-03,variant_a
U09920,fashion_shopper,18,0.9849894378735121,25,Wisconsin,2024-03-18,control
U09921,hybrid,36,0.3636024302834998,27,Illinois,2023-07-01,variant_b
U09922,electronics_buyer,51,0.1829103473314662,19,Oklahoma,2025-06-03,variant_a
U09923,electronics_buyer,21,0.48701062103868764,23,Colorado,2023-08-18,variant_a
U09924,electronics_buyer,60,0.5875381223865271,10,Oregon,2024-12-07,variant_a
U09925,fashion_shopper,20,0.4141843585142153,12,Arkansas,2025-09-18,control
U09926,fashion_shopper,58,0.3180530441061631,7,Maine,2026-04-04,variant_a
U09927,hybrid,27,0.7048528222469401,14,Connecticut,2023-08-14,variant_b
U09928,hybrid,45,0.4394125898706269,10,South Carolina,2025-03-06,variant_b
U09929,hybrid,51,0.6682316761905732,28,New Hampshire,2025-03-25,variant_b
U09930,hybrid,56,0.8011643037388982,8,Idaho,2025-08-11,variant_b
U09931,fashion_shopper,64,0.7849023649840213,15,Maine,2024-08-26,control
U09932,fashion_shopper,36,0.4377783795721222,26,Nevada,2024-06-19,control
U09933,fashion_shopper,59,0.6111084060551573,16,Idaho,2024-12-27,control
U09934,fashion_shopper,63,0.5046924019984682,8,Delaware,2026-03-10,control
U09935,fashion_shopper,53,0.8837247274386942,4,New Hampshire,2025-06-27,control
U09936,electronics_buyer,60,0.8908826318199993,17,Nebraska,2024-06-23,variant_a
U09937,electronics_buyer,20,0.40936742459923314,4,Rhode Island,2023-12-13,variant_b
U09938,hybrid,40,0.18256370309085768,22,Michigan,2024-09-28,variant_b
U09939,electronics_buyer,34,0.25082423499161755,26,Utah,2025-01-03,variant_b
U09940,hybrid,24,0.4303015679177954,11,New York,2024-11-29,variant_b
U09941,fashion_shopper,43,0.6078249592866916,13,New Mexico,2024-03-29,control
U09942,fashion_shopper,60,0.6911083098679863,6,Alaska,2023-12-07,control
U09943,electronics_buyer,35,0.3982339416574002,22,Idaho,2025-08-10,variant_a
U09944,fashion_shopper,63,0.7007492076615872,14,Arkansas,2024-10-03,control
U09945,fashion_shopper,63,0.9439659853063804,28,Minnesota,2023-07-24,control
U09946,fashion_shopper,23,0.6868127144520554,7,Massachusetts,2024-11-02,control
U09947,fashion_shopper,48,0.24270870649991613,12,Wyoming,2025-06-22,control
U09948,electronics_buyer,46,0.6217020216798648,27,Vermont,2024-10-06,variant_a
U09949,fashion_shopper,26,0.5877059650902845,1,Idaho,2024-06-11,variant_a
U09950,electronics_buyer,52,0.8836300998085787,10,Tennessee,2024-11-21,variant_a
U09951,electronics_buyer,34,0.41527274969167693,1,Texas,2025-04-15,variant_b
U09952,fashion_shopper,29,0.48065104905101197,16,Delaware,2025-01-17,variant_a
U09953,fashion_shopper,53,0.6387931499378443,7,Michigan,2026-05-01,control
U09954,fashion_shopper,41,0.5719827805678229,28,Kentucky,2023-09-28,control
U09955,fashion_shopper,27,0.7471149331646568,20,Alabama,2024-09-19,variant_a
U09956,electronics_buyer,47,0.13635009182124624,6,Wyoming,2025-10-04,variant_b
U09957,electronics_buyer,46,0.6071644172862638,22,Delaware,2023-07-27,variant_b
U09958,electronics_buyer,56,0.20950470370348773,25,Maine,2023-08-06,variant_a
U09959,fashion_shopper,27,0.3836880932677492,18,Louisiana,2024-06-01,control
U09960,electronics_buyer,56,0.6954641753791513,20,Arizona,2023-07-07,variant_a
U09961,electronics_buyer,45,0.24167278053295993,4,Nevada,2024-07-19,variant_a
U09962,electronics_buyer,35,0.377957651954166,23,Texas,2024-09-06,variant_a
U09963,electronics_buyer,58,0.7327058345517807,16,Florida,2024-05-16,variant_a
U09964,electronics_buyer,34,0.6857247182741505,1,Indiana,2023-07-21,variant_a
U09965,electronics_buyer,28,0.18193570228876427,21,West Virginia,2025-09-16,variant_a
U09966,electronics_buyer,18,0.6195416441430915,27,Delaware,2023-06-13,variant_b
U09967,fashion_shopper,34,0.2325290157267755,20,California,2024-04-10,control
U09968,electronics_buyer,53,0.3270442408430434,2,New Mexico,2025-06-24,variant_b
U09969,fashion_shopper,53,0.5132901507722009,16,Pennsylvania,2026-02-26,control
U09970,fashion_shopper,63,0.19841214096837023,21,Ohio,2025-06-09,control
U09971,hybrid,26,0.9942822711267101,9,North Dakota,2025-05-12,variant_b
U09972,hybrid,62,0.24883260494860104,15,Wyoming,2024-09-03,variant_b
U09973,fashion_shopper,45,0.8031813655857439,24,Connecticut,2024-10-14,control
U09974,fashion_shopper,50,0.8468549605209025,16,Florida,2025-01-19,variant_a
U09975,fashion_shopper,20,0.9950175729064012,9,Rhode Island,2025-01-09,control
U09976,electronics_buyer,25,0.48578789606704154,7,New Hampshire,2024-01-13,variant_a
U09977,hybrid,23,0.886685068125406,10,Connecticut,2023-12-20,variant_b
U09978,hybrid,23,0.9617854951151659,7,Vermont,2025-12-31,variant_b
U09979,electronics_buyer,46,0.25560473040520043,13,Maryland,2025-02-19,variant_a
U09980,fashion_shopper,54,0.5314924801535794,2,Oklahoma,2024-02-16,variant_a
U09981,electronics_buyer,29,0.15400973697047896,12,California,2024-04-01,variant_a
U09982,fashion_shopper,26,0.6586516108217814,13,Massachusetts,2026-05-04,control
U09983,hybrid,58,0.6232655411709097,3,Illinois,2025-02-06,variant_b
U09984,hybrid,36,0.28371365619687744,11,Idaho,2025-10-13,variant_b
U09985,electronics_buyer,34,0.8181124830047135,26,Kansas,2024-03-16,variant_a
U09986,fashion_shopper,61,0.1335418504871859,8,California,2023-07-25,control
U09987,fashion_shopper,49,0.8256045917148014,11,Massachusetts,2025-12-12,control
U09988,fashion_shopper,52,0.12398076204748065,18,Maine,2026-02-16,control
U09989,hybrid,31,0.6911459309227153,7,Pennsylvania,2024-06-24,variant_b
U09990,electronics_buyer,33,0.17089256252341117,12,Arkansas,2025-09-17,variant_a
U09991,fashion_shopper,38,0.3261029673810907,6,Illinois,2024-11-13,control
U09992,electronics_buyer,29,0.7497220143806522,28,Colorado,2024-09-15,variant_a
U09993,hybrid,41,0.3523643196628481,10,Montana,2025-09-05,variant_b
U09994,fashion_shopper,51,0.5600564638459613,20,Alaska,2023-08-08,control
U09995,hybrid,25,0.9237234425681029,27,Montana,2023-06-20,variant_b
U09996,hybrid,61,0.14467091863292053,15,North Dakota,2024-03-27,variant_b
U09997,hybrid,38,0.8299718143621062,20,Kentucky,2025-07-05,variant_b
U09998,fashion_shopper,25,0.1587447987116406,15,West Virginia,2023-05-21,variant_a
U09999,fashion_shopper,45,0.214115359903009,19,Massachusetts,2025-05-17,control
